YEAR,REGION,STATE,CITIZEN,CITIZEN_COUNTS
2011,11,Connecticut,0,31875
2011,11,Connecticut,1,305
2011,11,Connecticut,2,2369
2011,11,Connecticut,3,1989
2011,11,Maine,0,13061
2011,11,Maine,1,123
2011,11,Maine,2,224
2011,11,Maine,3,157
2011,11,Massachusetts,0,59276
2011,11,Massachusetts,1,601
2011,11,Massachusetts,2,5010
2011,11,Massachusetts,3,4122
2011,11,New Hampshire,0,12827
2011,11,New Hampshire,1,135
2011,11,New Hampshire,2,335
2011,11,New Hampshire,3,287
2011,11,Rhode Island,0,9450
2011,11,Rhode Island,1,87
2011,11,Rhode Island,2,709
2011,11,Rhode Island,3,559
2011,11,Vermont,0,6325
2011,11,Vermont,1,56
2011,11,Vermont,2,132
2011,11,Vermont,3,95
2011,12,New Jersey,0,71387
2011,12,New Jersey,1,671
2011,12,New Jersey,2,9110
2011,12,New Jersey,3,7199
2011,12,New York,0,158637
2011,12,New York,1,1602
2011,12,New York,2,21149
2011,12,New York,3,15786
2011,12,Pennsylvania,0,123259
2011,12,Pennsylvania,1,607
2011,12,Pennsylvania,2,3066
2011,12,Pennsylvania,3,2597
2011,21,Illinois,0,113228
2011,21,Illinois,1,659
2011,21,Illinois,2,6745
2011,21,Illinois,3,6402
2011,21,Indiana,0,63248
2011,21,Indiana,1,295
2011,21,Indiana,2,929
2011,21,Indiana,3,1437
2011,21,Michigan,0,93883
2011,21,Michigan,1,520
2011,21,Michigan,2,2596
2011,21,Michigan,3,2286
2011,21,Ohio,0,113878
2011,21,Ohio,1,539
2011,21,Ohio,2,2147
2011,21,Ohio,3,1859
2011,21,Wisconsin,0,57352
2011,21,Wisconsin,1,245
2011,21,Wisconsin,2,922
2011,21,Wisconsin,3,922
2011,22,Iowa,0,30447
2011,22,Iowa,1,113
2011,22,Iowa,2,351
2011,22,Iowa,3,554
2011,22,Kansas,0,27360
2011,22,Kansas,1,179
2011,22,Kansas,2,539
2011,22,Kansas,3,906
2011,22,Minnesota,0,52347
2011,22,Minnesota,1,178
2011,22,Minnesota,2,1120
2011,22,Minnesota,3,1172
2011,22,Missouri,0,59742
2011,22,Missouri,1,290
2011,22,Missouri,2,845
2011,22,Missouri,3,1233
2011,22,Nebraska,0,17954
2011,22,Nebraska,1,84
2011,22,Nebraska,2,281
2011,22,Nebraska,3,394
2011,22,North Dakota,0,6815
2011,22,North Dakota,1,25
2011,22,North Dakota,2,61
2011,22,North Dakota,3,86
2011,22,South Dakota,0,8190
2011,22,South Dakota,1,38
2011,22,South Dakota,2,69
2011,22,South Dakota,3,119
2011,31,Delaware,0,8283
2011,31,Delaware,1,64
2011,31,Delaware,2,292
2011,31,Delaware,3,355
2011,31,District of Columbia,0,5410
2011,31,District of Columbia,1,92
2011,31,District of Columbia,2,312
2011,31,District of Columbia,3,448
2011,31,Florida,0,156094
2011,31,Florida,1,2003
2011,31,Florida,2,18095
2011,31,Florida,3,15008
2011,31,Georgia,0,86737
2011,31,Georgia,1,824
2011,31,Georgia,2,2890
2011,31,Georgia,3,3947
2011,31,Maryland,0,50561
2011,31,Maryland,1,603
2011,31,Maryland,2,3617
2011,31,Maryland,3,3554
2011,31,North Carolina,0,89857
2011,31,North Carolina,1,654
2011,31,North Carolina,2,2064
2011,31,North Carolina,3,3585
2011,31,South Carolina,0,45308
2011,31,South Carolina,1,277
2011,31,South Carolina,2,678
2011,31,South Carolina,3,1104
2011,31,Virginia,0,73164
2011,31,Virginia,1,1017
2011,31,Virginia,2,3688
2011,31,Virginia,3,3496
2011,31,West Virginia,0,18041
2011,31,West Virginia,1,62
2011,31,West Virginia,2,121
2011,31,West Virginia,3,141
2011,32,Alabama,0,47092
2011,32,Alabama,1,293
2011,32,Alabama,2,489
2011,32,Alabama,3,705
2011,32,Kentucky,0,42946
2011,32,Kentucky,1,207
2011,32,Kentucky,2,479
2011,32,Kentucky,3,674
2011,32,Mississippi,0,28700
2011,32,Mississippi,1,122
2011,32,Mississippi,2,222
2011,32,Mississippi,3,410
2011,32,Tennessee,0,60941
2011,32,Tennessee,1,362
2011,32,Tennessee,2,901
2011,32,Tennessee,3,1388
2011,33,Arkansas,0,28453
2011,33,Arkansas,1,144
2011,33,Arkansas,2,283
2011,33,Arkansas,3,527
2011,33,Louisiana,0,42734
2011,33,Louisiana,1,223
2011,33,Louisiana,2,670
2011,33,Louisiana,3,777
2011,33,Oklahoma,0,35878
2011,33,Oklahoma,1,252
2011,33,Oklahoma,2,571
2011,33,Oklahoma,3,949
2011,33,Texas,0,208462
2011,33,Texas,1,2293
2011,33,Texas,2,12675
2011,33,Texas,3,22106
2011,41,Arizona,0,56426
2011,41,Arizona,1,632
2011,41,Arizona,2,3249
2011,41,Arizona,3,4610
2011,41,Colorado,0,46169
2011,41,Colorado,1,588
2011,41,Colorado,2,1645
2011,41,Colorado,3,2423
2011,41,Idaho,0,14910
2011,41,Idaho,1,105
2011,41,Idaho,2,259
2011,41,Idaho,3,508
2011,41,Montana,0,9714
2011,41,Montana,1,56
2011,41,Montana,2,89
2011,41,Montana,3,106
2011,41,Nevada,0,21241
2011,41,Nevada,1,298
2011,41,Nevada,2,2005
2011,41,Nevada,3,2569
2011,41,New Mexico,0,17894
2011,41,New Mexico,1,170
2011,41,New Mexico,2,637
2011,41,New Mexico,3,1076
2011,41,Utah,0,25795
2011,41,Utah,1,205
2011,41,Utah,2,695
2011,41,Utah,3,1056
2011,41,Wyoming,0,5616
2011,41,Wyoming,1,37
2011,41,Wyoming,2,40
2011,41,Wyoming,3,105
2011,42,Alaska,0,6627
2011,42,Alaska,1,75
2011,42,Alaska,2,173
2011,42,Alaska,3,185
2011,42,California,0,266957
2011,42,California,1,3762
2011,42,California,2,49659
2011,42,California,3,48431
2011,42,Hawaii,0,11523
2011,42,Hawaii,1,278
2011,42,Hawaii,2,1446
2011,42,Hawaii,3,1024
2011,42,Oregon,0,35543
2011,42,Oregon,1,344
2011,42,Oregon,2,1370
2011,42,Oregon,3,1793
2011,42,Washington,0,60957
2011,42,Washington,1,888
2011,42,Washington,2,3992
2011,42,Washington,3,3925
2012,11,Connecticut,0,31667
2012,11,Connecticut,1,290
2012,11,Connecticut,2,2288
2012,11,Connecticut,3,2136
2012,11,Maine,0,12644
2012,11,Maine,1,108
2012,11,Maine,2,221
2012,11,Maine,3,199
2012,11,Massachusetts,0,58584
2012,11,Massachusetts,1,595
2012,11,Massachusetts,2,4987
2012,11,Massachusetts,3,4269
2012,11,New Hampshire,0,12736
2012,11,New Hampshire,1,105
2012,11,New Hampshire,2,333
2012,11,New Hampshire,3,295
2012,11,Rhode Island,0,9368
2012,11,Rhode Island,1,79
2012,11,Rhode Island,2,724
2012,11,Rhode Island,3,584
2012,11,Vermont,0,6256
2012,11,Vermont,1,52
2012,11,Vermont,2,148
2012,11,Vermont,3,97
2012,12,New Jersey,0,70973
2012,12,New Jersey,1,704
2012,12,New Jersey,2,9206
2012,12,New Jersey,3,7120
2012,12,New York,0,156639
2012,12,New York,1,1681
2012,12,New York,2,22086
2012,12,New York,3,15908
2012,12,Pennsylvania,0,122387
2012,12,Pennsylvania,1,619
2012,12,Pennsylvania,2,3045
2012,12,Pennsylvania,3,2554
2012,21,Illinois,0,112786
2012,21,Illinois,1,704
2012,21,Illinois,2,6916
2012,21,Illinois,3,6802
2012,21,Indiana,0,63676
2012,21,Indiana,1,279
2012,21,Indiana,2,929
2012,21,Indiana,3,1486
2012,21,Michigan,0,93151
2012,21,Michigan,1,533
2012,21,Michigan,2,2696
2012,21,Michigan,3,2207
2012,21,Ohio,0,113051
2012,21,Ohio,1,496
2012,21,Ohio,2,2024
2012,21,Ohio,3,1680
2012,21,Wisconsin,0,56495
2012,21,Wisconsin,1,216
2012,21,Wisconsin,2,834
2012,21,Wisconsin,3,939
2012,22,Iowa,0,30406
2012,22,Iowa,1,135
2012,22,Iowa,2,374
2012,22,Iowa,3,543
2012,22,Kansas,0,27549
2012,22,Kansas,1,195
2012,22,Kansas,2,530
2012,22,Kansas,3,865
2012,22,Minnesota,0,51778
2012,22,Minnesota,1,244
2012,22,Minnesota,2,1191
2012,22,Minnesota,3,1141
2012,22,Missouri,0,59455
2012,22,Missouri,1,317
2012,22,Missouri,2,838
2012,22,Missouri,3,1029
2012,22,Nebraska,0,18019
2012,22,Nebraska,1,93
2012,22,Nebraska,2,285
2012,22,Nebraska,3,486
2012,22,North Dakota,0,6948
2012,22,North Dakota,1,55
2012,22,North Dakota,2,46
2012,22,North Dakota,3,73
2012,22,South Dakota,0,8182
2012,22,South Dakota,1,26
2012,22,South Dakota,2,65
2012,22,South Dakota,3,107
2012,31,Delaware,0,8118
2012,31,Delaware,1,67
2012,31,Delaware,2,326
2012,31,Delaware,3,304
2012,31,District of Columbia,0,5408
2012,31,District of Columbia,1,82
2012,31,District of Columbia,2,354
2012,31,District of Columbia,3,459
2012,31,Florida,0,154300
2012,31,Florida,1,1997
2012,31,Florida,2,19033
2012,31,Florida,3,14720
2012,31,Georgia,0,88139
2012,31,Georgia,1,849
2012,31,Georgia,2,3040
2012,31,Georgia,3,4200
2012,31,Maryland,0,50638
2012,31,Maryland,1,579
2012,31,Maryland,2,3764
2012,31,Maryland,3,3436
2012,31,North Carolina,0,90661
2012,31,North Carolina,1,764
2012,31,North Carolina,2,2226
2012,31,North Carolina,3,3769
2012,31,South Carolina,0,45123
2012,31,South Carolina,1,351
2012,31,South Carolina,2,796
2012,31,South Carolina,3,1074
2012,31,Virginia,0,73392
2012,31,Virginia,1,1058
2012,31,Virginia,2,4482
2012,31,Virginia,3,3892
2012,31,West Virginia,0,17959
2012,31,West Virginia,1,74
2012,31,West Virginia,2,131
2012,31,West Virginia,3,126
2012,32,Alabama,0,46314
2012,32,Alabama,1,297
2012,32,Alabama,2,481
2012,32,Alabama,3,727
2012,32,Kentucky,0,43349
2012,32,Kentucky,1,211
2012,32,Kentucky,2,438
2012,32,Kentucky,3,666
2012,32,Mississippi,0,28862
2012,32,Mississippi,1,120
2012,32,Mississippi,2,186
2012,32,Mississippi,3,318
2012,32,Tennessee,0,61556
2012,32,Tennessee,1,399
2012,32,Tennessee,2,938
2012,32,Tennessee,3,1383
2012,33,Arkansas,0,28192
2012,33,Arkansas,1,138
2012,33,Arkansas,2,332
2012,33,Arkansas,3,562
2012,33,Louisiana,0,42906
2012,33,Louisiana,1,228
2012,33,Louisiana,2,666
2012,33,Louisiana,3,808
2012,33,Oklahoma,0,35295
2012,33,Oklahoma,1,224
2012,33,Oklahoma,2,531
2012,33,Oklahoma,3,1046
2012,33,Texas,0,211088
2012,33,Texas,1,2428
2012,33,Texas,2,13402
2012,33,Texas,3,22237
2012,41,Arizona,0,57207
2012,41,Arizona,1,572
2012,41,Arizona,2,3442
2012,41,Arizona,3,4724
2012,41,Colorado,0,46604
2012,41,Colorado,1,635
2012,41,Colorado,2,1824
2012,41,Colorado,3,2259
2012,41,Idaho,0,14475
2012,41,Idaho,1,113
2012,41,Idaho,2,305
2012,41,Idaho,3,400
2012,41,Montana,0,9900
2012,41,Montana,1,63
2012,41,Montana,2,119
2012,41,Montana,3,72
2012,41,Nevada,0,21739
2012,41,Nevada,1,348
2012,41,Nevada,2,2232
2012,41,Nevada,3,2407
2012,41,New Mexico,0,18081
2012,41,New Mexico,1,173
2012,41,New Mexico,2,583
2012,41,New Mexico,3,934
2012,41,Utah,0,26202
2012,41,Utah,1,224
2012,41,Utah,2,715
2012,41,Utah,3,1058
2012,41,Wyoming,0,5622
2012,41,Wyoming,1,44
2012,41,Wyoming,2,69
2012,41,Wyoming,3,89
2012,42,Alaska,0,6523
2012,42,Alaska,1,69
2012,42,Alaska,2,199
2012,42,Alaska,3,155
2012,42,California,0,266349
2012,42,California,1,3807
2012,42,California,2,50327
2012,42,California,3,47564
2012,42,Hawaii,0,11413
2012,42,Hawaii,1,276
2012,42,Hawaii,2,1419
2012,42,Hawaii,3,1046
2012,42,Oregon,0,35401
2012,42,Oregon,1,326
2012,42,Oregon,2,1422
2012,42,Oregon,3,1618
2012,42,Washington,0,60338
2012,42,Washington,1,953
2012,42,Washington,2,4150
2012,42,Washington,3,3860
2013,11,Connecticut,0,31633
2013,11,Connecticut,1,330
2013,11,Connecticut,2,2436
2013,11,Connecticut,3,1983
2013,11,Maine,0,12458
2013,11,Maine,1,134
2013,11,Maine,2,237
2013,11,Maine,3,153
2013,11,Massachusetts,0,58648
2013,11,Massachusetts,1,579
2013,11,Massachusetts,2,5284
2013,11,Massachusetts,3,4214
2013,11,New Hampshire,0,12768
2013,11,New Hampshire,1,118
2013,11,New Hampshire,2,407
2013,11,New Hampshire,3,254
2013,11,Rhode Island,0,9287
2013,11,Rhode Island,1,86
2013,11,Rhode Island,2,726
2013,11,Rhode Island,3,519
2013,11,Vermont,0,6073
2013,11,Vermont,1,67
2013,11,Vermont,2,136
2013,11,Vermont,3,112
2013,12,New Jersey,0,71041
2013,12,New Jersey,1,763
2013,12,New Jersey,2,9533
2013,12,New Jersey,3,7173
2013,12,New York,0,157286
2013,12,New York,1,1636
2013,12,New York,2,21879
2013,12,New York,3,15364
2013,12,Pennsylvania,0,121689
2013,12,Pennsylvania,1,662
2013,12,Pennsylvania,2,3283
2013,12,Pennsylvania,3,2748
2013,21,Illinois,0,113044
2013,21,Illinois,1,744
2013,21,Illinois,2,7391
2013,21,Illinois,3,6891
2013,21,Indiana,0,63653
2013,21,Indiana,1,289
2013,21,Indiana,2,953
2013,21,Indiana,3,1468
2013,21,Michigan,0,93979
2013,21,Michigan,1,517
2013,21,Michigan,2,2700
2013,21,Michigan,3,2245
2013,21,Ohio,0,113565
2013,21,Ohio,1,528
2013,21,Ohio,2,2262
2013,21,Ohio,3,1868
2013,21,Wisconsin,0,56494
2013,21,Wisconsin,1,241
2013,21,Wisconsin,2,852
2013,21,Wisconsin,3,969
2013,22,Iowa,0,30755
2013,22,Iowa,1,118
2013,22,Iowa,2,382
2013,22,Iowa,3,562
2013,22,Kansas,0,27726
2013,22,Kansas,1,197
2013,22,Kansas,2,556
2013,22,Kansas,3,890
2013,22,Minnesota,0,52442
2013,22,Minnesota,1,305
2013,22,Minnesota,2,1218
2013,22,Minnesota,3,1023
2013,22,Missouri,0,59524
2013,22,Missouri,1,293
2013,22,Missouri,2,870
2013,22,Missouri,3,1012
2013,22,Nebraska,0,18012
2013,22,Nebraska,1,108
2013,22,Nebraska,2,289
2013,22,Nebraska,3,426
2013,22,North Dakota,0,7251
2013,22,North Dakota,1,34
2013,22,North Dakota,2,59
2013,22,North Dakota,3,91
2013,22,South Dakota,0,8540
2013,22,South Dakota,1,36
2013,22,South Dakota,2,55
2013,22,South Dakota,3,109
2013,31,Delaware,0,8094
2013,31,Delaware,1,55
2013,31,Delaware,2,322
2013,31,Delaware,3,296
2013,31,District of Columbia,0,5659
2013,31,District of Columbia,1,101
2013,31,District of Columbia,2,349
2013,31,District of Columbia,3,463
2013,31,Florida,0,155001
2013,31,Florida,1,2104
2013,31,Florida,2,19538
2013,31,Florida,3,14391
2013,31,Georgia,0,88014
2013,31,Georgia,1,889
2013,31,Georgia,2,3465
2013,31,Georgia,3,4200
2013,31,Maryland,0,51044
2013,31,Maryland,1,628
2013,31,Maryland,2,4081
2013,31,Maryland,3,3280
2013,31,North Carolina,0,90561
2013,31,North Carolina,1,756
2013,31,North Carolina,2,2288
2013,31,North Carolina,3,3705
2013,31,South Carolina,0,44893
2013,31,South Carolina,1,367
2013,31,South Carolina,2,849
2013,31,South Carolina,3,1096
2013,31,Virginia,0,73691
2013,31,Virginia,1,1145
2013,31,Virginia,2,4625
2013,31,Virginia,3,3583
2013,31,West Virginia,0,17922
2013,31,West Virginia,1,83
2013,31,West Virginia,2,141
2013,31,West Virginia,3,122
2013,32,Alabama,0,46324
2013,32,Alabama,1,297
2013,32,Alabama,2,541
2013,32,Alabama,3,674
2013,32,Kentucky,0,43474
2013,32,Kentucky,1,252
2013,32,Kentucky,2,563
2013,32,Kentucky,3,708
2013,32,Mississippi,0,28945
2013,32,Mississippi,1,126
2013,32,Mississippi,2,253
2013,32,Mississippi,3,324
2013,32,Tennessee,0,62207
2013,32,Tennessee,1,425
2013,32,Tennessee,2,1029
2013,32,Tennessee,3,1487
2013,33,Arkansas,0,28502
2013,33,Arkansas,1,154
2013,33,Arkansas,2,330
2013,33,Arkansas,3,605
2013,33,Louisiana,0,42826
2013,33,Louisiana,1,259
2013,33,Louisiana,2,751
2013,33,Louisiana,3,791
2013,33,Oklahoma,0,35274
2013,33,Oklahoma,1,242
2013,33,Oklahoma,2,586
2013,33,Oklahoma,3,1044
2013,33,Texas,0,214578
2013,33,Texas,1,2633
2013,33,Texas,2,13977
2013,33,Texas,3,22411
2013,41,Arizona,0,58060
2013,41,Arizona,1,657
2013,41,Arizona,2,3277
2013,41,Arizona,3,4538
2013,41,Colorado,0,47258
2013,41,Colorado,1,665
2013,41,Colorado,2,1836
2013,41,Colorado,3,2348
2013,41,Idaho,0,14900
2013,41,Idaho,1,108
2013,41,Idaho,2,314
2013,41,Idaho,3,464
2013,41,Montana,0,9857
2013,41,Montana,1,81
2013,41,Montana,2,93
2013,41,Montana,3,82
2013,41,Nevada,0,21763
2013,41,Nevada,1,312
2013,41,Nevada,2,2360
2013,41,Nevada,3,2313
2013,41,New Mexico,0,17860
2013,41,New Mexico,1,189
2013,41,New Mexico,2,612
2013,41,New Mexico,3,1053
2013,41,Utah,0,26918
2013,41,Utah,1,213
2013,41,Utah,2,805
2013,41,Utah,3,1031
2013,41,Wyoming,0,5633
2013,41,Wyoming,1,36
2013,41,Wyoming,2,65
2013,41,Wyoming,3,94
2013,42,Alaska,0,6384
2013,42,Alaska,1,52
2013,42,Alaska,2,166
2013,42,Alaska,3,146
2013,42,California,0,269483
2013,42,California,1,4023
2013,42,California,2,51616
2013,42,California,3,46281
2013,42,Hawaii,0,11742
2013,42,Hawaii,1,260
2013,42,Hawaii,2,1340
2013,42,Hawaii,3,944
2013,42,Oregon,0,35772
2013,42,Oregon,1,360
2013,42,Oregon,2,1473
2013,42,Oregon,3,1737
2013,42,Washington,0,60689
2013,42,Washington,1,911
2013,42,Washington,2,4101
2013,42,Washington,3,3892
2015,11,Connecticut,0,30918
2015,11,Connecticut,1,342
2015,11,Connecticut,2,2474
2015,11,Connecticut,3,2053
2015,11,Maine,0,12531
2015,11,Maine,1,138
2015,11,Maine,2,223
2015,11,Maine,3,167
2015,11,Massachusetts,0,58320
2015,11,Massachusetts,1,644
2015,11,Massachusetts,2,5406
2015,11,Massachusetts,3,4415
2015,11,New Hampshire,0,12589
2015,11,New Hampshire,1,107
2015,11,New Hampshire,2,390
2015,11,New Hampshire,3,292
2015,11,Rhode Island,0,9247
2015,11,Rhode Island,1,85
2015,11,Rhode Island,2,711
2015,11,Rhode Island,3,520
2015,11,Vermont,0,6057
2015,11,Vermont,1,41
2015,11,Vermont,2,139
2015,11,Vermont,3,89
2015,12,New Jersey,0,70113
2015,12,New Jersey,1,774
2015,12,New Jersey,2,10110
2015,12,New Jersey,3,6818
2015,12,New York,0,154995
2015,12,New York,1,2116
2015,12,New York,2,23308
2015,12,New York,3,15323
2015,12,Pennsylvania,0,121433
2015,12,Pennsylvania,1,662
2015,12,Pennsylvania,2,3309
2015,12,Pennsylvania,3,2741
2015,21,Illinois,0,111803
2015,21,Illinois,1,848
2015,21,Illinois,2,7357
2015,21,Illinois,3,6634
2015,21,Indiana,0,63254
2015,21,Indiana,1,321
2015,21,Indiana,2,1000
2015,21,Indiana,3,1470
2015,21,Michigan,0,92382
2015,21,Michigan,1,541
2015,21,Michigan,2,2891
2015,21,Michigan,3,2194
2015,21,Ohio,0,113301
2015,21,Ohio,1,541
2015,21,Ohio,2,2309
2015,21,Ohio,3,1972
2015,21,Wisconsin,0,56469
2015,21,Wisconsin,1,247
2015,21,Wisconsin,2,921
2015,21,Wisconsin,3,941
2015,22,Iowa,0,30895
2015,22,Iowa,1,126
2015,22,Iowa,2,361
2015,22,Iowa,3,518
2015,22,Kansas,0,27068
2015,22,Kansas,1,192
2015,22,Kansas,2,592
2015,22,Kansas,3,922
2015,22,Minnesota,0,52147
2015,22,Minnesota,1,276
2015,22,Minnesota,2,1220
2015,22,Minnesota,3,1168
2015,22,Missouri,0,59272
2015,22,Missouri,1,360
2015,22,Missouri,2,915
2015,22,Missouri,3,1039
2015,22,Nebraska,0,18188
2015,22,Nebraska,1,105
2015,22,Nebraska,2,331
2015,22,Nebraska,3,465
2015,22,North Dakota,0,7655
2015,22,North Dakota,1,41
2015,22,North Dakota,2,81
2015,22,North Dakota,3,92
2015,22,South Dakota,0,8543
2015,22,South Dakota,1,29
2015,22,South Dakota,2,71
2015,22,South Dakota,3,99
2015,31,Delaware,0,8227
2015,31,Delaware,1,59
2015,31,Delaware,2,351
2015,31,Delaware,3,380
2015,31,District of Columbia,0,5717
2015,31,District of Columbia,1,82
2015,31,District of Columbia,2,381
2015,31,District of Columbia,3,430
2015,31,Florida,0,156972
2015,31,Florida,1,2174
2015,31,Florida,2,20825
2015,31,Florida,3,14577
2015,31,Georgia,0,88810
2015,31,Georgia,1,901
2015,31,Georgia,2,3833
2015,31,Georgia,3,4310
2015,31,Maryland,0,50903
2015,31,Maryland,1,710
2015,31,Maryland,2,4324
2015,31,Maryland,3,3395
2015,31,North Carolina,0,91008
2015,31,North Carolina,1,800
2015,31,North Carolina,2,2761
2015,31,North Carolina,3,3615
2015,31,South Carolina,0,45678
2015,31,South Carolina,1,382
2015,31,South Carolina,2,855
2015,31,South Carolina,3,1108
2015,31,Virginia,0,73515
2015,31,Virginia,1,1208
2015,31,Virginia,2,4990
2015,31,Virginia,3,3759
2015,31,West Virginia,0,17681
2015,31,West Virginia,1,72
2015,31,West Virginia,2,172
2015,31,West Virginia,3,126
2015,32,Alabama,0,45951
2015,32,Alabama,1,309
2015,32,Alabama,2,535
2015,32,Alabama,3,681
2015,32,Kentucky,0,43249
2015,32,Kentucky,1,234
2015,32,Kentucky,2,512
2015,32,Kentucky,3,754
2015,32,Mississippi,0,28798
2015,32,Mississippi,1,137
2015,32,Mississippi,2,254
2015,32,Mississippi,3,411
2015,32,Tennessee,0,62554
2015,32,Tennessee,1,433
2015,32,Tennessee,2,1069
2015,32,Tennessee,3,1493
2015,33,Arkansas,0,28431
2015,33,Arkansas,1,165
2015,33,Arkansas,2,380
2015,33,Arkansas,3,629
2015,33,Louisiana,0,42091
2015,33,Louisiana,1,222
2015,33,Louisiana,2,752
2015,33,Louisiana,3,827
2015,33,Oklahoma,0,35300
2015,33,Oklahoma,1,250
2015,33,Oklahoma,2,601
2015,33,Oklahoma,3,1100
2015,33,Texas,0,218114
2015,33,Texas,1,2832
2015,33,Texas,2,15369
2015,33,Texas,3,22909
2015,41,Arizona,0,58440
2015,41,Arizona,1,769
2015,41,Arizona,2,3587
2015,41,Arizona,3,4218
2015,41,Colorado,0,48669
2015,41,Colorado,1,662
2015,41,Colorado,2,1882
2015,41,Colorado,3,2357
2015,41,Idaho,0,14913
2015,41,Idaho,1,107
2015,41,Idaho,2,269
2015,41,Idaho,3,436
2015,41,Montana,0,9600
2015,41,Montana,1,70
2015,41,Montana,2,91
2015,41,Montana,3,80
2015,41,Nevada,0,21898
2015,41,Nevada,1,372
2015,41,Nevada,2,2501
2015,41,Nevada,3,2217
2015,41,New Mexico,0,17446
2015,41,New Mexico,1,184
2015,41,New Mexico,2,561
2015,41,New Mexico,3,881
2015,41,Utah,0,27261
2015,41,Utah,1,241
2015,41,Utah,2,841
2015,41,Utah,3,947
2015,41,Wyoming,0,5632
2015,41,Wyoming,1,38
2015,41,Wyoming,2,67
2015,41,Wyoming,3,82
2015,42,Alaska,0,6120
2015,42,Alaska,1,86
2015,42,Alaska,2,239
2015,42,Alaska,3,174
2015,42,California,0,271693
2015,42,California,1,4477
2015,42,California,2,53489
2015,42,California,3,45284
2015,42,Hawaii,0,11532
2015,42,Hawaii,1,297
2015,42,Hawaii,2,1386
2015,42,Hawaii,3,909
2015,42,Oregon,0,36422
2015,42,Oregon,1,379
2015,42,Oregon,2,1566
2015,42,Oregon,3,1625
2015,42,Washington,0,62163
2015,42,Washington,1,1025
2015,42,Washington,2,4406
2015,42,Washington,3,4210
2017,11,Connecticut,0,31016
2017,11,Connecticut,1,326
2017,11,Connecticut,2,2561
2017,11,Connecticut,3,2075
2017,11,Maine,0,12060
2017,11,Maine,1,123
2017,11,Maine,2,240
2017,11,Maine,3,160
2017,11,Massachusetts,0,58770
2017,11,Massachusetts,1,760
2017,11,Massachusetts,2,5593
2017,11,Massachusetts,3,4512
2017,11,New Hampshire,0,12807
2017,11,New Hampshire,1,105
2017,11,New Hampshire,2,453
2017,11,New Hampshire,3,343
2017,11,Rhode Island,0,9254
2017,11,Rhode Island,1,95
2017,11,Rhode Island,2,694
2017,11,Rhode Island,3,473
2017,11,Vermont,0,6041
2017,11,Vermont,1,49
2017,11,Vermont,2,146
2017,11,Vermont,3,104
2017,12,New Jersey,0,69676
2017,12,New Jersey,1,754
2017,12,New Jersey,2,10354
2017,12,New Jersey,3,7330
2017,12,New York,0,155918
2017,12,New York,1,2108
2017,12,New York,2,23562
2017,12,New York,3,14997
2017,12,Pennsylvania,0,120331
2017,12,Pennsylvania,1,731
2017,12,Pennsylvania,2,3626
2017,12,Pennsylvania,3,2745
2017,21,Illinois,0,111242
2017,21,Illinois,1,855
2017,21,Illinois,2,7846
2017,21,Illinois,3,6539
2017,21,Indiana,0,63998
2017,21,Indiana,1,317
2017,21,Indiana,2,1142
2017,21,Indiana,3,1547
2017,21,Michigan,0,93327
2017,21,Michigan,1,578
2017,21,Michigan,2,3052
2017,21,Michigan,3,2502
2017,21,Ohio,0,113737
2017,21,Ohio,1,594
2017,21,Ohio,2,2521
2017,21,Ohio,3,1990
2017,21,Wisconsin,0,56988
2017,21,Wisconsin,1,268
2017,21,Wisconsin,2,953
2017,21,Wisconsin,3,850
2017,22,Iowa,0,31290
2017,22,Iowa,1,166
2017,22,Iowa,2,406
2017,22,Iowa,3,594
2017,22,Kansas,0,27681
2017,22,Kansas,1,221
2017,22,Kansas,2,658
2017,22,Kansas,3,814
2017,22,Minnesota,0,52127
2017,22,Minnesota,1,317
2017,22,Minnesota,2,1521
2017,22,Minnesota,3,1196
2017,22,Missouri,0,59512
2017,22,Missouri,1,385
2017,22,Missouri,2,1189
2017,22,Missouri,3,987
2017,22,Nebraska,0,18467
2017,22,Nebraska,1,125
2017,22,Nebraska,2,407
2017,22,Nebraska,3,546
2017,22,North Dakota,0,7634
2017,22,North Dakota,1,49
2017,22,North Dakota,2,94
2017,22,North Dakota,3,115
2017,22,South Dakota,0,8622
2017,22,South Dakota,1,48
2017,22,South Dakota,2,83
2017,22,South Dakota,3,128
2017,31,Delaware,0,8124
2017,31,Delaware,1,67
2017,31,Delaware,2,401
2017,31,Delaware,3,351
2017,31,District of Columbia,0,5542
2017,31,District of Columbia,1,123
2017,31,District of Columbia,2,393
2017,31,District of Columbia,3,507
2017,31,Florida,0,159843
2017,31,Florida,1,2491
2017,31,Florida,2,22450
2017,31,Florida,3,14860
2017,31,Georgia,0,90133
2017,31,Georgia,1,992
2017,31,Georgia,2,4101
2017,31,Georgia,3,4573
2017,31,Maryland,0,50667
2017,31,Maryland,1,704
2017,31,Maryland,2,4560
2017,31,Maryland,3,3532
2017,31,North Carolina,0,93630
2017,31,North Carolina,1,896
2017,31,North Carolina,2,2914
2017,31,North Carolina,3,3793
2017,31,South Carolina,0,46915
2017,31,South Carolina,1,399
2017,31,South Carolina,2,979
2017,31,South Carolina,3,1145
2017,31,Virginia,0,74164
2017,31,Virginia,1,1287
2017,31,Virginia,2,5174
2017,31,Virginia,3,3797
2017,31,West Virginia,0,17384
2017,31,West Virginia,1,82
2017,31,West Virginia,2,149
2017,31,West Virginia,3,143
2017,32,Alabama,0,45914
2017,32,Alabama,1,342
2017,32,Alabama,2,589
2017,32,Alabama,3,800
2017,32,Kentucky,0,43490
2017,32,Kentucky,1,273
2017,32,Kentucky,2,670
2017,32,Kentucky,3,776
2017,32,Mississippi,0,28336
2017,32,Mississippi,1,126
2017,32,Mississippi,2,291
2017,32,Mississippi,3,343
2017,32,Tennessee,0,63363
2017,32,Tennessee,1,438
2017,32,Tennessee,2,1154
2017,32,Tennessee,3,1620
2017,33,Arkansas,0,28722
2017,33,Arkansas,1,194
2017,33,Arkansas,2,397
2017,33,Arkansas,3,708
2017,33,Louisiana,0,42088
2017,33,Louisiana,1,262
2017,33,Louisiana,2,759
2017,33,Louisiana,3,915
2017,33,Oklahoma,0,35180
2017,33,Oklahoma,1,269
2017,33,Oklahoma,2,603
2017,33,Oklahoma,3,1053
2017,33,Texas,0,223103
2017,33,Texas,1,3152
2017,33,Texas,2,16485
2017,33,Texas,3,23102
2017,41,Arizona,0,59898
2017,41,Arizona,1,803
2017,41,Arizona,2,3780
2017,41,Arizona,3,4382
2017,41,Colorado,0,50314
2017,41,Colorado,1,721
2017,41,Colorado,2,2215
2017,41,Colorado,3,2350
2017,41,Idaho,0,15646
2017,41,Idaho,1,146
2017,41,Idaho,2,334
2017,41,Idaho,3,410
2017,41,Montana,0,9932
2017,41,Montana,1,82
2017,41,Montana,2,109
2017,41,Montana,3,98
2017,41,Nevada,0,22980
2017,41,Nevada,1,383
2017,41,Nevada,2,2631
2017,41,Nevada,3,2419
2017,41,New Mexico,0,17379
2017,41,New Mexico,1,175
2017,41,New Mexico,2,656
2017,41,New Mexico,3,811
2017,41,Utah,0,28609
2017,41,Utah,1,238
2017,41,Utah,2,902
2017,41,Utah,3,1155
2017,41,Wyoming,0,5717
2017,41,Wyoming,1,38
2017,41,Wyoming,2,73
2017,41,Wyoming,3,84
2017,42,Alaska,0,6279
2017,42,Alaska,1,94
2017,42,Alaska,2,196
2017,42,Alaska,3,177
2017,42,California,0,274212
2017,42,California,1,4722
2017,42,California,2,55132
2017,42,California,3,43509
2017,42,Hawaii,0,11838
2017,42,Hawaii,1,273
2017,42,Hawaii,2,1478
2017,42,Hawaii,3,844
2017,42,Oregon,0,37446
2017,42,Oregon,1,444
2017,42,Oregon,2,1681
2017,42,Oregon,3,1648
2017,42,Washington,0,64429
2017,42,Washington,1,1026
2017,42,Washington,2,4875
2017,42,Washington,3,4365
2018,11,Connecticut,0,31279
2018,11,Connecticut,1,353
2018,11,Connecticut,2,2651
2018,11,Connecticut,3,2004
2018,11,Maine,0,12737
2018,11,Maine,1,142
2018,11,Maine,2,212
2018,11,Maine,3,184
2018,11,Massachusetts,0,58888
2018,11,Massachusetts,1,760
2018,11,Massachusetts,2,6003
2018,11,Massachusetts,3,4480
2018,11,New Hampshire,0,12922
2018,11,New Hampshire,1,118
2018,11,New Hampshire,2,462
2018,11,New Hampshire,3,278
2018,11,Rhode Island,0,9219
2018,11,Rhode Island,1,93
2018,11,Rhode Island,2,755
2018,11,Rhode Island,3,422
2018,11,Vermont,0,6125
2018,11,Vermont,1,45
2018,11,Vermont,2,167
2018,11,Vermont,3,99
2018,12,New Jersey,0,70131
2018,12,New Jersey,1,857
2018,12,New Jersey,2,10965
2018,12,New Jersey,3,6633
2018,12,New York,0,156202
2018,12,New York,1,2110
2018,12,New York,2,24105
2018,12,New York,3,14550
2018,12,Pennsylvania,0,121860
2018,12,Pennsylvania,1,762
2018,12,Pennsylvania,2,3698
2018,12,Pennsylvania,3,2746
2018,21,Illinois,0,111495
2018,21,Illinois,1,869
2018,21,Illinois,2,7849
2018,21,Illinois,3,6243
2018,21,Indiana,0,64689
2018,21,Indiana,1,350
2018,21,Indiana,2,1178
2018,21,Indiana,3,1463
2018,21,Michigan,0,93451
2018,21,Michigan,1,584
2018,21,Michigan,2,3058
2018,21,Michigan,3,2326
2018,21,Ohio,0,114070
2018,21,Ohio,1,583
2018,21,Ohio,2,2568
2018,21,Ohio,3,1865
2018,21,Wisconsin,0,57700
2018,21,Wisconsin,1,279
2018,21,Wisconsin,2,930
2018,21,Wisconsin,3,924
2018,22,Iowa,0,31154
2018,22,Iowa,1,132
2018,22,Iowa,2,439
2018,22,Iowa,3,637
2018,22,Kansas,0,27883
2018,22,Kansas,1,212
2018,22,Kansas,2,671
2018,22,Kansas,3,801
2018,22,Minnesota,0,52950
2018,22,Minnesota,1,314
2018,22,Minnesota,2,1400
2018,22,Minnesota,3,1119
2018,22,Missouri,0,60065
2018,22,Missouri,1,364
2018,22,Missouri,2,1033
2018,22,Missouri,3,954
2018,22,Nebraska,0,18474
2018,22,Nebraska,1,99
2018,22,Nebraska,2,373
2018,22,Nebraska,3,505
2018,22,North Dakota,0,7603
2018,22,North Dakota,1,66
2018,22,North Dakota,2,96
2018,22,North Dakota,3,111
2018,22,South Dakota,0,8773
2018,22,South Dakota,1,39
2018,22,South Dakota,2,82
2018,22,South Dakota,3,92
2018,31,Delaware,0,8329
2018,31,Delaware,1,61
2018,31,Delaware,2,362
2018,31,Delaware,3,371
2018,31,District of Columbia,0,5607
2018,31,District of Columbia,1,123
2018,31,District of Columbia,2,418
2018,31,District of Columbia,3,401
2018,31,Florida,0,161770
2018,31,Florida,1,2514
2018,31,Florida,2,23376
2018,31,Florida,3,14500
2018,31,Georgia,0,91193
2018,31,Georgia,1,909
2018,31,Georgia,2,4347
2018,31,Georgia,3,4406
2018,31,Maryland,0,51244
2018,31,Maryland,1,742
2018,31,Maryland,2,4573
2018,31,Maryland,3,3281
2018,31,North Carolina,0,94724
2018,31,North Carolina,1,910
2018,31,North Carolina,2,3084
2018,31,North Carolina,3,3805
2018,31,South Carolina,0,47188
2018,31,South Carolina,1,391
2018,31,South Carolina,2,1076
2018,31,South Carolina,3,1163
2018,31,Virginia,0,74405
2018,31,Virginia,1,1239
2018,31,Virginia,2,5414
2018,31,Virginia,3,3697
2018,31,West Virginia,0,17778
2018,31,West Virginia,1,69
2018,31,West Virginia,2,134
2018,31,West Virginia,3,85
2018,32,Alabama,0,46090
2018,32,Alabama,1,338
2018,32,Alabama,2,594
2018,32,Alabama,3,755
2018,32,Kentucky,0,43781
2018,32,Kentucky,1,267
2018,32,Kentucky,2,653
2018,32,Kentucky,3,774
2018,32,Mississippi,0,28317
2018,32,Mississippi,1,148
2018,32,Mississippi,2,304
2018,32,Mississippi,3,355
2018,32,Tennessee,0,64509
2018,32,Tennessee,1,486
2018,32,Tennessee,2,1306
2018,32,Tennessee,3,1649
2018,33,Arkansas,0,29254
2018,33,Arkansas,1,165
2018,33,Arkansas,2,410
2018,33,Arkansas,3,674
2018,33,Louisiana,0,41630
2018,33,Louisiana,1,257
2018,33,Louisiana,2,799
2018,33,Louisiana,3,903
2018,33,Oklahoma,0,35701
2018,33,Oklahoma,1,281
2018,33,Oklahoma,2,660
2018,33,Oklahoma,3,1006
2018,33,Texas,0,225369
2018,33,Texas,1,3171
2018,33,Texas,2,16843
2018,33,Texas,3,22717
2018,41,Arizona,0,61186
2018,41,Arizona,1,776
2018,41,Arizona,2,3990
2018,41,Arizona,3,4038
2018,41,Colorado,0,50994
2018,41,Colorado,1,733
2018,41,Colorado,2,2126
2018,41,Colorado,3,2075
2018,41,Idaho,0,15853
2018,41,Idaho,1,144
2018,41,Idaho,2,342
2018,41,Idaho,3,372
2018,41,Montana,0,10060
2018,41,Montana,1,86
2018,41,Montana,2,111
2018,41,Montana,3,79
2018,41,Nevada,0,23387
2018,41,Nevada,1,396
2018,41,Nevada,2,2800
2018,41,Nevada,3,2344
2018,41,New Mexico,0,17661
2018,41,New Mexico,1,170
2018,41,New Mexico,2,654
2018,41,New Mexico,3,762
2018,41,Utah,0,29318
2018,41,Utah,1,275
2018,41,Utah,2,878
2018,41,Utah,3,1132
2018,41,Wyoming,0,5570
2018,41,Wyoming,1,46
2018,41,Wyoming,2,59
2018,41,Wyoming,3,65
2018,42,Alaska,0,6216
2018,42,Alaska,1,84
2018,42,Alaska,2,241
2018,42,Alaska,3,170
2018,42,California,0,275218
2018,42,California,1,4806
2018,42,California,2,56490
2018,42,California,3,42303
2018,42,Hawaii,0,11683
2018,42,Hawaii,1,292
2018,42,Hawaii,2,1491
2018,42,Hawaii,3,934
2018,42,Oregon,0,38395
2018,42,Oregon,1,425
2018,42,Oregon,2,1701
2018,42,Oregon,3,1596
2018,42,Washington,0,65614
2018,42,Washington,1,1111
2018,42,Washington,2,5069
2018,42,Washington,3,4431
