YEAR,REGION,STATE,EDUC,EDUC_COUNTS
2011,11,Connecticut,0,1924
2011,11,Connecticut,1,2903
2011,11,Connecticut,2,2530
2011,11,Connecticut,3,869
2011,11,Connecticut,4,963
2011,11,Connecticut,5,997
2011,11,Connecticut,6,9988
2011,11,Connecticut,7,4190
2011,11,Connecticut,8,1940
2011,11,Connecticut,10,5758
2011,11,Connecticut,11,4476
2011,11,Maine,0,762
2011,11,Maine,1,853
2011,11,Maine,2,871
2011,11,Maine,3,318
2011,11,Maine,4,347
2011,11,Maine,5,359
2011,11,Maine,6,4854
2011,11,Maine,7,1604
2011,11,Maine,8,944
2011,11,Maine,10,1703
2011,11,Maine,11,950
2011,11,Massachusetts,0,3976
2011,11,Massachusetts,1,5193
2011,11,Massachusetts,2,4699
2011,11,Massachusetts,3,1505
2011,11,Massachusetts,4,1734
2011,11,Massachusetts,5,1668
2011,11,Massachusetts,6,18379
2011,11,Massachusetts,7,7786
2011,11,Massachusetts,8,3904
2011,11,Massachusetts,10,11423
2011,11,Massachusetts,11,8742
2011,11,New Hampshire,0,628
2011,11,New Hampshire,1,945
2011,11,New Hampshire,2,885
2011,11,New Hampshire,3,303
2011,11,New Hampshire,4,338
2011,11,New Hampshire,5,343
2011,11,New Hampshire,6,4094
2011,11,New Hampshire,7,1644
2011,11,New Hampshire,8,964
2011,11,New Hampshire,10,2151
2011,11,New Hampshire,11,1289
2011,11,Rhode Island,0,681
2011,11,Rhode Island,1,804
2011,11,Rhode Island,2,770
2011,11,Rhode Island,3,265
2011,11,Rhode Island,4,338
2011,11,Rhode Island,5,334
2011,11,Rhode Island,6,2976
2011,11,Rhode Island,7,1396
2011,11,Rhode Island,8,644
2011,11,Rhode Island,10,1601
2011,11,Rhode Island,11,996
2011,11,Vermont,0,306
2011,11,Vermont,1,433
2011,11,Vermont,2,461
2011,11,Vermont,3,127
2011,11,Vermont,4,169
2011,11,Vermont,5,144
2011,11,Vermont,6,2114
2011,11,Vermont,7,756
2011,11,Vermont,8,385
2011,11,Vermont,10,1079
2011,11,Vermont,11,634
2011,12,New Jersey,0,5389
2011,12,New Jersey,1,7401
2011,12,New Jersey,2,6532
2011,12,New Jersey,3,1905
2011,12,New Jersey,4,2257
2011,12,New Jersey,5,2693
2011,12,New Jersey,6,25219
2011,12,New Jersey,7,9333
2011,12,New Jersey,8,4219
2011,12,New Jersey,10,14582
2011,12,New Jersey,11,8837
2011,12,New York,0,12655
2011,12,New York,1,14995
2011,12,New York,2,14852
2011,12,New York,3,4839
2011,12,New York,4,5699
2011,12,New York,5,6341
2011,12,New York,6,57036
2011,12,New York,7,21546
2011,12,New York,8,12781
2011,12,New York,10,26288
2011,12,New York,11,20142
2011,12,Pennsylvania,0,7428
2011,12,Pennsylvania,1,9166
2011,12,Pennsylvania,2,8791
2011,12,Pennsylvania,3,3048
2011,12,Pennsylvania,4,4013
2011,12,Pennsylvania,5,4212
2011,12,Pennsylvania,6,48644
2011,12,Pennsylvania,7,13012
2011,12,Pennsylvania,8,7283
2011,12,Pennsylvania,10,14838
2011,12,Pennsylvania,11,9094
2011,21,Illinois,0,7775
2011,21,Illinois,1,10191
2011,21,Illinois,2,9814
2011,21,Illinois,3,2957
2011,21,Illinois,4,3789
2011,21,Illinois,5,4003
2011,21,Illinois,6,38961
2011,21,Illinois,7,15688
2011,21,Illinois,8,7133
2011,21,Illinois,10,16813
2011,21,Illinois,11,9910
2011,21,Indiana,0,4291
2011,21,Indiana,1,5253
2011,21,Indiana,2,4811
2011,21,Indiana,3,1821
2011,21,Indiana,4,2273
2011,21,Indiana,5,2333
2011,21,Indiana,6,23706
2011,21,Indiana,7,7827
2011,21,Indiana,8,3660
2011,21,Indiana,10,6351
2011,21,Indiana,11,3583
2011,21,Michigan,0,5711
2011,21,Michigan,1,7345
2011,21,Michigan,2,6679
2011,21,Michigan,3,2354
2011,21,Michigan,4,3138
2011,21,Michigan,5,3352
2011,21,Michigan,6,33846
2011,21,Michigan,7,13132
2011,21,Michigan,8,6113
2011,21,Michigan,10,10878
2011,21,Michigan,11,6737
2011,21,Ohio,0,7475
2011,21,Ohio,1,8927
2011,21,Ohio,2,8132
2011,21,Ohio,3,2737
2011,21,Ohio,4,3766
2011,21,Ohio,5,4323
2011,21,Ohio,6,42231
2011,21,Ohio,7,14025
2011,21,Ohio,8,6546
2011,21,Ohio,10,12694
2011,21,Ohio,11,7567
2011,21,Wisconsin,0,3382
2011,21,Wisconsin,1,4441
2011,21,Wisconsin,2,4277
2011,21,Wisconsin,3,1182
2011,21,Wisconsin,4,1559
2011,21,Wisconsin,5,1795
2011,21,Wisconsin,6,21540
2011,21,Wisconsin,7,6965
2011,21,Wisconsin,8,4226
2011,21,Wisconsin,10,6679
2011,21,Wisconsin,11,3395
2011,22,Iowa,0,1868
2011,22,Iowa,1,2444
2011,22,Iowa,2,2218
2011,22,Iowa,3,641
2011,22,Iowa,4,788
2011,22,Iowa,5,889
2011,22,Iowa,6,11302
2011,22,Iowa,7,3891
2011,22,Iowa,8,2460
2011,22,Iowa,10,3495
2011,22,Iowa,11,1469
2011,22,Kansas,0,1972
2011,22,Kansas,1,2377
2011,22,Kansas,2,2228
2011,22,Kansas,3,576
2011,22,Kansas,4,753
2011,22,Kansas,5,869
2011,22,Kansas,6,9141
2011,22,Kansas,7,3919
2011,22,Kansas,8,1663
2011,22,Kansas,10,3641
2011,22,Kansas,11,1845
2011,22,Minnesota,0,3371
2011,22,Minnesota,1,4321
2011,22,Minnesota,2,3852
2011,22,Minnesota,3,1055
2011,22,Minnesota,4,1301
2011,22,Minnesota,5,1461
2011,22,Minnesota,6,17131
2011,22,Minnesota,7,7370
2011,22,Minnesota,8,4303
2011,22,Minnesota,10,7317
2011,22,Minnesota,11,3335
2011,22,Missouri,0,3843
2011,22,Missouri,1,4777
2011,22,Missouri,2,4685
2011,22,Missouri,3,1594
2011,22,Missouri,4,2191
2011,22,Missouri,5,2227
2011,22,Missouri,6,21166
2011,22,Missouri,7,7730
2011,22,Missouri,8,3061
2011,22,Missouri,10,6784
2011,22,Missouri,11,4052
2011,22,Nebraska,0,1156
2011,22,Nebraska,1,1514
2011,22,Nebraska,2,1333
2011,22,Nebraska,3,393
2011,22,Nebraska,4,468
2011,22,Nebraska,5,502
2011,22,Nebraska,6,6065
2011,22,Nebraska,7,2487
2011,22,Nebraska,8,1416
2011,22,Nebraska,10,2402
2011,22,Nebraska,11,977
2011,22,North Dakota,0,409
2011,22,North Dakota,1,510
2011,22,North Dakota,2,565
2011,22,North Dakota,3,153
2011,22,North Dakota,4,194
2011,22,North Dakota,5,160
2011,22,North Dakota,6,2175
2011,22,North Dakota,7,1028
2011,22,North Dakota,8,663
2011,22,North Dakota,10,885
2011,22,North Dakota,11,245
2011,22,South Dakota,0,540
2011,22,South Dakota,1,669
2011,22,South Dakota,2,671
2011,22,South Dakota,3,177
2011,22,South Dakota,4,223
2011,22,South Dakota,5,224
2011,22,South Dakota,6,2880
2011,22,South Dakota,7,1155
2011,22,South Dakota,8,597
2011,22,South Dakota,10,909
2011,22,South Dakota,11,371
2011,31,Delaware,0,521
2011,31,Delaware,1,735
2011,31,Delaware,2,579
2011,31,Delaware,3,195
2011,31,Delaware,4,278
2011,31,Delaware,5,283
2011,31,Delaware,6,2885
2011,31,Delaware,7,1081
2011,31,Delaware,8,484
2011,31,Delaware,10,1162
2011,31,Delaware,11,791
2011,31,District of Columbia,0,319
2011,31,District of Columbia,1,383
2011,31,District of Columbia,2,295
2011,31,District of Columbia,3,121
2011,31,District of Columbia,4,164
2011,31,District of Columbia,5,178
2011,31,District of Columbia,6,1316
2011,31,District of Columbia,7,764
2011,31,District of Columbia,8,160
2011,31,District of Columbia,10,1187
2011,31,District of Columbia,11,1375
2011,31,Florida,0,10759
2011,31,Florida,1,13981
2011,31,Florida,2,13593
2011,31,Florida,3,4773
2011,31,Florida,4,5489
2011,31,Florida,5,6008
2011,31,Florida,6,61239
2011,31,Florida,7,23452
2011,31,Florida,8,13098
2011,31,Florida,10,24582
2011,31,Florida,11,14226
2011,31,Georgia,0,6323
2011,31,Georgia,1,8021
2011,31,Georgia,2,7589
2011,31,Georgia,3,2965
2011,31,Georgia,4,3468
2011,31,Georgia,5,3534
2011,31,Georgia,6,28875
2011,31,Georgia,7,11605
2011,31,Georgia,8,4347
2011,31,Georgia,10,11074
2011,31,Georgia,11,6597
2011,31,Maryland,0,3407
2011,31,Maryland,1,4299
2011,31,Maryland,2,3980
2011,31,Maryland,3,1386
2011,31,Maryland,4,1646
2011,31,Maryland,5,1844
2011,31,Maryland,6,15994
2011,31,Maryland,7,6860
2011,31,Maryland,8,2743
2011,31,Maryland,10,8856
2011,31,Maryland,11,7320
2011,31,North Carolina,0,6267
2011,31,North Carolina,1,7452
2011,31,North Carolina,2,7457
2011,31,North Carolina,3,2924
2011,31,North Carolina,4,3469
2011,31,North Carolina,5,3278
2011,31,North Carolina,6,28527
2011,31,North Carolina,7,12633
2011,31,North Carolina,8,5997
2011,31,North Carolina,10,11934
2011,31,North Carolina,11,6222
2011,31,South Carolina,0,3042
2011,31,South Carolina,1,3639
2011,31,South Carolina,2,3606
2011,31,South Carolina,3,1386
2011,31,South Carolina,4,1738
2011,31,South Carolina,5,1781
2011,31,South Carolina,6,15082
2011,31,South Carolina,7,6044
2011,31,South Carolina,8,2937
2011,31,South Carolina,10,5190
2011,31,South Carolina,11,2922
2011,31,Virginia,0,4995
2011,31,Virginia,1,6279
2011,31,Virginia,2,6090
2011,31,Virginia,3,1902
2011,31,Virginia,4,2458
2011,31,Virginia,5,2494
2011,31,Virginia,6,22440
2011,31,Virginia,7,10200
2011,31,Virginia,8,4189
2011,31,Virginia,10,11941
2011,31,Virginia,11,8377
2011,31,West Virginia,0,1040
2011,31,West Virginia,1,1186
2011,31,West Virginia,2,1478
2011,31,West Virginia,3,582
2011,31,West Virginia,4,696
2011,31,West Virginia,5,631
2011,31,West Virginia,6,7249
2011,31,West Virginia,7,2034
2011,31,West Virginia,8,879
2011,31,West Virginia,10,1609
2011,31,West Virginia,11,981
2011,32,Alabama,0,3143
2011,32,Alabama,1,3610
2011,32,Alabama,2,3905
2011,32,Alabama,3,1561
2011,32,Alabama,4,1999
2011,32,Alabama,5,1989
2011,32,Alabama,6,15709
2011,32,Alabama,7,6389
2011,32,Alabama,8,2608
2011,32,Alabama,10,4745
2011,32,Alabama,11,2921
2011,32,Kentucky,0,2832
2011,32,Kentucky,1,3465
2011,32,Kentucky,2,4114
2011,32,Kentucky,3,1340
2011,32,Kentucky,4,1595
2011,32,Kentucky,5,1568
2011,32,Kentucky,6,15055
2011,32,Kentucky,7,5212
2011,32,Kentucky,8,2265
2011,32,Kentucky,10,4002
2011,32,Kentucky,11,2858
2011,32,Mississippi,0,2086
2011,32,Mississippi,1,2497
2011,32,Mississippi,2,2601
2011,32,Mississippi,3,955
2011,32,Mississippi,4,1211
2011,32,Mississippi,5,1270
2011,32,Mississippi,6,8985
2011,32,Mississippi,7,3955
2011,32,Mississippi,8,1699
2011,32,Mississippi,10,2716
2011,32,Mississippi,11,1479
2011,32,Tennessee,0,4060
2011,32,Tennessee,1,4741
2011,32,Tennessee,2,5264
2011,32,Tennessee,3,1811
2011,32,Tennessee,4,2178
2011,32,Tennessee,5,2428
2011,32,Tennessee,6,21921
2011,32,Tennessee,7,7712
2011,32,Tennessee,8,2713
2011,32,Tennessee,10,6913
2011,32,Tennessee,11,3851
2011,33,Arkansas,0,1871
2011,33,Arkansas,1,2379
2011,33,Arkansas,2,2552
2011,33,Arkansas,3,873
2011,33,Arkansas,4,1084
2011,33,Arkansas,5,1119
2011,33,Arkansas,6,10876
2011,33,Arkansas,7,3600
2011,33,Arkansas,8,1253
2011,33,Arkansas,10,2505
2011,33,Arkansas,11,1295
2011,33,Louisiana,0,2867
2011,33,Louisiana,1,3788
2011,33,Louisiana,2,3747
2011,33,Louisiana,3,1396
2011,33,Louisiana,4,1723
2011,33,Louisiana,5,1878
2011,33,Louisiana,6,14847
2011,33,Louisiana,7,5687
2011,33,Louisiana,8,1589
2011,33,Louisiana,10,4488
2011,33,Louisiana,11,2394
2011,33,Oklahoma,0,2591
2011,33,Oklahoma,1,3129
2011,33,Oklahoma,2,3011
2011,33,Oklahoma,3,1071
2011,33,Oklahoma,4,1294
2011,33,Oklahoma,5,1516
2011,33,Oklahoma,6,12639
2011,33,Oklahoma,7,4856
2011,33,Oklahoma,8,1971
2011,33,Oklahoma,10,3758
2011,33,Oklahoma,11,1814
2011,33,Texas,0,19460
2011,33,Texas,1,23712
2011,33,Texas,2,23200
2011,33,Texas,3,8513
2011,33,Texas,4,7679
2011,33,Texas,5,8238
2011,33,Texas,6,67938
2011,33,Texas,7,31363
2011,33,Texas,8,11149
2011,33,Texas,10,29336
2011,33,Texas,11,14948
2011,41,Arizona,0,4761
2011,41,Arizona,1,5407
2011,41,Arizona,2,5302
2011,41,Arizona,3,1786
2011,41,Arizona,4,1942
2011,41,Arizona,5,2228
2011,41,Arizona,6,17891
2011,41,Arizona,7,9395
2011,41,Arizona,8,3834
2011,41,Arizona,10,7793
2011,41,Arizona,11,4578
2011,41,Colorado,0,3161
2011,41,Colorado,1,4117
2011,41,Colorado,2,3322
2011,41,Colorado,3,1143
2011,41,Colorado,4,1217
2011,41,Colorado,5,1386
2011,41,Colorado,6,13068
2011,41,Colorado,7,6837
2011,41,Colorado,8,3097
2011,41,Colorado,10,8500
2011,41,Colorado,11,4977
2011,41,Idaho,0,1215
2011,41,Idaho,1,1474
2011,41,Idaho,2,1213
2011,41,Idaho,3,408
2011,41,Idaho,4,425
2011,41,Idaho,5,496
2011,41,Idaho,6,4732
2011,41,Idaho,7,2282
2011,41,Idaho,8,993
2011,41,Idaho,10,1775
2011,41,Idaho,11,769
2011,41,Montana,0,603
2011,41,Montana,1,714
2011,41,Montana,2,648
2011,41,Montana,3,213
2011,41,Montana,4,266
2011,41,Montana,5,263
2011,41,Montana,6,3198
2011,41,Montana,7,1522
2011,41,Montana,8,572
2011,41,Montana,10,1387
2011,41,Montana,11,579
2011,41,Nevada,0,1936
2011,41,Nevada,1,2098
2011,41,Nevada,2,2001
2011,41,Nevada,3,696
2011,41,Nevada,4,766
2011,41,Nevada,5,990
2011,41,Nevada,6,8361
2011,41,Nevada,7,3685
2011,41,Nevada,8,1426
2011,41,Nevada,10,2703
2011,41,Nevada,11,1451
2011,41,New Mexico,0,1490
2011,41,New Mexico,1,1642
2011,41,New Mexico,2,1720
2011,41,New Mexico,3,588
2011,41,New Mexico,4,698
2011,41,New Mexico,5,796
2011,41,New Mexico,6,5478
2011,41,New Mexico,7,2803
2011,41,New Mexico,8,1002
2011,41,New Mexico,10,1959
2011,41,New Mexico,11,1601
2011,41,Utah,0,2466
2011,41,Utah,1,2909
2011,41,Utah,2,2069
2011,41,Utah,3,546
2011,41,Utah,4,686
2011,41,Utah,5,872
2011,41,Utah,6,7067
2011,41,Utah,7,4085
2011,41,Utah,8,1787
2011,41,Utah,10,3557
2011,41,Utah,11,1707
2011,41,Wyoming,0,395
2011,41,Wyoming,1,466
2011,41,Wyoming,2,350
2011,41,Wyoming,3,113
2011,41,Wyoming,4,141
2011,41,Wyoming,5,167
2011,41,Wyoming,6,1882
2011,41,Wyoming,7,868
2011,41,Wyoming,8,415
2011,41,Wyoming,10,657
2011,41,Wyoming,11,344
2011,42,Alaska,0,647
2011,42,Alaska,1,714
2011,42,Alaska,2,622
2011,42,Alaska,3,144
2011,42,Alaska,4,218
2011,42,Alaska,5,265
2011,42,Alaska,6,2163
2011,42,Alaska,7,996
2011,42,Alaska,8,300
2011,42,Alaska,10,623
2011,42,Alaska,11,368
2011,42,California,0,28135
2011,42,California,1,32623
2011,42,California,2,33775
2011,42,California,3,10565
2011,42,California,4,9752
2011,42,California,5,12503
2011,42,California,6,90223
2011,42,California,7,49542
2011,42,California,8,20826
2011,42,California,10,50803
2011,42,California,11,30062
2011,42,Hawaii,0,909
2011,42,Hawaii,1,1082
2011,42,Hawaii,2,964
2011,42,Hawaii,3,280
2011,42,Hawaii,4,344
2011,42,Hawaii,5,329
2011,42,Hawaii,6,4249
2011,42,Hawaii,7,1983
2011,42,Hawaii,8,1045
2011,42,Hawaii,10,2042
2011,42,Hawaii,11,1044
2011,42,Oregon,0,2258
2011,42,Oregon,1,2872
2011,42,Oregon,2,2484
2011,42,Oregon,3,762
2011,42,Oregon,4,1033
2011,42,Oregon,5,1133
2011,42,Oregon,6,11747
2011,42,Oregon,7,5925
2011,42,Oregon,8,2364
2011,42,Oregon,10,5311
2011,42,Oregon,11,3161
2011,42,Washington,0,4530
2011,42,Washington,1,5442
2011,42,Washington,2,4653
2011,42,Washington,3,1454
2011,42,Washington,4,1592
2011,42,Washington,5,1911
2011,42,Washington,6,19209
2011,42,Washington,7,9950
2011,42,Washington,8,4917
2011,42,Washington,10,10228
2011,42,Washington,11,5876
2012,11,Connecticut,0,1890
2012,11,Connecticut,1,2783
2012,11,Connecticut,2,2567
2012,11,Connecticut,3,841
2012,11,Connecticut,4,978
2012,11,Connecticut,5,945
2012,11,Connecticut,6,10006
2012,11,Connecticut,7,4039
2012,11,Connecticut,8,1933
2012,11,Connecticut,10,5757
2012,11,Connecticut,11,4642
2012,11,Maine,0,622
2012,11,Maine,1,807
2012,11,Maine,2,819
2012,11,Maine,3,272
2012,11,Maine,4,356
2012,11,Maine,5,320
2012,11,Maine,6,4746
2012,11,Maine,7,1607
2012,11,Maine,8,886
2012,11,Maine,10,1774
2012,11,Maine,11,963
2012,11,Massachusetts,0,3706
2012,11,Massachusetts,1,5181
2012,11,Massachusetts,2,4492
2012,11,Massachusetts,3,1440
2012,11,Massachusetts,4,1656
2012,11,Massachusetts,5,1706
2012,11,Massachusetts,6,18278
2012,11,Massachusetts,7,7847
2012,11,Massachusetts,8,3758
2012,11,Massachusetts,10,11500
2012,11,Massachusetts,11,8871
2012,11,New Hampshire,0,596
2012,11,New Hampshire,1,894
2012,11,New Hampshire,2,843
2012,11,New Hampshire,3,261
2012,11,New Hampshire,4,342
2012,11,New Hampshire,5,305
2012,11,New Hampshire,6,4064
2012,11,New Hampshire,7,1598
2012,11,New Hampshire,8,928
2012,11,New Hampshire,10,2214
2012,11,New Hampshire,11,1424
2012,11,Rhode Island,0,619
2012,11,Rhode Island,1,691
2012,11,Rhode Island,2,740
2012,11,Rhode Island,3,281
2012,11,Rhode Island,4,319
2012,11,Rhode Island,5,277
2012,11,Rhode Island,6,3132
2012,11,Rhode Island,7,1330
2012,11,Rhode Island,8,703
2012,11,Rhode Island,10,1557
2012,11,Rhode Island,11,1106
2012,11,Vermont,0,286
2012,11,Vermont,1,435
2012,11,Vermont,2,388
2012,11,Vermont,3,137
2012,11,Vermont,4,149
2012,11,Vermont,5,177
2012,11,Vermont,6,2076
2012,11,Vermont,7,775
2012,11,Vermont,8,436
2012,11,Vermont,10,1047
2012,11,Vermont,11,647
2012,12,New Jersey,0,5170
2012,12,New Jersey,1,7266
2012,12,New Jersey,2,6398
2012,12,New Jersey,3,1872
2012,12,New Jersey,4,2149
2012,12,New Jersey,5,2526
2012,12,New Jersey,6,24911
2012,12,New Jersey,7,9328
2012,12,New Jersey,8,4222
2012,12,New Jersey,10,14929
2012,12,New Jersey,11,9232
2012,12,New York,0,12247
2012,12,New York,1,14946
2012,12,New York,2,14866
2012,12,New York,3,4704
2012,12,New York,4,5542
2012,12,New York,5,6046
2012,12,New York,6,56280
2012,12,New York,7,21564
2012,12,New York,8,13038
2012,12,New York,10,26968
2012,12,New York,11,20113
2012,12,Pennsylvania,0,7089
2012,12,Pennsylvania,1,8914
2012,12,Pennsylvania,2,8414
2012,12,Pennsylvania,3,2878
2012,12,Pennsylvania,4,3856
2012,12,Pennsylvania,5,3936
2012,12,Pennsylvania,6,48087
2012,12,Pennsylvania,7,12723
2012,12,Pennsylvania,8,7868
2012,12,Pennsylvania,10,15453
2012,12,Pennsylvania,11,9387
2012,21,Illinois,0,7561
2012,21,Illinois,1,10211
2012,21,Illinois,2,9581
2012,21,Illinois,3,2840
2012,21,Illinois,4,3539
2012,21,Illinois,5,3898
2012,21,Illinois,6,38630
2012,21,Illinois,7,15552
2012,21,Illinois,8,7601
2012,21,Illinois,10,17512
2012,21,Illinois,11,10283
2012,21,Indiana,0,4330
2012,21,Indiana,1,5339
2012,21,Indiana,2,4885
2012,21,Indiana,3,1716
2012,21,Indiana,4,2261
2012,21,Indiana,5,2266
2012,21,Indiana,6,23577
2012,21,Indiana,7,7683
2012,21,Indiana,8,3788
2012,21,Indiana,10,6748
2012,21,Indiana,11,3777
2012,21,Michigan,0,5556
2012,21,Michigan,1,7103
2012,21,Michigan,2,6439
2012,21,Michigan,3,2216
2012,21,Michigan,4,3080
2012,21,Michigan,5,3250
2012,21,Michigan,6,33497
2012,21,Michigan,7,13242
2012,21,Michigan,8,6426
2012,21,Michigan,10,11034
2012,21,Michigan,11,6744
2012,21,Ohio,0,7044
2012,21,Ohio,1,8761
2012,21,Ohio,2,7953
2012,21,Ohio,3,2761
2012,21,Ohio,4,3596
2012,21,Ohio,5,4164
2012,21,Ohio,6,41478
2012,21,Ohio,7,13897
2012,21,Ohio,8,6836
2012,21,Ohio,10,13243
2012,21,Ohio,11,7518
2012,21,Wisconsin,0,3321
2012,21,Wisconsin,1,4395
2012,21,Wisconsin,2,4020
2012,21,Wisconsin,3,1145
2012,21,Wisconsin,4,1481
2012,21,Wisconsin,5,1735
2012,21,Wisconsin,6,20710
2012,21,Wisconsin,7,6990
2012,21,Wisconsin,8,4294
2012,21,Wisconsin,10,6929
2012,21,Wisconsin,11,3464
2012,22,Iowa,0,1814
2012,22,Iowa,1,2393
2012,22,Iowa,2,2163
2012,22,Iowa,3,602
2012,22,Iowa,4,753
2012,22,Iowa,5,782
2012,22,Iowa,6,11215
2012,22,Iowa,7,3905
2012,22,Iowa,8,2583
2012,22,Iowa,10,3690
2012,22,Iowa,11,1558
2012,22,Kansas,0,1846
2012,22,Kansas,1,2366
2012,22,Kansas,2,2157
2012,22,Kansas,3,624
2012,22,Kansas,4,772
2012,22,Kansas,5,833
2012,22,Kansas,6,9197
2012,22,Kansas,7,3961
2012,22,Kansas,8,1680
2012,22,Kansas,10,3753
2012,22,Kansas,11,1950
2012,22,Minnesota,0,3260
2012,22,Minnesota,1,4339
2012,22,Minnesota,2,3557
2012,22,Minnesota,3,1001
2012,22,Minnesota,4,1239
2012,22,Minnesota,5,1447
2012,22,Minnesota,6,17111
2012,22,Minnesota,7,7181
2012,22,Minnesota,8,4530
2012,22,Minnesota,10,7413
2012,22,Minnesota,11,3276
2012,22,Missouri,0,3863
2012,22,Missouri,1,4640
2012,22,Missouri,2,4521
2012,22,Missouri,3,1515
2012,22,Missouri,4,1999
2012,22,Missouri,5,2161
2012,22,Missouri,6,21294
2012,22,Missouri,7,7730
2012,22,Missouri,8,3102
2012,22,Missouri,10,6806
2012,22,Missouri,11,4008
2012,22,Nebraska,0,1257
2012,22,Nebraska,1,1621
2012,22,Nebraska,2,1312
2012,22,Nebraska,3,377
2012,22,Nebraska,4,445
2012,22,Nebraska,5,504
2012,22,Nebraska,6,5887
2012,22,Nebraska,7,2506
2012,22,Nebraska,8,1413
2012,22,Nebraska,10,2459
2012,22,Nebraska,11,1102
2012,22,North Dakota,0,444
2012,22,North Dakota,1,525
2012,22,North Dakota,2,570
2012,22,North Dakota,3,125
2012,22,North Dakota,4,173
2012,22,North Dakota,5,185
2012,22,North Dakota,6,2163
2012,22,North Dakota,7,1013
2012,22,North Dakota,8,682
2012,22,North Dakota,10,934
2012,22,North Dakota,11,308
2012,22,South Dakota,0,570
2012,22,South Dakota,1,702
2012,22,South Dakota,2,679
2012,22,South Dakota,3,175
2012,22,South Dakota,4,209
2012,22,South Dakota,5,235
2012,22,South Dakota,6,2701
2012,22,South Dakota,7,1161
2012,22,South Dakota,8,628
2012,22,South Dakota,10,942
2012,22,South Dakota,11,378
2012,31,Delaware,0,529
2012,31,Delaware,1,650
2012,31,Delaware,2,560
2012,31,Delaware,3,179
2012,31,Delaware,4,255
2012,31,Delaware,5,291
2012,31,Delaware,6,2816
2012,31,Delaware,7,1025
2012,31,Delaware,8,453
2012,31,Delaware,10,1255
2012,31,Delaware,11,802
2012,31,District of Columbia,0,338
2012,31,District of Columbia,1,371
2012,31,District of Columbia,2,289
2012,31,District of Columbia,3,129
2012,31,District of Columbia,4,142
2012,31,District of Columbia,5,192
2012,31,District of Columbia,6,1338
2012,31,District of Columbia,7,719
2012,31,District of Columbia,8,147
2012,31,District of Columbia,10,1219
2012,31,District of Columbia,11,1419
2012,31,Florida,0,10630
2012,31,Florida,1,13402
2012,31,Florida,2,12759
2012,31,Florida,3,4373
2012,31,Florida,4,5453
2012,31,Florida,5,5577
2012,31,Florida,6,60367
2012,31,Florida,7,23160
2012,31,Florida,8,13570
2012,31,Florida,10,25862
2012,31,Florida,11,14897
2012,31,Georgia,0,6338
2012,31,Georgia,1,8165
2012,31,Georgia,2,7605
2012,31,Georgia,3,2847
2012,31,Georgia,4,3370
2012,31,Georgia,5,3493
2012,31,Georgia,6,28258
2012,31,Georgia,7,12033
2012,31,Georgia,8,4698
2012,31,Georgia,10,12106
2012,31,Georgia,11,7315
2012,31,Maryland,0,3465
2012,31,Maryland,1,4544
2012,31,Maryland,2,3730
2012,31,Maryland,3,1304
2012,31,Maryland,4,1530
2012,31,Maryland,5,1632
2012,31,Maryland,6,16115
2012,31,Maryland,7,6899
2012,31,Maryland,8,2774
2012,31,Maryland,10,8964
2012,31,Maryland,11,7460
2012,31,North Carolina,0,6240
2012,31,North Carolina,1,7590
2012,31,North Carolina,2,7381
2012,31,North Carolina,3,2844
2012,31,North Carolina,4,3323
2012,31,North Carolina,5,3222
2012,31,North Carolina,6,27971
2012,31,North Carolina,7,12655
2012,31,North Carolina,8,6250
2012,31,North Carolina,10,13059
2012,31,North Carolina,11,6885
2012,31,South Carolina,0,2884
2012,31,South Carolina,1,3718
2012,31,South Carolina,2,3492
2012,31,South Carolina,3,1296
2012,31,South Carolina,4,1624
2012,31,South Carolina,5,1677
2012,31,South Carolina,6,14698
2012,31,South Carolina,7,6066
2012,31,South Carolina,8,3021
2012,31,South Carolina,10,5666
2012,31,South Carolina,11,3202
2012,31,Virginia,0,5158
2012,31,Virginia,1,6445
2012,31,Virginia,2,5910
2012,31,Virginia,3,1868
2012,31,Virginia,4,2316
2012,31,Virginia,5,2412
2012,31,Virginia,6,22307
2012,31,Virginia,7,9987
2012,31,Virginia,8,4322
2012,31,Virginia,10,12752
2012,31,Virginia,11,9347
2012,31,West Virginia,0,1017
2012,31,West Virginia,1,1213
2012,31,West Virginia,2,1460
2012,31,West Virginia,3,571
2012,31,West Virginia,4,644
2012,31,West Virginia,5,652
2012,31,West Virginia,6,7251
2012,31,West Virginia,7,2055
2012,31,West Virginia,8,860
2012,31,West Virginia,10,1558
2012,31,West Virginia,11,1009
2012,32,Alabama,0,2974
2012,32,Alabama,1,3521
2012,32,Alabama,2,3754
2012,32,Alabama,3,1460
2012,32,Alabama,4,1752
2012,32,Alabama,5,1849
2012,32,Alabama,6,15629
2012,32,Alabama,7,6308
2012,32,Alabama,8,2731
2012,32,Alabama,10,4865
2012,32,Alabama,11,2976
2012,32,Kentucky,0,2779
2012,32,Kentucky,1,3408
2012,32,Kentucky,2,3985
2012,32,Kentucky,3,1327
2012,32,Kentucky,4,1526
2012,32,Kentucky,5,1497
2012,32,Kentucky,6,15321
2012,32,Kentucky,7,5247
2012,32,Kentucky,8,2277
2012,32,Kentucky,10,4346
2012,32,Kentucky,11,2951
2012,32,Mississippi,0,1988
2012,32,Mississippi,1,2490
2012,32,Mississippi,2,2545
2012,32,Mississippi,3,950
2012,32,Mississippi,4,1152
2012,32,Mississippi,5,1305
2012,32,Mississippi,6,9015
2012,32,Mississippi,7,4018
2012,32,Mississippi,8,1763
2012,32,Mississippi,10,2616
2012,32,Mississippi,11,1644
2012,32,Tennessee,0,3932
2012,32,Tennessee,1,4932
2012,32,Tennessee,2,5165
2012,32,Tennessee,3,1704
2012,32,Tennessee,4,2125
2012,32,Tennessee,5,2317
2012,32,Tennessee,6,21718
2012,32,Tennessee,7,7813
2012,32,Tennessee,8,3024
2012,32,Tennessee,10,7324
2012,32,Tennessee,11,4222
2012,33,Arkansas,0,1885
2012,33,Arkansas,1,2325
2012,33,Arkansas,2,2282
2012,33,Arkansas,3,793
2012,33,Arkansas,4,989
2012,33,Arkansas,5,1131
2012,33,Arkansas,6,10672
2012,33,Arkansas,7,3682
2012,33,Arkansas,8,1349
2012,33,Arkansas,10,2722
2012,33,Arkansas,11,1394
2012,33,Louisiana,0,2779
2012,33,Louisiana,1,3733
2012,33,Louisiana,2,3767
2012,33,Louisiana,3,1412
2012,33,Louisiana,4,1678
2012,33,Louisiana,5,1822
2012,33,Louisiana,6,14782
2012,33,Louisiana,7,5661
2012,33,Louisiana,8,1709
2012,33,Louisiana,10,4720
2012,33,Louisiana,11,2545
2012,33,Oklahoma,0,2506
2012,33,Oklahoma,1,3269
2012,33,Oklahoma,2,2958
2012,33,Oklahoma,3,1108
2012,33,Oklahoma,4,1274
2012,33,Oklahoma,5,1395
2012,33,Oklahoma,6,12338
2012,33,Oklahoma,7,4927
2012,33,Oklahoma,8,1847
2012,33,Oklahoma,10,3634
2012,33,Oklahoma,11,1840
2012,33,Texas,0,19248
2012,33,Texas,1,23932
2012,33,Texas,2,23302
2012,33,Texas,3,8013
2012,33,Texas,4,7521
2012,33,Texas,5,8310
2012,33,Texas,6,67836
2012,33,Texas,7,32210
2012,33,Texas,8,11459
2012,33,Texas,10,31217
2012,33,Texas,11,16107
2012,41,Arizona,0,4931
2012,41,Arizona,1,5441
2012,41,Arizona,2,5412
2012,41,Arizona,3,1675
2012,41,Arizona,4,1897
2012,41,Arizona,5,2162
2012,41,Arizona,6,18087
2012,41,Arizona,7,9526
2012,41,Arizona,8,3907
2012,41,Arizona,10,8065
2012,41,Arizona,11,4842
2012,41,Colorado,0,3265
2012,41,Colorado,1,4203
2012,41,Colorado,2,3411
2012,41,Colorado,3,1084
2012,41,Colorado,4,1137
2012,41,Colorado,5,1331
2012,41,Colorado,6,12840
2012,41,Colorado,7,6879
2012,41,Colorado,8,3090
2012,41,Colorado,10,8889
2012,41,Colorado,11,5193
2012,41,Idaho,0,1137
2012,41,Idaho,1,1277
2012,41,Idaho,2,1152
2012,41,Idaho,3,352
2012,41,Idaho,4,416
2012,41,Idaho,5,472
2012,41,Idaho,6,4711
2012,41,Idaho,7,2254
2012,41,Idaho,8,930
2012,41,Idaho,10,1747
2012,41,Idaho,11,845
2012,41,Montana,0,583
2012,41,Montana,1,741
2012,41,Montana,2,681
2012,41,Montana,3,236
2012,41,Montana,4,254
2012,41,Montana,5,264
2012,41,Montana,6,3276
2012,41,Montana,7,1479
2012,41,Montana,8,618
2012,41,Montana,10,1385
2012,41,Montana,11,637
2012,41,Nevada,0,1953
2012,41,Nevada,1,2143
2012,41,Nevada,2,1927
2012,41,Nevada,3,635
2012,41,Nevada,4,759
2012,41,Nevada,5,964
2012,41,Nevada,6,8254
2012,41,Nevada,7,3932
2012,41,Nevada,8,1500
2012,41,Nevada,10,3017
2012,41,Nevada,11,1642
2012,41,New Mexico,0,1433
2012,41,New Mexico,1,1678
2012,41,New Mexico,2,1641
2012,41,New Mexico,3,589
2012,41,New Mexico,4,621
2012,41,New Mexico,5,780
2012,41,New Mexico,6,5479
2012,41,New Mexico,7,2876
2012,41,New Mexico,8,1127
2012,41,New Mexico,10,1968
2012,41,New Mexico,11,1579
2012,41,Utah,0,2518
2012,41,Utah,1,3072
2012,41,Utah,2,2127
2012,41,Utah,3,639
2012,41,Utah,4,649
2012,41,Utah,5,834
2012,41,Utah,6,7013
2012,41,Utah,7,4005
2012,41,Utah,8,1857
2012,41,Utah,10,3636
2012,41,Utah,11,1849
2012,41,Wyoming,0,342
2012,41,Wyoming,1,502
2012,41,Wyoming,2,400
2012,41,Wyoming,3,127
2012,41,Wyoming,4,147
2012,41,Wyoming,5,155
2012,41,Wyoming,6,1881
2012,41,Wyoming,7,827
2012,41,Wyoming,8,405
2012,41,Wyoming,10,701
2012,41,Wyoming,11,337
2012,42,Alaska,0,630
2012,42,Alaska,1,723
2012,42,Alaska,2,595
2012,42,Alaska,3,151
2012,42,Alaska,4,219
2012,42,Alaska,5,247
2012,42,Alaska,6,2107
2012,42,Alaska,7,998
2012,42,Alaska,8,322
2012,42,Alaska,10,604
2012,42,Alaska,11,350
2012,42,California,0,27897
2012,42,California,1,32827
2012,42,California,2,33111
2012,42,California,3,10313
2012,42,California,4,9202
2012,42,California,5,12016
2012,42,California,6,89190
2012,42,California,7,50101
2012,42,California,8,21238
2012,42,California,10,52033
2012,42,California,11,30119
2012,42,Hawaii,0,923
2012,42,Hawaii,1,1030
2012,42,Hawaii,2,922
2012,42,Hawaii,3,259
2012,42,Hawaii,4,314
2012,42,Hawaii,5,330
2012,42,Hawaii,6,4259
2012,42,Hawaii,7,1980
2012,42,Hawaii,8,1025
2012,42,Hawaii,10,2017
2012,42,Hawaii,11,1095
2012,42,Oregon,0,2299
2012,42,Oregon,1,2790
2012,42,Oregon,2,2381
2012,42,Oregon,3,740
2012,42,Oregon,4,847
2012,42,Oregon,5,1066
2012,42,Oregon,6,11532
2012,42,Oregon,7,5851
2012,42,Oregon,8,2415
2012,42,Oregon,10,5503
2012,42,Oregon,11,3343
2012,42,Washington,0,4427
2012,42,Washington,1,5334
2012,42,Washington,2,4581
2012,42,Washington,3,1367
2012,42,Washington,4,1631
2012,42,Washington,5,1905
2012,42,Washington,6,19004
2012,42,Washington,7,9681
2012,42,Washington,8,5143
2012,42,Washington,10,10487
2012,42,Washington,11,5741
2013,11,Connecticut,0,1872
2013,11,Connecticut,1,2910
2013,11,Connecticut,2,2443
2013,11,Connecticut,3,764
2013,11,Connecticut,4,883
2013,11,Connecticut,5,914
2013,11,Connecticut,6,9797
2013,11,Connecticut,7,4062
2013,11,Connecticut,8,1919
2013,11,Connecticut,10,5989
2013,11,Connecticut,11,4829
2013,11,Maine,0,607
2013,11,Maine,1,756
2013,11,Maine,2,764
2013,11,Maine,3,265
2013,11,Maine,4,326
2013,11,Maine,5,299
2013,11,Maine,6,4681
2013,11,Maine,7,1661
2013,11,Maine,8,957
2013,11,Maine,10,1708
2013,11,Maine,11,958
2013,11,Massachusetts,0,3785
2013,11,Massachusetts,1,5254
2013,11,Massachusetts,2,4319
2013,11,Massachusetts,3,1359
2013,11,Massachusetts,4,1547
2013,11,Massachusetts,5,1598
2013,11,Massachusetts,6,17923
2013,11,Massachusetts,7,7528
2013,11,Massachusetts,8,3908
2013,11,Massachusetts,10,11922
2013,11,Massachusetts,11,9582
2013,11,New Hampshire,0,653
2013,11,New Hampshire,1,927
2013,11,New Hampshire,2,786
2013,11,New Hampshire,3,272
2013,11,New Hampshire,4,303
2013,11,New Hampshire,5,314
2013,11,New Hampshire,6,4040
2013,11,New Hampshire,7,1638
2013,11,New Hampshire,8,959
2013,11,New Hampshire,10,2256
2013,11,New Hampshire,11,1399
2013,11,Rhode Island,0,633
2013,11,Rhode Island,1,731
2013,11,Rhode Island,2,619
2013,11,Rhode Island,3,262
2013,11,Rhode Island,4,303
2013,11,Rhode Island,5,295
2013,11,Rhode Island,6,2988
2013,11,Rhode Island,7,1296
2013,11,Rhode Island,8,695
2013,11,Rhode Island,10,1716
2013,11,Rhode Island,11,1080
2013,11,Vermont,0,313
2013,11,Vermont,1,381
2013,11,Vermont,2,367
2013,11,Vermont,3,124
2013,11,Vermont,4,152
2013,11,Vermont,5,173
2013,11,Vermont,6,2040
2013,11,Vermont,7,760
2013,11,Vermont,8,386
2013,11,Vermont,10,1012
2013,11,Vermont,11,680
2013,12,New Jersey,0,5089
2013,12,New Jersey,1,7356
2013,12,New Jersey,2,6339
2013,12,New Jersey,3,1893
2013,12,New Jersey,4,2049
2013,12,New Jersey,5,2412
2013,12,New Jersey,6,24965
2013,12,New Jersey,7,9082
2013,12,New Jersey,8,4324
2013,12,New Jersey,10,15411
2013,12,New Jersey,11,9590
2013,12,New York,0,12732
2013,12,New York,1,14709
2013,12,New York,2,14139
2013,12,New York,3,4417
2013,12,New York,4,5054
2013,12,New York,5,5644
2013,12,New York,6,55630
2013,12,New York,7,21307
2013,12,New York,8,13394
2013,12,New York,10,27817
2013,12,New York,11,21322
2013,12,Pennsylvania,0,7217
2013,12,Pennsylvania,1,8919
2013,12,Pennsylvania,2,8167
2013,12,Pennsylvania,3,2810
2013,12,Pennsylvania,4,3569
2013,12,Pennsylvania,5,3744
2013,12,Pennsylvania,6,47373
2013,12,Pennsylvania,7,12590
2013,12,Pennsylvania,8,7940
2013,12,Pennsylvania,10,15933
2013,12,Pennsylvania,11,10120
2013,21,Illinois,0,7774
2013,21,Illinois,1,10323
2013,21,Illinois,2,9397
2013,21,Illinois,3,2820
2013,21,Illinois,4,3359
2013,21,Illinois,5,3701
2013,21,Illinois,6,38579
2013,21,Illinois,7,15307
2013,21,Illinois,8,7540
2013,21,Illinois,10,18162
2013,21,Illinois,11,11108
2013,21,Indiana,0,4227
2013,21,Indiana,1,5267
2013,21,Indiana,2,4840
2013,21,Indiana,3,1635
2013,21,Indiana,4,2145
2013,21,Indiana,5,2185
2013,21,Indiana,6,23288
2013,21,Indiana,7,7902
2013,21,Indiana,8,3923
2013,21,Indiana,10,6987
2013,21,Indiana,11,3964
2013,21,Michigan,0,5842
2013,21,Michigan,1,7322
2013,21,Michigan,2,6368
2013,21,Michigan,3,2226
2013,21,Michigan,4,2822
2013,21,Michigan,5,3150
2013,21,Michigan,6,32706
2013,21,Michigan,7,13301
2013,21,Michigan,8,6855
2013,21,Michigan,10,11660
2013,21,Michigan,11,7189
2013,21,Ohio,0,6919
2013,21,Ohio,1,8956
2013,21,Ohio,2,7867
2013,21,Ohio,3,2654
2013,21,Ohio,4,3431
2013,21,Ohio,5,3772
2013,21,Ohio,6,41418
2013,21,Ohio,7,13882
2013,21,Ohio,8,7119
2013,21,Ohio,10,13919
2013,21,Ohio,11,8286
2013,21,Wisconsin,0,3292
2013,21,Wisconsin,1,4423
2013,21,Wisconsin,2,3957
2013,21,Wisconsin,3,1100
2013,21,Wisconsin,4,1401
2013,21,Wisconsin,5,1646
2013,21,Wisconsin,6,20539
2013,21,Wisconsin,7,6925
2013,21,Wisconsin,8,4522
2013,21,Wisconsin,10,7256
2013,21,Wisconsin,11,3495
2013,22,Iowa,0,1789
2013,22,Iowa,1,2605
2013,22,Iowa,2,2179
2013,22,Iowa,3,608
2013,22,Iowa,4,700
2013,22,Iowa,5,815
2013,22,Iowa,6,11391
2013,22,Iowa,7,3947
2013,22,Iowa,8,2490
2013,22,Iowa,10,3766
2013,22,Iowa,11,1527
2013,22,Kansas,0,1872
2013,22,Kansas,1,2508
2013,22,Kansas,2,2089
2013,22,Kansas,3,617
2013,22,Kansas,4,738
2013,22,Kansas,5,819
2013,22,Kansas,6,9087
2013,22,Kansas,7,3880
2013,22,Kansas,8,1773
2013,22,Kansas,10,3889
2013,22,Kansas,11,2097
2013,22,Minnesota,0,3232
2013,22,Minnesota,1,4387
2013,22,Minnesota,2,3661
2013,22,Minnesota,3,1048
2013,22,Minnesota,4,1229
2013,22,Minnesota,5,1378
2013,22,Minnesota,6,16982
2013,22,Minnesota,7,7125
2013,22,Minnesota,8,4586
2013,22,Minnesota,10,7826
2013,22,Minnesota,11,3534
2013,22,Missouri,0,3731
2013,22,Missouri,1,4687
2013,22,Missouri,2,4478
2013,22,Missouri,3,1372
2013,22,Missouri,4,1910
2013,22,Missouri,5,1923
2013,22,Missouri,6,21089
2013,22,Missouri,7,7517
2013,22,Missouri,8,3351
2013,22,Missouri,10,7410
2013,22,Missouri,11,4231
2013,22,Nebraska,0,1219
2013,22,Nebraska,1,1623
2013,22,Nebraska,2,1296
2013,22,Nebraska,3,362
2013,22,Nebraska,4,409
2013,22,Nebraska,5,468
2013,22,Nebraska,6,5782
2013,22,Nebraska,7,2531
2013,22,Nebraska,8,1446
2013,22,Nebraska,10,2523
2013,22,Nebraska,11,1176
2013,22,North Dakota,0,482
2013,22,North Dakota,1,591
2013,22,North Dakota,2,576
2013,22,North Dakota,3,123
2013,22,North Dakota,4,157
2013,22,North Dakota,5,193
2013,22,North Dakota,6,2235
2013,22,North Dakota,7,1024
2013,22,North Dakota,8,722
2013,22,North Dakota,10,995
2013,22,North Dakota,11,337
2013,22,South Dakota,0,618
2013,22,South Dakota,1,813
2013,22,South Dakota,2,701
2013,22,South Dakota,3,172
2013,22,South Dakota,4,174
2013,22,South Dakota,5,231
2013,22,South Dakota,6,2809
2013,22,South Dakota,7,1086
2013,22,South Dakota,8,702
2013,22,South Dakota,10,1074
2013,22,South Dakota,11,360
2013,31,Delaware,0,497
2013,31,Delaware,1,600
2013,31,Delaware,2,560
2013,31,Delaware,3,194
2013,31,Delaware,4,249
2013,31,Delaware,5,233
2013,31,Delaware,6,2856
2013,31,Delaware,7,963
2013,31,Delaware,8,510
2013,31,Delaware,10,1219
2013,31,Delaware,11,886
2013,31,District of Columbia,0,333
2013,31,District of Columbia,1,395
2013,31,District of Columbia,2,266
2013,31,District of Columbia,3,111
2013,31,District of Columbia,4,132
2013,31,District of Columbia,5,189
2013,31,District of Columbia,6,1404
2013,31,District of Columbia,7,678
2013,31,District of Columbia,8,176
2013,31,District of Columbia,10,1291
2013,31,District of Columbia,11,1597
2013,31,Florida,0,10494
2013,31,Florida,1,13367
2013,31,Florida,2,12415
2013,31,Florida,3,4267
2013,31,Florida,4,5088
2013,31,Florida,5,5475
2013,31,Florida,6,59873
2013,31,Florida,7,23178
2013,31,Florida,8,14276
2013,31,Florida,10,26946
2013,31,Florida,11,15655
2013,31,Georgia,0,6220
2013,31,Georgia,1,8308
2013,31,Georgia,2,7491
2013,31,Georgia,3,2781
2013,31,Georgia,4,3194
2013,31,Georgia,5,3217
2013,31,Georgia,6,27886
2013,31,Georgia,7,12172
2013,31,Georgia,8,5006
2013,31,Georgia,10,12527
2013,31,Georgia,11,7766
2013,31,Maryland,0,3518
2013,31,Maryland,1,4513
2013,31,Maryland,2,3693
2013,31,Maryland,3,1239
2013,31,Maryland,4,1520
2013,31,Maryland,5,1543
2013,31,Maryland,6,16103
2013,31,Maryland,7,6890
2013,31,Maryland,8,2844
2013,31,Maryland,10,9183
2013,31,Maryland,11,7987
2013,31,North Carolina,0,5919
2013,31,North Carolina,1,7475
2013,31,North Carolina,2,7099
2013,31,North Carolina,3,2717
2013,31,North Carolina,4,3133
2013,31,North Carolina,5,2996
2013,31,North Carolina,6,27895
2013,31,North Carolina,7,12588
2013,31,North Carolina,8,6382
2013,31,North Carolina,10,13610
2013,31,North Carolina,11,7496
2013,31,South Carolina,0,2790
2013,31,South Carolina,1,3475
2013,31,South Carolina,2,3430
2013,31,South Carolina,3,1266
2013,31,South Carolina,4,1565
2013,31,South Carolina,5,1515
2013,31,South Carolina,6,14450
2013,31,South Carolina,7,6179
2013,31,South Carolina,8,3096
2013,31,South Carolina,10,5894
2013,31,South Carolina,11,3545
2013,31,Virginia,0,4892
2013,31,Virginia,1,6459
2013,31,Virginia,2,5891
2013,31,Virginia,3,1898
2013,31,Virginia,4,2157
2013,31,Virginia,5,2205
2013,31,Virginia,6,22082
2013,31,Virginia,7,9927
2013,31,Virginia,8,4479
2013,31,Virginia,10,13319
2013,31,Virginia,11,9735
2013,31,West Virginia,0,1066
2013,31,West Virginia,1,1199
2013,31,West Virginia,2,1398
2013,31,West Virginia,3,529
2013,31,West Virginia,4,658
2013,31,West Virginia,5,611
2013,31,West Virginia,6,7153
2013,31,West Virginia,7,2042
2013,31,West Virginia,8,920
2013,31,West Virginia,10,1636
2013,31,West Virginia,11,1056
2013,32,Alabama,0,2954
2013,32,Alabama,1,3549
2013,32,Alabama,2,3548
2013,32,Alabama,3,1473
2013,32,Alabama,4,1730
2013,32,Alabama,5,1746
2013,32,Alabama,6,15419
2013,32,Alabama,7,6284
2013,32,Alabama,8,2899
2013,32,Alabama,10,5164
2013,32,Alabama,11,3070
2013,32,Kentucky,0,2773
2013,32,Kentucky,1,3545
2013,32,Kentucky,2,4054
2013,32,Kentucky,3,1270
2013,32,Kentucky,4,1464
2013,32,Kentucky,5,1433
2013,32,Kentucky,6,14909
2013,32,Kentucky,7,5252
2013,32,Kentucky,8,2428
2013,32,Kentucky,10,4579
2013,32,Kentucky,11,3290
2013,32,Mississippi,0,1994
2013,32,Mississippi,1,2645
2013,32,Mississippi,2,2513
2013,32,Mississippi,3,877
2013,32,Mississippi,4,1107
2013,32,Mississippi,5,1216
2013,32,Mississippi,6,8930
2013,32,Mississippi,7,4085
2013,32,Mississippi,8,1844
2013,32,Mississippi,10,2807
2013,32,Mississippi,11,1630
2013,32,Tennessee,0,4091
2013,32,Tennessee,1,4891
2013,32,Tennessee,2,5039
2013,32,Tennessee,3,1674
2013,32,Tennessee,4,2117
2013,32,Tennessee,5,2090
2013,32,Tennessee,6,22028
2013,32,Tennessee,7,7971
2013,32,Tennessee,8,3184
2013,32,Tennessee,10,7620
2013,32,Tennessee,11,4443
2013,33,Arkansas,0,1832
2013,33,Arkansas,1,2412
2013,33,Arkansas,2,2314
2013,33,Arkansas,3,849
2013,33,Arkansas,4,951
2013,33,Arkansas,5,1110
2013,33,Arkansas,6,10712
2013,33,Arkansas,7,3771
2013,33,Arkansas,8,1376
2013,33,Arkansas,10,2764
2013,33,Arkansas,11,1500
2013,33,Louisiana,0,2945
2013,33,Louisiana,1,3665
2013,33,Louisiana,2,3566
2013,33,Louisiana,3,1332
2013,33,Louisiana,4,1560
2013,33,Louisiana,5,1798
2013,33,Louisiana,6,14548
2013,33,Louisiana,7,5795
2013,33,Louisiana,8,1733
2013,33,Louisiana,10,4967
2013,33,Louisiana,11,2718
2013,33,Oklahoma,0,2642
2013,33,Oklahoma,1,3275
2013,33,Oklahoma,2,2786
2013,33,Oklahoma,3,1080
2013,33,Oklahoma,4,1172
2013,33,Oklahoma,5,1414
2013,33,Oklahoma,6,12420
2013,33,Oklahoma,7,4885
2013,33,Oklahoma,8,1919
2013,33,Oklahoma,10,3773
2013,33,Oklahoma,11,1780
2013,33,Texas,0,19004
2013,33,Texas,1,24558
2013,33,Texas,2,23108
2013,33,Texas,3,7976
2013,33,Texas,4,7176
2013,33,Texas,5,7708
2013,33,Texas,6,68881
2013,33,Texas,7,32389
2013,33,Texas,8,12087
2013,33,Texas,10,33452
2013,33,Texas,11,17260
2013,41,Arizona,0,4724
2013,41,Arizona,1,5652
2013,41,Arizona,2,5423
2013,41,Arizona,3,1602
2013,41,Arizona,4,1774
2013,41,Arizona,5,2143
2013,41,Arizona,6,18263
2013,41,Arizona,7,9350
2013,41,Arizona,8,4154
2013,41,Arizona,10,8340
2013,41,Arizona,11,5107
2013,41,Colorado,0,3196
2013,41,Colorado,1,4145
2013,41,Colorado,2,3493
2013,41,Colorado,3,1067
2013,41,Colorado,4,1169
2013,41,Colorado,5,1290
2013,41,Colorado,6,12724
2013,41,Colorado,7,7020
2013,41,Colorado,8,3234
2013,41,Colorado,10,9240
2013,41,Colorado,11,5529
2013,41,Idaho,0,1104
2013,41,Idaho,1,1461
2013,41,Idaho,2,1185
2013,41,Idaho,3,370
2013,41,Idaho,4,427
2013,41,Idaho,5,478
2013,41,Idaho,6,4748
2013,41,Idaho,7,2143
2013,41,Idaho,8,1053
2013,41,Idaho,10,1913
2013,41,Idaho,11,904
2013,41,Montana,0,629
2013,41,Montana,1,734
2013,41,Montana,2,641
2013,41,Montana,3,191
2013,41,Montana,4,232
2013,41,Montana,5,285
2013,41,Montana,6,3092
2013,41,Montana,7,1543
2013,41,Montana,8,680
2013,41,Montana,10,1424
2013,41,Montana,11,662
2013,41,Nevada,0,1840
2013,41,Nevada,1,2065
2013,41,Nevada,2,1972
2013,41,Nevada,3,630
2013,41,Nevada,4,787
2013,41,Nevada,5,869
2013,41,Nevada,6,8433
2013,41,Nevada,7,3894
2013,41,Nevada,8,1607
2013,41,Nevada,10,3029
2013,41,Nevada,11,1622
2013,41,New Mexico,0,1453
2013,41,New Mexico,1,1781
2013,41,New Mexico,2,1719
2013,41,New Mexico,3,541
2013,41,New Mexico,4,580
2013,41,New Mexico,5,750
2013,41,New Mexico,6,5387
2013,41,New Mexico,7,2782
2013,41,New Mexico,8,1100
2013,41,New Mexico,10,1989
2013,41,New Mexico,11,1632
2013,41,Utah,0,2547
2013,41,Utah,1,3235
2013,41,Utah,2,2265
2013,41,Utah,3,663
2013,41,Utah,4,661
2013,41,Utah,5,813
2013,41,Utah,6,6974
2013,41,Utah,7,4038
2013,41,Utah,8,1918
2013,41,Utah,10,3892
2013,41,Utah,11,1961
2013,41,Wyoming,0,380
2013,41,Wyoming,1,532
2013,41,Wyoming,2,359
2013,41,Wyoming,3,100
2013,41,Wyoming,4,131
2013,41,Wyoming,5,139
2013,41,Wyoming,6,1756
2013,41,Wyoming,7,935
2013,41,Wyoming,8,440
2013,41,Wyoming,10,714
2013,41,Wyoming,11,342
2013,42,Alaska,0,567
2013,42,Alaska,1,696
2013,42,Alaska,2,563
2013,42,Alaska,3,170
2013,42,Alaska,4,210
2013,42,Alaska,5,268
2013,42,Alaska,6,2056
2013,42,Alaska,7,963
2013,42,Alaska,8,291
2013,42,Alaska,10,637
2013,42,Alaska,11,327
2013,42,California,0,27624
2013,42,California,1,32432
2013,42,California,2,32557
2013,42,California,3,9780
2013,42,California,4,9119
2013,42,California,5,11488
2013,42,California,6,90236
2013,42,California,7,50092
2013,42,California,8,21836
2013,42,California,10,53979
2013,42,California,11,32260
2013,42,Hawaii,0,918
2013,42,Hawaii,1,1022
2013,42,Hawaii,2,912
2013,42,Hawaii,3,265
2013,42,Hawaii,4,314
2013,42,Hawaii,5,317
2013,42,Hawaii,6,4229
2013,42,Hawaii,7,1942
2013,42,Hawaii,8,1054
2013,42,Hawaii,10,2200
2013,42,Hawaii,11,1113
2013,42,Oregon,0,2296
2013,42,Oregon,1,2872
2013,42,Oregon,2,2405
2013,42,Oregon,3,800
2013,42,Oregon,4,926
2013,42,Oregon,5,1050
2013,42,Oregon,6,11369
2013,42,Oregon,7,5799
2013,42,Oregon,8,2626
2013,42,Oregon,10,5730
2013,42,Oregon,11,3469
2013,42,Washington,0,4477
2013,42,Washington,1,5523
2013,42,Washington,2,4496
2013,42,Washington,3,1337
2013,42,Washington,4,1563
2013,42,Washington,5,1733
2013,42,Washington,6,18687
2013,42,Washington,7,9682
2013,42,Washington,8,5042
2013,42,Washington,10,10874
2013,42,Washington,11,6179
2015,11,Connecticut,0,1669
2015,11,Connecticut,1,2650
2015,11,Connecticut,2,2355
2015,11,Connecticut,3,707
2015,11,Connecticut,4,815
2015,11,Connecticut,5,929
2015,11,Connecticut,6,9700
2015,11,Connecticut,7,3972
2015,11,Connecticut,8,1949
2015,11,Connecticut,10,6218
2015,11,Connecticut,11,4823
2015,11,Maine,0,546
2015,11,Maine,1,809
2015,11,Maine,2,753
2015,11,Maine,3,269
2015,11,Maine,4,327
2015,11,Maine,5,309
2015,11,Maine,6,4509
2015,11,Maine,7,1688
2015,11,Maine,8,989
2015,11,Maine,10,1834
2015,11,Maine,11,1026
2015,11,Massachusetts,0,3577
2015,11,Massachusetts,1,4907
2015,11,Massachusetts,2,4069
2015,11,Massachusetts,3,1262
2015,11,Massachusetts,4,1523
2015,11,Massachusetts,5,1557
2015,11,Massachusetts,6,17684
2015,11,Massachusetts,7,7665
2015,11,Massachusetts,8,3915
2015,11,Massachusetts,10,12626
2015,11,Massachusetts,11,10000
2015,11,New Hampshire,0,529
2015,11,New Hampshire,1,814
2015,11,New Hampshire,2,713
2015,11,New Hampshire,3,282
2015,11,New Hampshire,4,307
2015,11,New Hampshire,5,318
2015,11,New Hampshire,6,4050
2015,11,New Hampshire,7,1650
2015,11,New Hampshire,8,1005
2015,11,New Hampshire,10,2277
2015,11,New Hampshire,11,1433
2015,11,Rhode Island,0,563
2015,11,Rhode Island,1,740
2015,11,Rhode Island,2,641
2015,11,Rhode Island,3,237
2015,11,Rhode Island,4,254
2015,11,Rhode Island,5,255
2015,11,Rhode Island,6,3055
2015,11,Rhode Island,7,1292
2015,11,Rhode Island,8,715
2015,11,Rhode Island,10,1655
2015,11,Rhode Island,11,1156
2015,11,Vermont,0,288
2015,11,Vermont,1,386
2015,11,Vermont,2,354
2015,11,Vermont,3,107
2015,11,Vermont,4,166
2015,11,Vermont,5,137
2015,11,Vermont,6,1986
2015,11,Vermont,7,719
2015,11,Vermont,8,392
2015,11,Vermont,10,1074
2015,11,Vermont,11,717
2015,12,New Jersey,0,4914
2015,12,New Jersey,1,7137
2015,12,New Jersey,2,5985
2015,12,New Jersey,3,1754
2015,12,New Jersey,4,1936
2015,12,New Jersey,5,2158
2015,12,New Jersey,6,24543
2015,12,New Jersey,7,9056
2015,12,New Jersey,8,4415
2015,12,New Jersey,10,16057
2015,12,New Jersey,11,9860
2015,12,New York,0,11915
2015,12,New York,1,14614
2015,12,New York,2,13719
2015,12,New York,3,4324
2015,12,New York,4,4889
2015,12,New York,5,5569
2015,12,New York,6,55313
2015,12,New York,7,20842
2015,12,New York,8,13263
2015,12,New York,10,29182
2015,12,New York,11,22112
2015,12,Pennsylvania,0,6808
2015,12,Pennsylvania,1,8598
2015,12,Pennsylvania,2,7960
2015,12,Pennsylvania,3,2769
2015,12,Pennsylvania,4,3429
2015,12,Pennsylvania,5,3652
2015,12,Pennsylvania,6,47387
2015,12,Pennsylvania,7,12420
2015,12,Pennsylvania,8,8189
2015,12,Pennsylvania,10,16497
2015,12,Pennsylvania,11,10436
2015,21,Illinois,0,7375
2015,21,Illinois,1,10022
2015,21,Illinois,2,8932
2015,21,Illinois,3,2668
2015,21,Illinois,4,3166
2015,21,Illinois,5,3547
2015,21,Illinois,6,37982
2015,21,Illinois,7,15028
2015,21,Illinois,8,8048
2015,21,Illinois,10,18488
2015,21,Illinois,11,11386
2015,21,Indiana,0,4042
2015,21,Indiana,1,5176
2015,21,Indiana,2,4629
2015,21,Indiana,3,1620
2015,21,Indiana,4,2047
2015,21,Indiana,5,2007
2015,21,Indiana,6,23237
2015,21,Indiana,7,7703
2015,21,Indiana,8,4081
2015,21,Indiana,10,7366
2015,21,Indiana,11,4137
2015,21,Michigan,0,5538
2015,21,Michigan,1,6907
2015,21,Michigan,2,5962
2015,21,Michigan,3,2054
2015,21,Michigan,4,2758
2015,21,Michigan,5,2869
2015,21,Michigan,6,32583
2015,21,Michigan,7,13095
2015,21,Michigan,8,6812
2015,21,Michigan,10,11993
2015,21,Michigan,11,7437
2015,21,Ohio,0,6979
2015,21,Ohio,1,8643
2015,21,Ohio,2,7626
2015,21,Ohio,3,2515
2015,21,Ohio,4,3344
2015,21,Ohio,5,3676
2015,21,Ohio,6,41614
2015,21,Ohio,7,13619
2015,21,Ohio,8,7367
2015,21,Ohio,10,14220
2015,21,Ohio,11,8520
2015,21,Wisconsin,0,3057
2015,21,Wisconsin,1,4410
2015,21,Wisconsin,2,3781
2015,21,Wisconsin,3,1091
2015,21,Wisconsin,4,1409
2015,21,Wisconsin,5,1566
2015,21,Wisconsin,6,20632
2015,21,Wisconsin,7,6792
2015,21,Wisconsin,8,4739
2015,21,Wisconsin,10,7466
2015,21,Wisconsin,11,3635
2015,22,Iowa,0,1759
2015,22,Iowa,1,2525
2015,22,Iowa,2,2029
2015,22,Iowa,3,577
2015,22,Iowa,4,733
2015,22,Iowa,5,839
2015,22,Iowa,6,11203
2015,22,Iowa,7,3932
2015,22,Iowa,8,2815
2015,22,Iowa,10,3785
2015,22,Iowa,11,1703
2015,22,Kansas,0,1823
2015,22,Kansas,1,2293
2015,22,Kansas,2,1938
2015,22,Kansas,3,626
2015,22,Kansas,4,658
2015,22,Kansas,5,777
2015,22,Kansas,6,9013
2015,22,Kansas,7,3768
2015,22,Kansas,8,1774
2015,22,Kansas,10,4011
2015,22,Kansas,11,2093
2015,22,Minnesota,0,3138
2015,22,Minnesota,1,4308
2015,22,Minnesota,2,3377
2015,22,Minnesota,3,939
2015,22,Minnesota,4,1164
2015,22,Minnesota,5,1392
2015,22,Minnesota,6,17012
2015,22,Minnesota,7,6880
2015,22,Minnesota,8,4822
2015,22,Minnesota,10,8053
2015,22,Minnesota,11,3726
2015,22,Missouri,0,3659
2015,22,Missouri,1,4593
2015,22,Missouri,2,4327
2015,22,Missouri,3,1361
2015,22,Missouri,4,1917
2015,22,Missouri,5,1962
2015,22,Missouri,6,20723
2015,22,Missouri,7,7602
2015,22,Missouri,8,3405
2015,22,Missouri,10,7485
2015,22,Missouri,11,4552
2015,22,Nebraska,0,1197
2015,22,Nebraska,1,1561
2015,22,Nebraska,2,1250
2015,22,Nebraska,3,377
2015,22,Nebraska,4,434
2015,22,Nebraska,5,516
2015,22,Nebraska,6,5925
2015,22,Nebraska,7,2612
2015,22,Nebraska,8,1470
2015,22,Nebraska,10,2536
2015,22,Nebraska,11,1211
2015,22,North Dakota,0,512
2015,22,North Dakota,1,658
2015,22,North Dakota,2,573
2015,22,North Dakota,3,145
2015,22,North Dakota,4,169
2015,22,North Dakota,5,164
2015,22,North Dakota,6,2289
2015,22,North Dakota,7,1098
2015,22,North Dakota,8,769
2015,22,North Dakota,10,1148
2015,22,North Dakota,11,344
2015,22,South Dakota,0,550
2015,22,South Dakota,1,773
2015,22,South Dakota,2,670
2015,22,South Dakota,3,196
2015,22,South Dakota,4,224
2015,22,South Dakota,5,222
2015,22,South Dakota,6,2838
2015,22,South Dakota,7,1076
2015,22,South Dakota,8,680
2015,22,South Dakota,10,1140
2015,22,South Dakota,11,373
2015,31,Delaware,0,496
2015,31,Delaware,1,646
2015,31,Delaware,2,554
2015,31,Delaware,3,191
2015,31,Delaware,4,231
2015,31,Delaware,5,229
2015,31,Delaware,6,2841
2015,31,Delaware,7,1029
2015,31,Delaware,8,557
2015,31,Delaware,10,1326
2015,31,Delaware,11,917
2015,31,District of Columbia,0,371
2015,31,District of Columbia,1,395
2015,31,District of Columbia,2,296
2015,31,District of Columbia,3,116
2015,31,District of Columbia,4,116
2015,31,District of Columbia,5,116
2015,31,District of Columbia,6,1257
2015,31,District of Columbia,7,702
2015,31,District of Columbia,8,146
2015,31,District of Columbia,10,1393
2015,31,District of Columbia,11,1702
2015,31,Florida,0,10515
2015,31,Florida,1,13312
2015,31,Florida,2,12160
2015,31,Florida,3,4194
2015,31,Florida,4,4842
2015,31,Florida,5,5120
2015,31,Florida,6,60074
2015,31,Florida,7,23506
2015,31,Florida,8,15085
2015,31,Florida,10,28712
2015,31,Florida,11,17028
2015,31,Georgia,0,6080
2015,31,Georgia,1,8183
2015,31,Georgia,2,7132
2015,31,Georgia,3,2656
2015,31,Georgia,4,3219
2015,31,Georgia,5,3261
2015,31,Georgia,6,28450
2015,31,Georgia,7,12196
2015,31,Georgia,8,5133
2015,31,Georgia,10,13219
2015,31,Georgia,11,8325
2015,31,Maryland,0,3394
2015,31,Maryland,1,4612
2015,31,Maryland,2,3711
2015,31,Maryland,3,1207
2015,31,Maryland,4,1464
2015,31,Maryland,5,1561
2015,31,Maryland,6,15588
2015,31,Maryland,7,6843
2015,31,Maryland,8,2954
2015,31,Maryland,10,9689
2015,31,Maryland,11,8309
2015,31,North Carolina,0,5853
2015,31,North Carolina,1,7191
2015,31,North Carolina,2,6963
2015,31,North Carolina,3,2753
2015,31,North Carolina,4,3091
2015,31,North Carolina,5,2965
2015,31,North Carolina,6,27719
2015,31,North Carolina,7,12487
2015,31,North Carolina,8,6844
2015,31,North Carolina,10,14266
2015,31,North Carolina,11,8052
2015,31,South Carolina,0,2653
2015,31,South Carolina,1,3388
2015,31,South Carolina,2,3207
2015,31,South Carolina,3,1232
2015,31,South Carolina,4,1528
2015,31,South Carolina,5,1503
2015,31,South Carolina,6,14959
2015,31,South Carolina,7,6142
2015,31,South Carolina,8,3392
2015,31,South Carolina,10,6399
2015,31,South Carolina,11,3620
2015,31,Virginia,0,4798
2015,31,Virginia,1,6302
2015,31,Virginia,2,5646
2015,31,Virginia,3,1823
2015,31,Virginia,4,2097
2015,31,Virginia,5,2186
2015,31,Virginia,6,22099
2015,31,Virginia,7,9921
2015,31,Virginia,8,4563
2015,31,Virginia,10,13859
2015,31,Virginia,11,10178
2015,31,West Virginia,0,950
2015,31,West Virginia,1,1158
2015,31,West Virginia,2,1283
2015,31,West Virginia,3,551
2015,31,West Virginia,4,597
2015,31,West Virginia,5,559
2015,31,West Virginia,6,7143
2015,31,West Virginia,7,2064
2015,31,West Virginia,8,939
2015,31,West Virginia,10,1682
2015,31,West Virginia,11,1125
2015,32,Alabama,0,2725
2015,32,Alabama,1,3343
2015,32,Alabama,2,3354
2015,32,Alabama,3,1423
2015,32,Alabama,4,1724
2015,32,Alabama,5,1733
2015,32,Alabama,6,15535
2015,32,Alabama,7,6286
2015,32,Alabama,8,2925
2015,32,Alabama,10,5303
2015,32,Alabama,11,3125
2015,32,Kentucky,0,2633
2015,32,Kentucky,1,3358
2015,32,Kentucky,2,3739
2015,32,Kentucky,3,1317
2015,32,Kentucky,4,1384
2015,32,Kentucky,5,1389
2015,32,Kentucky,6,15210
2015,32,Kentucky,7,5173
2015,32,Kentucky,8,2539
2015,32,Kentucky,10,4635
2015,32,Kentucky,11,3372
2015,32,Mississippi,0,1886
2015,32,Mississippi,1,2465
2015,32,Mississippi,2,2354
2015,32,Mississippi,3,852
2015,32,Mississippi,4,1073
2015,32,Mississippi,5,1128
2015,32,Mississippi,6,9224
2015,32,Mississippi,7,4066
2015,32,Mississippi,8,1975
2015,32,Mississippi,10,2811
2015,32,Mississippi,11,1766
2015,32,Tennessee,0,3965
2015,32,Tennessee,1,4842
2015,32,Tennessee,2,4855
2015,32,Tennessee,3,1551
2015,32,Tennessee,4,1986
2015,32,Tennessee,5,2243
2015,32,Tennessee,6,22147
2015,32,Tennessee,7,7826
2015,32,Tennessee,8,3318
2015,32,Tennessee,10,8023
2015,32,Tennessee,11,4793
2015,33,Arkansas,0,1878
2015,33,Arkansas,1,2329
2015,33,Arkansas,2,2218
2015,33,Arkansas,3,785
2015,33,Arkansas,4,912
2015,33,Arkansas,5,1054
2015,33,Arkansas,6,10608
2015,33,Arkansas,7,3856
2015,33,Arkansas,8,1555
2015,33,Arkansas,10,2870
2015,33,Arkansas,11,1540
2015,33,Louisiana,0,2772
2015,33,Louisiana,1,3412
2015,33,Louisiana,2,3212
2015,33,Louisiana,3,1201
2015,33,Louisiana,4,1465
2015,33,Louisiana,5,1609
2015,33,Louisiana,6,14690
2015,33,Louisiana,7,5570
2015,33,Louisiana,8,1962
2015,33,Louisiana,10,5133
2015,33,Louisiana,11,2866
2015,33,Oklahoma,0,2444
2015,33,Oklahoma,1,3229
2015,33,Oklahoma,2,2778
2015,33,Oklahoma,3,1015
2015,33,Oklahoma,4,1178
2015,33,Oklahoma,5,1455
2015,33,Oklahoma,6,12413
2015,33,Oklahoma,7,4818
2015,33,Oklahoma,8,1983
2015,33,Oklahoma,10,4074
2015,33,Oklahoma,11,1864
2015,33,Texas,0,18934
2015,33,Texas,1,24350
2015,33,Texas,2,23027
2015,33,Texas,3,7904
2015,33,Texas,4,7226
2015,33,Texas,5,7744
2015,33,Texas,6,70585
2015,33,Texas,7,32482
2015,33,Texas,8,13055
2015,33,Texas,10,35376
2015,33,Texas,11,18541
2015,41,Arizona,0,4691
2015,41,Arizona,1,5505
2015,41,Arizona,2,4940
2015,41,Arizona,3,1674
2015,41,Arizona,4,1857
2015,41,Arizona,5,2119
2015,41,Arizona,6,18457
2015,41,Arizona,7,9456
2015,41,Arizona,8,4272
2015,41,Arizona,10,8785
2015,41,Arizona,11,5258
2015,41,Colorado,0,3064
2015,41,Colorado,1,4316
2015,41,Colorado,2,3472
2015,41,Colorado,3,1022
2015,41,Colorado,4,1128
2015,41,Colorado,5,1221
2015,41,Colorado,6,13122
2015,41,Colorado,7,6877
2015,41,Colorado,8,3321
2015,41,Colorado,10,10103
2015,41,Colorado,11,5924
2015,41,Idaho,0,1103
2015,41,Idaho,1,1416
2015,41,Idaho,2,1078
2015,41,Idaho,3,345
2015,41,Idaho,4,412
2015,41,Idaho,5,482
2015,41,Idaho,6,4713
2015,41,Idaho,7,2339
2015,41,Idaho,8,1090
2015,41,Idaho,10,1875
2015,41,Idaho,11,872
2015,41,Montana,0,543
2015,41,Montana,1,701
2015,41,Montana,2,582
2015,41,Montana,3,193
2015,41,Montana,4,213
2015,41,Montana,5,228
2015,41,Montana,6,3176
2015,41,Montana,7,1408
2015,41,Montana,8,672
2015,41,Montana,10,1422
2015,41,Montana,11,703
2015,41,Nevada,0,1832
2015,41,Nevada,1,2029
2015,41,Nevada,2,1945
2015,41,Nevada,3,641
2015,41,Nevada,4,640
2015,41,Nevada,5,824
2015,41,Nevada,6,8294
2015,41,Nevada,7,3957
2015,41,Nevada,8,1723
2015,41,Nevada,10,3256
2015,41,Nevada,11,1847
2015,41,New Mexico,0,1228
2015,41,New Mexico,1,1600
2015,41,New Mexico,2,1505
2015,41,New Mexico,3,528
2015,41,New Mexico,4,631
2015,41,New Mexico,5,738
2015,41,New Mexico,6,5359
2015,41,New Mexico,7,2767
2015,41,New Mexico,8,1094
2015,41,New Mexico,10,1970
2015,41,New Mexico,11,1652
2015,41,Utah,0,2298
2015,41,Utah,1,3058
2015,41,Utah,2,2239
2015,41,Utah,3,633
2015,41,Utah,4,671
2015,41,Utah,5,828
2015,41,Utah,6,7287
2015,41,Utah,7,4182
2015,41,Utah,8,1963
2015,41,Utah,10,4113
2015,41,Utah,11,2018
2015,41,Wyoming,0,345
2015,41,Wyoming,1,477
2015,41,Wyoming,2,363
2015,41,Wyoming,3,112
2015,41,Wyoming,4,121
2015,41,Wyoming,5,158
2015,41,Wyoming,6,1760
2015,41,Wyoming,7,876
2015,41,Wyoming,8,480
2015,41,Wyoming,10,767
2015,41,Wyoming,11,360
2015,42,Alaska,0,543
2015,42,Alaska,1,630
2015,42,Alaska,2,514
2015,42,Alaska,3,156
2015,42,Alaska,4,191
2015,42,Alaska,5,207
2015,42,Alaska,6,2090
2015,42,Alaska,7,952
2015,42,Alaska,8,310
2015,42,Alaska,10,652
2015,42,Alaska,11,374
2015,42,California,0,26890
2015,42,California,1,31384
2015,42,California,2,31486
2015,42,California,3,9659
2015,42,California,4,8588
2015,42,California,5,10971
2015,42,California,6,91791
2015,42,California,7,50336
2015,42,California,8,22102
2015,42,California,10,57086
2015,42,California,11,34650
2015,42,Hawaii,0,880
2015,42,Hawaii,1,1024
2015,42,Hawaii,2,874
2015,42,Hawaii,3,242
2015,42,Hawaii,4,307
2015,42,Hawaii,5,279
2015,42,Hawaii,6,4163
2015,42,Hawaii,7,1856
2015,42,Hawaii,8,1129
2015,42,Hawaii,10,2222
2015,42,Hawaii,11,1148
2015,42,Oregon,0,2259
2015,42,Oregon,1,2837
2015,42,Oregon,2,2292
2015,42,Oregon,3,769
2015,42,Oregon,4,874
2015,42,Oregon,5,1046
2015,42,Oregon,6,11519
2015,42,Oregon,7,5827
2015,42,Oregon,8,2766
2015,42,Oregon,10,6214
2015,42,Oregon,11,3589
2015,42,Washington,0,4589
2015,42,Washington,1,5589
2015,42,Washington,2,4448
2015,42,Washington,3,1301
2015,42,Washington,4,1537
2015,42,Washington,5,1768
2015,42,Washington,6,19354
2015,42,Washington,7,9768
2015,42,Washington,8,5367
2015,42,Washington,10,11452
2015,42,Washington,11,6631
2017,11,Connecticut,0,1800
2017,11,Connecticut,1,2501
2017,11,Connecticut,2,2329
2017,11,Connecticut,3,676
2017,11,Connecticut,4,758
2017,11,Connecticut,5,876
2017,11,Connecticut,6,9748
2017,11,Connecticut,7,3743
2017,11,Connecticut,8,2138
2017,11,Connecticut,10,6321
2017,11,Connecticut,11,5088
2017,11,Maine,0,614
2017,11,Maine,1,770
2017,11,Maine,2,674
2017,11,Maine,3,223
2017,11,Maine,4,292
2017,11,Maine,5,290
2017,11,Maine,6,4205
2017,11,Maine,7,1482
2017,11,Maine,8,959
2017,11,Maine,10,1935
2017,11,Maine,11,1139
2017,11,Massachusetts,0,3545
2017,11,Massachusetts,1,4910
2017,11,Massachusetts,2,4071
2017,11,Massachusetts,3,1325
2017,11,Massachusetts,4,1471
2017,11,Massachusetts,5,1460
2017,11,Massachusetts,6,17440
2017,11,Massachusetts,7,7359
2017,11,Massachusetts,8,3991
2017,11,Massachusetts,10,13314
2017,11,Massachusetts,11,10749
2017,11,New Hampshire,0,590
2017,11,New Hampshire,1,781
2017,11,New Hampshire,2,732
2017,11,New Hampshire,3,251
2017,11,New Hampshire,4,325
2017,11,New Hampshire,5,282
2017,11,New Hampshire,6,4162
2017,11,New Hampshire,7,1536
2017,11,New Hampshire,8,1072
2017,11,New Hampshire,10,2462
2017,11,New Hampshire,11,1515
2017,11,Rhode Island,0,565
2017,11,Rhode Island,1,698
2017,11,Rhode Island,2,607
2017,11,Rhode Island,3,209
2017,11,Rhode Island,4,217
2017,11,Rhode Island,5,272
2017,11,Rhode Island,6,3111
2017,11,Rhode Island,7,1216
2017,11,Rhode Island,8,675
2017,11,Rhode Island,10,1749
2017,11,Rhode Island,11,1197
2017,11,Vermont,0,277
2017,11,Vermont,1,380
2017,11,Vermont,2,338
2017,11,Vermont,3,89
2017,11,Vermont,4,140
2017,11,Vermont,5,141
2017,11,Vermont,6,2026
2017,11,Vermont,7,675
2017,11,Vermont,8,433
2017,11,Vermont,10,1080
2017,11,Vermont,11,761
2017,12,New Jersey,0,4801
2017,12,New Jersey,1,6881
2017,12,New Jersey,2,5724
2017,12,New Jersey,3,1656
2017,12,New Jersey,4,1852
2017,12,New Jersey,5,2084
2017,12,New Jersey,6,23638
2017,12,New Jersey,7,8879
2017,12,New Jersey,8,4724
2017,12,New Jersey,10,16867
2017,12,New Jersey,11,11008
2017,12,New York,0,11879
2017,12,New York,1,14240
2017,12,New York,2,13079
2017,12,New York,3,4088
2017,12,New York,4,4644
2017,12,New York,5,5337
2017,12,New York,6,55119
2017,12,New York,7,19947
2017,12,New York,8,14065
2017,12,New York,10,30802
2017,12,New York,11,23385
2017,12,Pennsylvania,0,6898
2017,12,Pennsylvania,1,8574
2017,12,Pennsylvania,2,7675
2017,12,Pennsylvania,3,2495
2017,12,Pennsylvania,4,3138
2017,12,Pennsylvania,5,3456
2017,12,Pennsylvania,6,45519
2017,12,Pennsylvania,7,12292
2017,12,Pennsylvania,8,8337
2017,12,Pennsylvania,10,17881
2017,12,Pennsylvania,11,11168
2017,21,Illinois,0,7307
2017,21,Illinois,1,9638
2017,21,Illinois,2,8560
2017,21,Illinois,3,2451
2017,21,Illinois,4,2958
2017,21,Illinois,5,3526
2017,21,Illinois,6,37123
2017,21,Illinois,7,15007
2017,21,Illinois,8,8189
2017,21,Illinois,10,19470
2017,21,Illinois,11,12253
2017,21,Indiana,0,4160
2017,21,Indiana,1,5246
2017,21,Indiana,2,4546
2017,21,Indiana,3,1580
2017,21,Indiana,4,1915
2017,21,Indiana,5,2033
2017,21,Indiana,6,23036
2017,21,Indiana,7,7594
2017,21,Indiana,8,4383
2017,21,Indiana,10,8045
2017,21,Indiana,11,4466
2017,21,Michigan,0,5554
2017,21,Michigan,1,6975
2017,21,Michigan,2,6012
2017,21,Michigan,3,1925
2017,21,Michigan,4,2548
2017,21,Michigan,5,2892
2017,21,Michigan,6,32604
2017,21,Michigan,7,12942
2017,21,Michigan,8,7190
2017,21,Michigan,10,12722
2017,21,Michigan,11,8095
2017,21,Ohio,0,6723
2017,21,Ohio,1,8564
2017,21,Ohio,2,7451
2017,21,Ohio,3,2361
2017,21,Ohio,4,3156
2017,21,Ohio,5,3530
2017,21,Ohio,6,41100
2017,21,Ohio,7,13640
2017,21,Ohio,8,7762
2017,21,Ohio,10,15222
2017,21,Ohio,11,9333
2017,21,Wisconsin,0,3130
2017,21,Wisconsin,1,4371
2017,21,Wisconsin,2,3673
2017,21,Wisconsin,3,998
2017,21,Wisconsin,4,1273
2017,21,Wisconsin,5,1450
2017,21,Wisconsin,6,20234
2017,21,Wisconsin,7,6853
2017,21,Wisconsin,8,5069
2017,21,Wisconsin,10,7989
2017,21,Wisconsin,11,4019
2017,22,Iowa,0,1886
2017,22,Iowa,1,2562
2017,22,Iowa,2,2045
2017,22,Iowa,3,645
2017,22,Iowa,4,712
2017,22,Iowa,5,823
2017,22,Iowa,6,10948
2017,22,Iowa,7,3994
2017,22,Iowa,8,2911
2017,22,Iowa,10,4126
2017,22,Iowa,11,1804
2017,22,Kansas,0,1792
2017,22,Kansas,1,2419
2017,22,Kansas,2,1941
2017,22,Kansas,3,614
2017,22,Kansas,4,687
2017,22,Kansas,5,742
2017,22,Kansas,6,8861
2017,22,Kansas,7,3723
2017,22,Kansas,8,1952
2017,22,Kansas,10,4295
2017,22,Kansas,11,2348
2017,22,Minnesota,0,3345
2017,22,Minnesota,1,4427
2017,22,Minnesota,2,3361
2017,22,Minnesota,3,932
2017,22,Minnesota,4,1120
2017,22,Minnesota,5,1267
2017,22,Minnesota,6,16013
2017,22,Minnesota,7,6938
2017,22,Minnesota,8,5111
2017,22,Minnesota,10,8546
2017,22,Minnesota,11,4101
2017,22,Missouri,0,3759
2017,22,Missouri,1,4717
2017,22,Missouri,2,4180
2017,22,Missouri,3,1285
2017,22,Missouri,4,1730
2017,22,Missouri,5,1868
2017,22,Missouri,6,20628
2017,22,Missouri,7,7541
2017,22,Missouri,8,3646
2017,22,Missouri,10,7958
2017,22,Missouri,11,4761
2017,22,Nebraska,0,1336
2017,22,Nebraska,1,1689
2017,22,Nebraska,2,1269
2017,22,Nebraska,3,357
2017,22,Nebraska,4,406
2017,22,Nebraska,5,447
2017,22,Nebraska,6,6007
2017,22,Nebraska,7,2465
2017,22,Nebraska,8,1522
2017,22,Nebraska,10,2740
2017,22,Nebraska,11,1307
2017,22,North Dakota,0,534
2017,22,North Dakota,1,612
2017,22,North Dakota,2,518
2017,22,North Dakota,3,113
2017,22,North Dakota,4,156
2017,22,North Dakota,5,190
2017,22,North Dakota,6,2346
2017,22,North Dakota,7,1077
2017,22,North Dakota,8,791
2017,22,North Dakota,10,1182
2017,22,North Dakota,11,373
2017,22,South Dakota,0,581
2017,22,South Dakota,1,759
2017,22,South Dakota,2,647
2017,22,South Dakota,3,178
2017,22,South Dakota,4,212
2017,22,South Dakota,5,284
2017,22,South Dakota,6,2746
2017,22,South Dakota,7,1123
2017,22,South Dakota,8,815
2017,22,South Dakota,10,1100
2017,22,South Dakota,11,436
2017,31,Delaware,0,456
2017,31,Delaware,1,595
2017,31,Delaware,2,554
2017,31,Delaware,3,152
2017,31,Delaware,4,205
2017,31,Delaware,5,213
2017,31,Delaware,6,2808
2017,31,Delaware,7,1006
2017,31,Delaware,8,552
2017,31,Delaware,10,1362
2017,31,Delaware,11,1040
2017,31,District of Columbia,0,323
2017,31,District of Columbia,1,397
2017,31,District of Columbia,2,245
2017,31,District of Columbia,3,103
2017,31,District of Columbia,4,110
2017,31,District of Columbia,5,138
2017,31,District of Columbia,6,1248
2017,31,District of Columbia,7,688
2017,31,District of Columbia,8,157
2017,31,District of Columbia,10,1380
2017,31,District of Columbia,11,1776
2017,31,Florida,0,10613
2017,31,Florida,1,13333
2017,31,Florida,2,11686
2017,31,Florida,3,4048
2017,31,Florida,4,4740
2017,31,Florida,5,4976
2017,31,Florida,6,61204
2017,31,Florida,7,23533
2017,31,Florida,8,16002
2017,31,Florida,10,30978
2017,31,Florida,11,18531
2017,31,Georgia,0,6019
2017,31,Georgia,1,8031
2017,31,Georgia,2,6881
2017,31,Georgia,3,2556
2017,31,Georgia,4,3207
2017,31,Georgia,5,3202
2017,31,Georgia,6,28882
2017,31,Georgia,7,12115
2017,31,Georgia,8,5793
2017,31,Georgia,10,14140
2017,31,Georgia,11,8973
2017,31,Maryland,0,3361
2017,31,Maryland,1,4501
2017,31,Maryland,2,3605
2017,31,Maryland,3,1200
2017,31,Maryland,4,1286
2017,31,Maryland,5,1386
2017,31,Maryland,6,15520
2017,31,Maryland,7,6623
2017,31,Maryland,8,3072
2017,31,Maryland,10,10030
2017,31,Maryland,11,8879
2017,31,North Carolina,0,5756
2017,31,North Carolina,1,7514
2017,31,North Carolina,2,6615
2017,31,North Carolina,3,2610
2017,31,North Carolina,4,2854
2017,31,North Carolina,5,2836
2017,31,North Carolina,6,28382
2017,31,North Carolina,7,12698
2017,31,North Carolina,8,7303
2017,31,North Carolina,10,15740
2017,31,North Carolina,11,8925
2017,31,South Carolina,0,2842
2017,31,South Carolina,1,3607
2017,31,South Carolina,2,3122
2017,31,South Carolina,3,1161
2017,31,South Carolina,4,1494
2017,31,South Carolina,5,1466
2017,31,South Carolina,6,15212
2017,31,South Carolina,7,6055
2017,31,South Carolina,8,3528
2017,31,South Carolina,10,6835
2017,31,South Carolina,11,4116
2017,31,Virginia,0,4937
2017,31,Virginia,1,6456
2017,31,Virginia,2,5378
2017,31,Virginia,3,1656
2017,31,Virginia,4,2033
2017,31,Virginia,5,2051
2017,31,Virginia,6,21639
2017,31,Virginia,7,9509
2017,31,Virginia,8,5022
2017,31,Virginia,10,14537
2017,31,Virginia,11,11204
2017,31,West Virginia,0,928
2017,31,West Virginia,1,1157
2017,31,West Virginia,2,1248
2017,31,West Virginia,3,468
2017,31,West Virginia,4,542
2017,31,West Virginia,5,512
2017,31,West Virginia,6,7008
2017,31,West Virginia,7,1951
2017,31,West Virginia,8,1001
2017,31,West Virginia,10,1783
2017,31,West Virginia,11,1160
2017,32,Alabama,0,2759
2017,32,Alabama,1,3407
2017,32,Alabama,2,3122
2017,32,Alabama,3,1293
2017,32,Alabama,4,1477
2017,32,Alabama,5,1657
2017,32,Alabama,6,15465
2017,32,Alabama,7,6251
2017,32,Alabama,8,3128
2017,32,Alabama,10,5559
2017,32,Alabama,11,3527
2017,32,Kentucky,0,2713
2017,32,Kentucky,1,3439
2017,32,Kentucky,2,3568
2017,32,Kentucky,3,1222
2017,32,Kentucky,4,1267
2017,32,Kentucky,5,1286
2017,32,Kentucky,6,15175
2017,32,Kentucky,7,5329
2017,32,Kentucky,8,2681
2017,32,Kentucky,10,4994
2017,32,Kentucky,11,3535
2017,32,Mississippi,0,1734
2017,32,Mississippi,1,2431
2017,32,Mississippi,2,2184
2017,32,Mississippi,3,833
2017,32,Mississippi,4,1022
2017,32,Mississippi,5,1085
2017,32,Mississippi,6,8996
2017,32,Mississippi,7,3770
2017,32,Mississippi,8,2181
2017,32,Mississippi,10,3026
2017,32,Mississippi,11,1834
2017,32,Tennessee,0,3949
2017,32,Tennessee,1,4753
2017,32,Tennessee,2,4667
2017,32,Tennessee,3,1541
2017,32,Tennessee,4,1934
2017,32,Tennessee,5,2091
2017,32,Tennessee,6,22205
2017,32,Tennessee,7,7876
2017,32,Tennessee,8,3672
2017,32,Tennessee,10,8698
2017,32,Tennessee,11,5189
2017,33,Arkansas,0,1812
2017,33,Arkansas,1,2281
2017,33,Arkansas,2,2160
2017,33,Arkansas,3,782
2017,33,Arkansas,4,890
2017,33,Arkansas,5,1095
2017,33,Arkansas,6,10686
2017,33,Arkansas,7,3730
2017,33,Arkansas,8,1608
2017,33,Arkansas,10,3229
2017,33,Arkansas,11,1748
2017,33,Louisiana,0,2596
2017,33,Louisiana,1,3440
2017,33,Louisiana,2,3131
2017,33,Louisiana,3,1207
2017,33,Louisiana,4,1430
2017,33,Louisiana,5,1680
2017,33,Louisiana,6,14543
2017,33,Louisiana,7,5659
2017,33,Louisiana,8,1972
2017,33,Louisiana,10,5317
2017,33,Louisiana,11,3049
2017,33,Oklahoma,0,2368
2017,33,Oklahoma,1,3244
2017,33,Oklahoma,2,2786
2017,33,Oklahoma,3,940
2017,33,Oklahoma,4,1116
2017,33,Oklahoma,5,1224
2017,33,Oklahoma,6,12515
2017,33,Oklahoma,7,4847
2017,33,Oklahoma,8,2096
2017,33,Oklahoma,10,4016
2017,33,Oklahoma,11,1953
2017,33,Texas,0,19205
2017,33,Texas,1,23746
2017,33,Texas,2,22505
2017,33,Texas,3,7874
2017,33,Texas,4,7083
2017,33,Texas,5,7808
2017,33,Texas,6,70800
2017,33,Texas,7,33015
2017,33,Texas,8,14302
2017,33,Texas,10,38486
2017,33,Texas,11,21018
2017,41,Arizona,0,4433
2017,41,Arizona,1,5237
2017,41,Arizona,2,5001
2017,41,Arizona,3,1771
2017,41,Arizona,4,1730
2017,41,Arizona,5,2002
2017,41,Arizona,6,19230
2017,41,Arizona,7,9811
2017,41,Arizona,8,4400
2017,41,Arizona,10,9447
2017,41,Arizona,11,5801
2017,41,Colorado,0,3165
2017,41,Colorado,1,4278
2017,41,Colorado,2,3441
2017,41,Colorado,3,1040
2017,41,Colorado,4,1187
2017,41,Colorado,5,1251
2017,41,Colorado,6,13348
2017,41,Colorado,7,7002
2017,41,Colorado,8,3451
2017,41,Colorado,10,10918
2017,41,Colorado,11,6519
2017,41,Idaho,0,1156
2017,41,Idaho,1,1434
2017,41,Idaho,2,1166
2017,41,Idaho,3,355
2017,41,Idaho,4,428
2017,41,Idaho,5,485
2017,41,Idaho,6,4945
2017,41,Idaho,7,2346
2017,41,Idaho,8,1172
2017,41,Idaho,10,2103
2017,41,Idaho,11,946
2017,41,Montana,0,609
2017,41,Montana,1,769
2017,41,Montana,2,606
2017,41,Montana,3,170
2017,41,Montana,4,191
2017,41,Montana,5,271
2017,41,Montana,6,3144
2017,41,Montana,7,1441
2017,41,Montana,8,701
2017,41,Montana,10,1587
2017,41,Montana,11,732
2017,41,Nevada,0,1884
2017,41,Nevada,1,2194
2017,41,Nevada,2,1850
2017,41,Nevada,3,678
2017,41,Nevada,4,622
2017,41,Nevada,5,842
2017,41,Nevada,6,8897
2017,41,Nevada,7,4069
2017,41,Nevada,8,1802
2017,41,Nevada,10,3628
2017,41,Nevada,11,1947
2017,41,New Mexico,0,1178
2017,41,New Mexico,1,1588
2017,41,New Mexico,2,1395
2017,41,New Mexico,3,522
2017,41,New Mexico,4,601
2017,41,New Mexico,5,624
2017,41,New Mexico,6,5426
2017,41,New Mexico,7,2715
2017,41,New Mexico,8,1149
2017,41,New Mexico,10,2118
2017,41,New Mexico,11,1705
2017,41,Utah,0,2433
2017,41,Utah,1,3238
2017,41,Utah,2,2293
2017,41,Utah,3,643
2017,41,Utah,4,690
2017,41,Utah,5,818
2017,41,Utah,6,7463
2017,41,Utah,7,4361
2017,41,Utah,8,2098
2017,41,Utah,10,4512
2017,41,Utah,11,2355
2017,41,Wyoming,0,360
2017,41,Wyoming,1,563
2017,41,Wyoming,2,401
2017,41,Wyoming,3,109
2017,41,Wyoming,4,115
2017,41,Wyoming,5,161
2017,41,Wyoming,6,1762
2017,41,Wyoming,7,820
2017,41,Wyoming,8,460
2017,41,Wyoming,10,727
2017,41,Wyoming,11,434
2017,42,Alaska,0,519
2017,42,Alaska,1,715
2017,42,Alaska,2,542
2017,42,Alaska,3,143
2017,42,Alaska,4,207
2017,42,Alaska,5,223
2017,42,Alaska,6,2118
2017,42,Alaska,7,879
2017,42,Alaska,8,340
2017,42,Alaska,10,687
2017,42,Alaska,11,373
2017,42,California,0,26605
2017,42,California,1,30449
2017,42,California,2,30135
2017,42,California,3,8781
2017,42,California,4,8266
2017,42,California,5,10465
2017,42,California,6,91791
2017,42,California,7,49986
2017,42,California,8,22878
2017,42,California,10,61113
2017,42,California,11,37106
2017,42,Hawaii,0,919
2017,42,Hawaii,1,1069
2017,42,Hawaii,2,867
2017,42,Hawaii,3,223
2017,42,Hawaii,4,251
2017,42,Hawaii,5,280
2017,42,Hawaii,6,4404
2017,42,Hawaii,7,1785
2017,42,Hawaii,8,1091
2017,42,Hawaii,10,2284
2017,42,Hawaii,11,1260
2017,42,Oregon,0,2236
2017,42,Oregon,1,2951
2017,42,Oregon,2,2334
2017,42,Oregon,3,702
2017,42,Oregon,4,901
2017,42,Oregon,5,1028
2017,42,Oregon,6,11470
2017,42,Oregon,7,5946
2017,42,Oregon,8,2854
2017,42,Oregon,10,6714
2017,42,Oregon,11,4083
2017,42,Washington,0,4601
2017,42,Washington,1,5746
2017,42,Washington,2,4302
2017,42,Washington,3,1392
2017,42,Washington,4,1519
2017,42,Washington,5,1778
2017,42,Washington,6,19723
2017,42,Washington,7,9885
2017,42,Washington,8,5878
2017,42,Washington,10,12441
2017,42,Washington,11,7430
2018,11,Connecticut,0,1751
2018,11,Connecticut,1,2576
2018,11,Connecticut,2,2256
2018,11,Connecticut,3,720
2018,11,Connecticut,4,780
2018,11,Connecticut,5,833
2018,11,Connecticut,6,9894
2018,11,Connecticut,7,3706
2018,11,Connecticut,8,2142
2018,11,Connecticut,10,6363
2018,11,Connecticut,11,5266
2018,11,Maine,0,570
2018,11,Maine,1,768
2018,11,Maine,2,783
2018,11,Maine,3,195
2018,11,Maine,4,249
2018,11,Maine,5,326
2018,11,Maine,6,4678
2018,11,Maine,7,1687
2018,11,Maine,8,981
2018,11,Maine,10,1912
2018,11,Maine,11,1126
2018,11,Massachusetts,0,3596
2018,11,Massachusetts,1,4842
2018,11,Massachusetts,2,3917
2018,11,Massachusetts,3,1328
2018,11,Massachusetts,4,1350
2018,11,Massachusetts,5,1516
2018,11,Massachusetts,6,17370
2018,11,Massachusetts,7,7359
2018,11,Massachusetts,8,4035
2018,11,Massachusetts,10,13684
2018,11,Massachusetts,11,11134
2018,11,New Hampshire,0,607
2018,11,New Hampshire,1,875
2018,11,New Hampshire,2,708
2018,11,New Hampshire,3,221
2018,11,New Hampshire,4,287
2018,11,New Hampshire,5,285
2018,11,New Hampshire,6,4109
2018,11,New Hampshire,7,1550
2018,11,New Hampshire,8,1076
2018,11,New Hampshire,10,2475
2018,11,New Hampshire,11,1587
2018,11,Rhode Island,0,568
2018,11,Rhode Island,1,731
2018,11,Rhode Island,2,573
2018,11,Rhode Island,3,176
2018,11,Rhode Island,4,264
2018,11,Rhode Island,5,237
2018,11,Rhode Island,6,3096
2018,11,Rhode Island,7,1134
2018,11,Rhode Island,8,701
2018,11,Rhode Island,10,1757
2018,11,Rhode Island,11,1252
2018,11,Vermont,0,304
2018,11,Vermont,1,380
2018,11,Vermont,2,301
2018,11,Vermont,3,90
2018,11,Vermont,4,129
2018,11,Vermont,5,131
2018,11,Vermont,6,1986
2018,11,Vermont,7,745
2018,11,Vermont,8,427
2018,11,Vermont,10,1146
2018,11,Vermont,11,797
2018,12,New Jersey,0,4797
2018,12,New Jersey,1,6624
2018,12,New Jersey,2,5515
2018,12,New Jersey,3,1565
2018,12,New Jersey,4,1757
2018,12,New Jersey,5,2061
2018,12,New Jersey,6,23844
2018,12,New Jersey,7,8985
2018,12,New Jersey,8,4674
2018,12,New Jersey,10,17358
2018,12,New Jersey,11,11406
2018,12,New York,0,11951
2018,12,New York,1,13906
2018,12,New York,2,12869
2018,12,New York,3,3975
2018,12,New York,4,4506
2018,12,New York,5,4947
2018,12,New York,6,54986
2018,12,New York,7,19782
2018,12,New York,8,14096
2018,12,New York,10,31360
2018,12,New York,11,24589
2018,12,Pennsylvania,0,6596
2018,12,Pennsylvania,1,8566
2018,12,Pennsylvania,2,7580
2018,12,Pennsylvania,3,2587
2018,12,Pennsylvania,4,2938
2018,12,Pennsylvania,5,3239
2018,12,Pennsylvania,6,47535
2018,12,Pennsylvania,7,12124
2018,12,Pennsylvania,8,8553
2018,12,Pennsylvania,10,17943
2018,12,Pennsylvania,11,11405
2018,21,Illinois,0,7360
2018,21,Illinois,1,9424
2018,21,Illinois,2,8271
2018,21,Illinois,3,2399
2018,21,Illinois,4,2815
2018,21,Illinois,5,3362
2018,21,Illinois,6,37637
2018,21,Illinois,7,14220
2018,21,Illinois,8,8351
2018,21,Illinois,10,19845
2018,21,Illinois,11,12772
2018,21,Indiana,0,4197
2018,21,Indiana,1,5299
2018,21,Indiana,2,4625
2018,21,Indiana,3,1574
2018,21,Indiana,4,1772
2018,21,Indiana,5,1936
2018,21,Indiana,6,23655
2018,21,Indiana,7,7357
2018,21,Indiana,8,4491
2018,21,Indiana,10,8210
2018,21,Indiana,11,4564
2018,21,Michigan,0,5523
2018,21,Michigan,1,6790
2018,21,Michigan,2,5799
2018,21,Michigan,3,1917
2018,21,Michigan,4,2414
2018,21,Michigan,5,2761
2018,21,Michigan,6,32995
2018,21,Michigan,7,12553
2018,21,Michigan,8,7464
2018,21,Michigan,10,13053
2018,21,Michigan,11,8150
2018,21,Ohio,0,6894
2018,21,Ohio,1,8525
2018,21,Ohio,2,7253
2018,21,Ohio,3,2348
2018,21,Ohio,4,3061
2018,21,Ohio,5,3442
2018,21,Ohio,6,41237
2018,21,Ohio,7,13351
2018,21,Ohio,8,7693
2018,21,Ohio,10,15627
2018,21,Ohio,11,9655
2018,21,Wisconsin,0,3306
2018,21,Wisconsin,1,4194
2018,21,Wisconsin,2,3697
2018,21,Wisconsin,3,1000
2018,21,Wisconsin,4,1321
2018,21,Wisconsin,5,1511
2018,21,Wisconsin,6,20558
2018,21,Wisconsin,7,6867
2018,21,Wisconsin,8,5169
2018,21,Wisconsin,10,8182
2018,21,Wisconsin,11,4028
2018,22,Iowa,0,1879
2018,22,Iowa,1,2421
2018,22,Iowa,2,2024
2018,22,Iowa,3,618
2018,22,Iowa,4,676
2018,22,Iowa,5,745
2018,22,Iowa,6,11110
2018,22,Iowa,7,3879
2018,22,Iowa,8,3007
2018,22,Iowa,10,4259
2018,22,Iowa,11,1744
2018,22,Kansas,0,1809
2018,22,Kansas,1,2298
2018,22,Kansas,2,1972
2018,22,Kansas,3,631
2018,22,Kansas,4,653
2018,22,Kansas,5,747
2018,22,Kansas,6,9137
2018,22,Kansas,7,3755
2018,22,Kansas,8,2008
2018,22,Kansas,10,4251
2018,22,Kansas,11,2306
2018,22,Minnesota,0,3260
2018,22,Minnesota,1,4260
2018,22,Minnesota,2,3296
2018,22,Minnesota,3,989
2018,22,Minnesota,4,1065
2018,22,Minnesota,5,1237
2018,22,Minnesota,6,16461
2018,22,Minnesota,7,6925
2018,22,Minnesota,8,5342
2018,22,Minnesota,10,8773
2018,22,Minnesota,11,4175
2018,22,Missouri,0,3681
2018,22,Missouri,1,4579
2018,22,Missouri,2,3990
2018,22,Missouri,3,1266
2018,22,Missouri,4,1686
2018,22,Missouri,5,1720
2018,22,Missouri,6,21162
2018,22,Missouri,7,7477
2018,22,Missouri,8,3821
2018,22,Missouri,10,8007
2018,22,Missouri,11,5027
2018,22,Nebraska,0,1251
2018,22,Nebraska,1,1550
2018,22,Nebraska,2,1219
2018,22,Nebraska,3,367
2018,22,Nebraska,4,427
2018,22,Nebraska,5,475
2018,22,Nebraska,6,5858
2018,22,Nebraska,7,2503
2018,22,Nebraska,8,1638
2018,22,Nebraska,10,2821
2018,22,Nebraska,11,1342
2018,22,North Dakota,0,533
2018,22,North Dakota,1,569
2018,22,North Dakota,2,487
2018,22,North Dakota,3,131
2018,22,North Dakota,4,143
2018,22,North Dakota,5,176
2018,22,North Dakota,6,2341
2018,22,North Dakota,7,1040
2018,22,North Dakota,8,889
2018,22,North Dakota,10,1162
2018,22,North Dakota,11,405
2018,22,South Dakota,0,627
2018,22,South Dakota,1,822
2018,22,South Dakota,2,669
2018,22,South Dakota,3,162
2018,22,South Dakota,4,197
2018,22,South Dakota,5,221
2018,22,South Dakota,6,2746
2018,22,South Dakota,7,1051
2018,22,South Dakota,8,833
2018,22,South Dakota,10,1193
2018,22,South Dakota,11,465
2018,31,Delaware,0,434
2018,31,Delaware,1,565
2018,31,Delaware,2,548
2018,31,Delaware,3,146
2018,31,Delaware,4,250
2018,31,Delaware,5,217
2018,31,Delaware,6,3025
2018,31,Delaware,7,979
2018,31,Delaware,8,566
2018,31,Delaware,10,1380
2018,31,Delaware,11,1013
2018,31,District of Columbia,0,320
2018,31,District of Columbia,1,363
2018,31,District of Columbia,2,263
2018,31,District of Columbia,3,75
2018,31,District of Columbia,4,94
2018,31,District of Columbia,5,139
2018,31,District of Columbia,6,1229
2018,31,District of Columbia,7,557
2018,31,District of Columbia,8,131
2018,31,District of Columbia,10,1509
2018,31,District of Columbia,11,1869
2018,31,Florida,0,10472
2018,31,Florida,1,12961
2018,31,Florida,2,11626
2018,31,Florida,3,4018
2018,31,Florida,4,4463
2018,31,Florida,5,5000
2018,31,Florida,6,62539
2018,31,Florida,7,23041
2018,31,Florida,8,16226
2018,31,Florida,10,32182
2018,31,Florida,11,19632
2018,31,Georgia,0,6005
2018,31,Georgia,1,7888
2018,31,Georgia,2,6881
2018,31,Georgia,3,2471
2018,31,Georgia,4,3083
2018,31,Georgia,5,3033
2018,31,Georgia,6,29256
2018,31,Georgia,7,11904
2018,31,Georgia,8,5905
2018,31,Georgia,10,14766
2018,31,Georgia,11,9663
2018,31,Maryland,0,3374
2018,31,Maryland,1,4468
2018,31,Maryland,2,3500
2018,31,Maryland,3,1176
2018,31,Maryland,4,1396
2018,31,Maryland,5,1411
2018,31,Maryland,6,15896
2018,31,Maryland,7,6290
2018,31,Maryland,8,3076
2018,31,Maryland,10,10144
2018,31,Maryland,11,9109
2018,31,North Carolina,0,5983
2018,31,North Carolina,1,7290
2018,31,North Carolina,2,6544
2018,31,North Carolina,3,2470
2018,31,North Carolina,4,2756
2018,31,North Carolina,5,2780
2018,31,North Carolina,6,28837
2018,31,North Carolina,7,12686
2018,31,North Carolina,8,7828
2018,31,North Carolina,10,16092
2018,31,North Carolina,11,9257
2018,31,South Carolina,0,2766
2018,31,South Carolina,1,3426
2018,31,South Carolina,2,3023
2018,31,South Carolina,3,1150
2018,31,South Carolina,4,1435
2018,31,South Carolina,5,1482
2018,31,South Carolina,6,15420
2018,31,South Carolina,7,6177
2018,31,South Carolina,8,3760
2018,31,South Carolina,10,6950
2018,31,South Carolina,11,4229
2018,31,Virginia,0,4812
2018,31,Virginia,1,6321
2018,31,Virginia,2,5252
2018,31,Virginia,3,1582
2018,31,Virginia,4,1967
2018,31,Virginia,5,2105
2018,31,Virginia,6,22139
2018,31,Virginia,7,9231
2018,31,Virginia,8,4984
2018,31,Virginia,10,14857
2018,31,Virginia,11,11505
2018,31,West Virginia,0,931
2018,31,West Virginia,1,1096
2018,31,West Virginia,2,1199
2018,31,West Virginia,3,476
2018,31,West Virginia,4,544
2018,31,West Virginia,5,509
2018,31,West Virginia,6,7217
2018,31,West Virginia,7,1971
2018,31,West Virginia,8,1057
2018,31,West Virginia,10,1841
2018,31,West Virginia,11,1225
2018,32,Alabama,0,2698
2018,32,Alabama,1,3330
2018,32,Alabama,2,3053
2018,32,Alabama,3,1266
2018,32,Alabama,4,1541
2018,32,Alabama,5,1624
2018,32,Alabama,6,15697
2018,32,Alabama,7,6165
2018,32,Alabama,8,3200
2018,32,Alabama,10,5716
2018,32,Alabama,11,3487
2018,32,Kentucky,0,2847
2018,32,Kentucky,1,3365
2018,32,Kentucky,2,3383
2018,32,Kentucky,3,1172
2018,32,Kentucky,4,1219
2018,32,Kentucky,5,1296
2018,32,Kentucky,6,15228
2018,32,Kentucky,7,5177
2018,32,Kentucky,8,2832
2018,32,Kentucky,10,5236
2018,32,Kentucky,11,3720
2018,32,Mississippi,0,1770
2018,32,Mississippi,1,2234
2018,32,Mississippi,2,2132
2018,32,Mississippi,3,794
2018,32,Mississippi,4,950
2018,32,Mississippi,5,976
2018,32,Mississippi,6,9048
2018,32,Mississippi,7,3761
2018,32,Mississippi,8,2235
2018,32,Mississippi,10,3223
2018,32,Mississippi,11,2001
2018,32,Tennessee,0,4076
2018,32,Tennessee,1,4927
2018,32,Tennessee,2,4673
2018,32,Tennessee,3,1510
2018,32,Tennessee,4,1891
2018,32,Tennessee,5,2014
2018,32,Tennessee,6,22563
2018,32,Tennessee,7,8135
2018,32,Tennessee,8,3836
2018,32,Tennessee,10,9061
2018,32,Tennessee,11,5264
2018,33,Arkansas,0,1882
2018,33,Arkansas,1,2505
2018,33,Arkansas,2,2180
2018,33,Arkansas,3,809
2018,33,Arkansas,4,898
2018,33,Arkansas,5,966
2018,33,Arkansas,6,10710
2018,33,Arkansas,7,3774
2018,33,Arkansas,8,1739
2018,33,Arkansas,10,3270
2018,33,Arkansas,11,1770
2018,33,Louisiana,0,2601
2018,33,Louisiana,1,3194
2018,33,Louisiana,2,3105
2018,33,Louisiana,3,1121
2018,33,Louisiana,4,1376
2018,33,Louisiana,5,1503
2018,33,Louisiana,6,14667
2018,33,Louisiana,7,5376
2018,33,Louisiana,8,2127
2018,33,Louisiana,10,5498
2018,33,Louisiana,11,3021
2018,33,Oklahoma,0,2353
2018,33,Oklahoma,1,3314
2018,33,Oklahoma,2,2675
2018,33,Oklahoma,3,971
2018,33,Oklahoma,4,1134
2018,33,Oklahoma,5,1325
2018,33,Oklahoma,6,12864
2018,33,Oklahoma,7,4844
2018,33,Oklahoma,8,2064
2018,33,Oklahoma,10,4043
2018,33,Oklahoma,11,2061
2018,33,Texas,0,18696
2018,33,Texas,1,23299
2018,33,Texas,2,22141
2018,33,Texas,3,7702
2018,33,Texas,4,7110
2018,33,Texas,5,7679
2018,33,Texas,6,73140
2018,33,Texas,7,32677
2018,33,Texas,8,14413
2018,33,Texas,10,39473
2018,33,Texas,11,21770
2018,41,Arizona,0,4484
2018,41,Arizona,1,5241
2018,41,Arizona,2,4948
2018,41,Arizona,3,1636
2018,41,Arizona,4,1585
2018,41,Arizona,5,2004
2018,41,Arizona,6,19834
2018,41,Arizona,7,9743
2018,41,Arizona,8,4680
2018,41,Arizona,10,9832
2018,41,Arizona,11,6003
2018,41,Colorado,0,3091
2018,41,Colorado,1,4277
2018,41,Colorado,2,3378
2018,41,Colorado,3,974
2018,41,Colorado,4,1040
2018,41,Colorado,5,1266
2018,41,Colorado,6,13414
2018,41,Colorado,7,6780
2018,41,Colorado,8,3614
2018,41,Colorado,10,11266
2018,41,Colorado,11,6828
2018,41,Idaho,0,1161
2018,41,Idaho,1,1389
2018,41,Idaho,2,1159
2018,41,Idaho,3,333
2018,41,Idaho,4,378
2018,41,Idaho,5,470
2018,41,Idaho,6,5068
2018,41,Idaho,7,2275
2018,41,Idaho,8,1224
2018,41,Idaho,10,2185
2018,41,Idaho,11,1069
2018,41,Montana,0,524
2018,41,Montana,1,813
2018,41,Montana,2,579
2018,41,Montana,3,197
2018,41,Montana,4,203
2018,41,Montana,5,257
2018,41,Montana,6,3149
2018,41,Montana,7,1466
2018,41,Montana,8,740
2018,41,Montana,10,1619
2018,41,Montana,11,789
2018,41,Nevada,0,1871
2018,41,Nevada,1,2131
2018,41,Nevada,2,2046
2018,41,Nevada,3,549
2018,41,Nevada,4,649
2018,41,Nevada,5,754
2018,41,Nevada,6,9223
2018,41,Nevada,7,4071
2018,41,Nevada,8,1917
2018,41,Nevada,10,3627
2018,41,Nevada,11,2089
2018,41,New Mexico,0,1045
2018,41,New Mexico,1,1461
2018,41,New Mexico,2,1464
2018,41,New Mexico,3,501
2018,41,New Mexico,4,649
2018,41,New Mexico,5,672
2018,41,New Mexico,6,5494
2018,41,New Mexico,7,2731
2018,41,New Mexico,8,1184
2018,41,New Mexico,10,2262
2018,41,New Mexico,11,1784
2018,41,Utah,0,2351
2018,41,Utah,1,3264
2018,41,Utah,2,2409
2018,41,Utah,3,645
2018,41,Utah,4,710
2018,41,Utah,5,833
2018,41,Utah,6,7729
2018,41,Utah,7,4376
2018,41,Utah,8,2189
2018,41,Utah,10,4650
2018,41,Utah,11,2447
2018,41,Wyoming,0,328
2018,41,Wyoming,1,423
2018,41,Wyoming,2,344
2018,41,Wyoming,3,101
2018,41,Wyoming,4,148
2018,41,Wyoming,5,129
2018,41,Wyoming,6,1817
2018,41,Wyoming,7,831
2018,41,Wyoming,8,504
2018,41,Wyoming,10,719
2018,41,Wyoming,11,396
2018,42,Alaska,0,488
2018,42,Alaska,1,592
2018,42,Alaska,2,519
2018,42,Alaska,3,141
2018,42,Alaska,4,145
2018,42,Alaska,5,207
2018,42,Alaska,6,2124
2018,42,Alaska,7,956
2018,42,Alaska,8,355
2018,42,Alaska,10,750
2018,42,Alaska,11,434
2018,42,California,0,26470
2018,42,California,1,29639
2018,42,California,2,29050
2018,42,California,3,8667
2018,42,California,4,8063
2018,42,California,5,10007
2018,42,California,6,92466
2018,42,California,7,49393
2018,42,California,8,23618
2018,42,California,10,62737
2018,42,California,11,38707
2018,42,Hawaii,0,855
2018,42,Hawaii,1,1001
2018,42,Hawaii,2,920
2018,42,Hawaii,3,214
2018,42,Hawaii,4,244
2018,42,Hawaii,5,314
2018,42,Hawaii,6,4279
2018,42,Hawaii,7,1716
2018,42,Hawaii,8,1208
2018,42,Hawaii,10,2344
2018,42,Hawaii,11,1305
2018,42,Oregon,0,2344
2018,42,Oregon,1,2995
2018,42,Oregon,2,2281
2018,42,Oregon,3,753
2018,42,Oregon,4,882
2018,42,Oregon,5,989
2018,42,Oregon,6,11692
2018,42,Oregon,7,6074
2018,42,Oregon,8,2962
2018,42,Oregon,10,6863
2018,42,Oregon,11,4282
2018,42,Washington,0,4626
2018,42,Washington,1,5797
2018,42,Washington,2,4390
2018,42,Washington,3,1334
2018,42,Washington,4,1391
2018,42,Washington,5,1743
2018,42,Washington,6,19890
2018,42,Washington,7,9985
2018,42,Washington,8,6119
2018,42,Washington,10,13055
2018,42,Washington,11,7895
