YEAR,REGION,STATE,FAMSIZE,FAMSIZE_COUNTS
2011,11,Connecticut,1,7166
2011,11,Connecticut,2,9504
2011,11,Connecticut,3,6507
2011,11,Connecticut,4,7592
2011,11,Connecticut,5,3830
2011,11,Connecticut,6,1290
2011,11,Connecticut,7,385
2011,11,Connecticut,8,144
2011,11,Connecticut,9,54
2011,11,Connecticut,10,20
2011,11,Connecticut,11,22
2011,11,Connecticut,12,24
2011,11,Maine,1,2703
2011,11,Maine,2,4638
2011,11,Maine,3,2277
2011,11,Maine,4,2424
2011,11,Maine,5,985
2011,11,Maine,6,324
2011,11,Maine,7,112
2011,11,Maine,8,48
2011,11,Maine,9,27
2011,11,Maine,11,11
2011,11,Maine,16,16
2011,11,Massachusetts,1,15149
2011,11,Massachusetts,2,17310
2011,11,Massachusetts,3,11862
2011,11,Massachusetts,4,14040
2011,11,Massachusetts,5,6740
2011,11,Massachusetts,6,2448
2011,11,Massachusetts,7,875
2011,11,Massachusetts,8,312
2011,11,Massachusetts,9,108
2011,11,Massachusetts,10,50
2011,11,Massachusetts,11,55
2011,11,Massachusetts,12,60
2011,11,New Hampshire,1,2425
2011,11,New Hampshire,2,4230
2011,11,New Hampshire,3,2322
2011,11,New Hampshire,4,2800
2011,11,New Hampshire,5,1160
2011,11,New Hampshire,6,414
2011,11,New Hampshire,7,119
2011,11,New Hampshire,8,56
2011,11,New Hampshire,9,27
2011,11,New Hampshire,10,20
2011,11,New Hampshire,11,11
2011,11,Rhode Island,1,2478
2011,11,Rhode Island,2,2882
2011,11,Rhode Island,3,1863
2011,11,Rhode Island,4,1884
2011,11,Rhode Island,5,1085
2011,11,Rhode Island,6,366
2011,11,Rhode Island,7,154
2011,11,Rhode Island,8,56
2011,11,Rhode Island,9,27
2011,11,Rhode Island,10,10
2011,11,Vermont,1,1347
2011,11,Vermont,2,2202
2011,11,Vermont,3,1086
2011,11,Vermont,4,1204
2011,11,Vermont,5,485
2011,11,Vermont,6,180
2011,11,Vermont,7,70
2011,11,Vermont,8,24
2011,11,Vermont,10,10
2011,12,New Jersey,1,13980
2011,12,New Jersey,2,20732
2011,12,New Jersey,3,16332
2011,12,New Jersey,4,19876
2011,12,New Jersey,5,10475
2011,12,New Jersey,6,4236
2011,12,New Jersey,7,1309
2011,12,New Jersey,8,856
2011,12,New Jersey,9,324
2011,12,New Jersey,10,90
2011,12,New Jersey,11,121
2011,12,New Jersey,12,36
2011,12,New York,1,39642
2011,12,New York,2,47762
2011,12,New York,3,33864
2011,12,New York,4,37344
2011,12,New York,5,20830
2011,12,New York,6,9132
2011,12,New York,7,4060
2011,12,New York,8,2024
2011,12,New York,9,1278
2011,12,New York,10,570
2011,12,New York,11,341
2011,12,New York,12,192
2011,12,New York,13,39
2011,12,New York,14,14
2011,12,New York,15,30
2011,12,New York,16,16
2011,12,New York,18,36
2011,12,Pennsylvania,1,25880
2011,12,Pennsylvania,2,36692
2011,12,Pennsylvania,3,22497
2011,12,Pennsylvania,4,24144
2011,12,Pennsylvania,5,12275
2011,12,Pennsylvania,6,4578
2011,12,Pennsylvania,7,1799
2011,12,Pennsylvania,8,784
2011,12,Pennsylvania,9,396
2011,12,Pennsylvania,10,180
2011,12,Pennsylvania,11,143
2011,12,Pennsylvania,12,108
2011,12,Pennsylvania,13,39
2011,12,Pennsylvania,14,14
2011,21,Illinois,1,23595
2011,21,Illinois,2,33562
2011,21,Illinois,3,21195
2011,21,Illinois,4,24276
2011,21,Illinois,5,13820
2011,21,Illinois,6,6204
2011,21,Illinois,7,2373
2011,21,Illinois,8,1032
2011,21,Illinois,9,540
2011,21,Illinois,10,200
2011,21,Illinois,11,99
2011,21,Illinois,12,84
2011,21,Illinois,13,26
2011,21,Illinois,14,28
2011,21,Indiana,1,12773
2011,21,Indiana,2,18564
2011,21,Indiana,3,11301
2011,21,Indiana,4,11836
2011,21,Indiana,5,6470
2011,21,Indiana,6,2850
2011,21,Indiana,7,1232
2011,21,Indiana,8,424
2011,21,Indiana,9,216
2011,21,Indiana,10,130
2011,21,Indiana,11,44
2011,21,Indiana,12,12
2011,21,Indiana,13,26
2011,21,Indiana,15,15
2011,21,Indiana,16,16
2011,21,Michigan,1,18260
2011,21,Michigan,2,29260
2011,21,Michigan,3,16782
2011,21,Michigan,4,18204
2011,21,Michigan,5,9665
2011,21,Michigan,6,4038
2011,21,Michigan,7,1638
2011,21,Michigan,8,704
2011,21,Michigan,9,360
2011,21,Michigan,10,160
2011,21,Michigan,11,77
2011,21,Michigan,12,96
2011,21,Michigan,13,13
2011,21,Michigan,14,28
2011,21,Ohio,1,23404
2011,21,Ohio,2,33850
2011,21,Ohio,3,20652
2011,21,Ohio,4,20772
2011,21,Ohio,5,11500
2011,21,Ohio,6,4986
2011,21,Ohio,7,1708
2011,21,Ohio,8,760
2011,21,Ohio,9,396
2011,21,Ohio,10,170
2011,21,Ohio,11,88
2011,21,Ohio,12,84
2011,21,Ohio,13,39
2011,21,Ohio,14,14
2011,21,Wisconsin,1,10727
2011,21,Wisconsin,2,18786
2011,21,Wisconsin,3,9576
2011,21,Wisconsin,4,10604
2011,21,Wisconsin,5,5845
2011,21,Wisconsin,6,2190
2011,21,Wisconsin,7,707
2011,21,Wisconsin,8,392
2011,21,Wisconsin,9,117
2011,21,Wisconsin,10,220
2011,21,Wisconsin,11,77
2011,21,Wisconsin,12,108
2011,21,Wisconsin,13,78
2011,21,Wisconsin,14,14
2011,22,Iowa,1,6427
2011,22,Iowa,2,9848
2011,22,Iowa,3,4713
2011,22,Iowa,4,5376
2011,22,Iowa,5,3110
2011,22,Iowa,6,1182
2011,22,Iowa,7,490
2011,22,Iowa,8,168
2011,22,Iowa,9,90
2011,22,Iowa,10,50
2011,22,Iowa,11,11
2011,22,Kansas,1,5707
2011,22,Kansas,2,8452
2011,22,Kansas,3,4431
2011,22,Kansas,4,5112
2011,22,Kansas,5,2925
2011,22,Kansas,6,1404
2011,22,Kansas,7,588
2011,22,Kansas,8,216
2011,22,Kansas,9,72
2011,22,Kansas,10,30
2011,22,Kansas,11,22
2011,22,Kansas,12,12
2011,22,Kansas,13,13
2011,22,Minnesota,1,9587
2011,22,Minnesota,2,16828
2011,22,Minnesota,3,8421
2011,22,Minnesota,4,10036
2011,22,Minnesota,5,5750
2011,22,Minnesota,6,2406
2011,22,Minnesota,7,798
2011,22,Minnesota,8,352
2011,22,Minnesota,9,252
2011,22,Minnesota,10,180
2011,22,Minnesota,11,99
2011,22,Minnesota,12,48
2011,22,Minnesota,14,42
2011,22,Minnesota,18,18
2011,22,Missouri,1,12573
2011,22,Missouri,2,18056
2011,22,Missouri,3,10446
2011,22,Missouri,4,10824
2011,22,Missouri,5,6105
2011,22,Missouri,6,2430
2011,22,Missouri,7,931
2011,22,Missouri,8,408
2011,22,Missouri,9,171
2011,22,Missouri,10,70
2011,22,Missouri,11,11
2011,22,Missouri,12,72
2011,22,Missouri,13,13
2011,22,Nebraska,1,3652
2011,22,Nebraska,2,5662
2011,22,Nebraska,3,2694
2011,22,Nebraska,4,3380
2011,22,Nebraska,5,1910
2011,22,Nebraska,6,828
2011,22,Nebraska,7,357
2011,22,Nebraska,8,152
2011,22,Nebraska,9,36
2011,22,Nebraska,10,20
2011,22,Nebraska,11,22
2011,22,North Dakota,1,1396
2011,22,North Dakota,2,2244
2011,22,North Dakota,3,1086
2011,22,North Dakota,4,1188
2011,22,North Dakota,5,700
2011,22,North Dakota,6,252
2011,22,North Dakota,7,77
2011,22,North Dakota,8,24
2011,22,North Dakota,9,9
2011,22,North Dakota,11,11
2011,22,South Dakota,1,1787
2011,22,South Dakota,2,2620
2011,22,South Dakota,3,1164
2011,22,South Dakota,4,1356
2011,22,South Dakota,5,795
2011,22,South Dakota,6,348
2011,22,South Dakota,7,119
2011,22,South Dakota,8,112
2011,22,South Dakota,9,54
2011,22,South Dakota,10,20
2011,22,South Dakota,12,24
2011,22,South Dakota,17,17
2011,31,Delaware,1,1550
2011,31,Delaware,2,2576
2011,31,Delaware,3,1632
2011,31,Delaware,4,1672
2011,31,Delaware,5,915
2011,31,Delaware,6,336
2011,31,Delaware,7,126
2011,31,Delaware,8,128
2011,31,Delaware,9,18
2011,31,Delaware,10,30
2011,31,Delaware,11,11
2011,31,District of Columbia,1,2377
2011,31,District of Columbia,2,1550
2011,31,District of Columbia,3,891
2011,31,District of Columbia,4,764
2011,31,District of Columbia,5,410
2011,31,District of Columbia,6,144
2011,31,District of Columbia,7,84
2011,31,District of Columbia,8,32
2011,31,District of Columbia,10,10
2011,31,Florida,1,38751
2011,31,Florida,2,58004
2011,31,Florida,3,32679
2011,31,Florida,4,32992
2011,31,Florida,5,16610
2011,31,Florida,6,7188
2011,31,Florida,7,2709
2011,31,Florida,8,1344
2011,31,Florida,9,531
2011,31,Florida,10,250
2011,31,Florida,11,77
2011,31,Florida,12,12
2011,31,Florida,13,39
2011,31,Florida,14,14
2011,31,Georgia,1,18022
2011,31,Georgia,2,25240
2011,31,Georgia,3,16830
2011,31,Georgia,4,17696
2011,31,Georgia,5,9520
2011,31,Georgia,6,3930
2011,31,Georgia,7,1855
2011,31,Georgia,8,680
2011,31,Georgia,9,378
2011,31,Georgia,10,150
2011,31,Georgia,11,33
2011,31,Georgia,12,24
2011,31,Georgia,13,26
2011,31,Georgia,14,14
2011,31,Maryland,1,10646
2011,31,Maryland,2,15226
2011,31,Maryland,3,10569
2011,31,Maryland,4,11368
2011,31,Maryland,5,6045
2011,31,Maryland,6,2682
2011,31,Maryland,7,917
2011,31,Maryland,8,520
2011,31,Maryland,9,207
2011,31,Maryland,10,50
2011,31,Maryland,11,44
2011,31,Maryland,12,48
2011,31,Maryland,13,13
2011,31,North Carolina,1,19305
2011,31,North Carolina,2,28282
2011,31,North Carolina,3,17403
2011,31,North Carolina,4,17008
2011,31,North Carolina,5,8535
2011,31,North Carolina,6,3312
2011,31,North Carolina,7,1463
2011,31,North Carolina,8,496
2011,31,North Carolina,9,171
2011,31,North Carolina,10,80
2011,31,North Carolina,11,55
2011,31,North Carolina,12,36
2011,31,North Carolina,14,14
2011,31,South Carolina,1,9576
2011,31,South Carolina,2,13924
2011,31,South Carolina,3,8763
2011,31,South Carolina,4,8108
2011,31,South Carolina,5,4245
2011,31,South Carolina,6,1656
2011,31,South Carolina,7,623
2011,31,South Carolina,8,272
2011,31,South Carolina,9,117
2011,31,South Carolina,10,50
2011,31,South Carolina,11,33
2011,31,Virginia,1,16331
2011,31,Virginia,2,22120
2011,31,Virginia,3,14568
2011,31,Virginia,4,15688
2011,31,Virginia,5,7625
2011,31,Virginia,6,3144
2011,31,Virginia,7,1071
2011,31,Virginia,8,368
2011,31,Virginia,9,243
2011,31,Virginia,10,170
2011,31,Virginia,11,22
2011,31,Virginia,15,15
2011,31,West Virginia,1,3793
2011,31,West Virginia,2,5814
2011,31,West Virginia,3,3522
2011,31,West Virginia,4,2932
2011,31,West Virginia,5,1490
2011,31,West Virginia,6,450
2011,31,West Virginia,7,189
2011,31,West Virginia,8,136
2011,31,West Virginia,9,18
2011,31,West Virginia,10,10
2011,31,West Virginia,11,11
2011,32,Alabama,1,9226
2011,32,Alabama,2,14368
2011,32,Alabama,3,9162
2011,32,Alabama,4,8788
2011,32,Alabama,5,4335
2011,32,Alabama,6,1614
2011,32,Alabama,7,623
2011,32,Alabama,8,256
2011,32,Alabama,9,153
2011,32,Alabama,10,20
2011,32,Alabama,11,22
2011,32,Alabama,12,12
2011,32,Kentucky,1,8475
2011,32,Kentucky,2,12910
2011,32,Kentucky,3,8202
2011,32,Kentucky,4,8028
2011,32,Kentucky,5,4125
2011,32,Kentucky,6,1476
2011,32,Kentucky,7,616
2011,32,Kentucky,8,240
2011,32,Kentucky,9,54
2011,32,Kentucky,10,100
2011,32,Kentucky,11,44
2011,32,Kentucky,12,36
2011,32,Mississippi,1,5689
2011,32,Mississippi,2,7988
2011,32,Mississippi,3,5325
2011,32,Mississippi,4,5500
2011,32,Mississippi,5,2780
2011,32,Mississippi,6,1164
2011,32,Mississippi,7,518
2011,32,Mississippi,8,224
2011,32,Mississippi,9,153
2011,32,Mississippi,10,40
2011,32,Mississippi,11,44
2011,32,Mississippi,13,13
2011,32,Mississippi,16,16
2011,32,Tennessee,1,12383
2011,32,Tennessee,2,18878
2011,32,Tennessee,3,11853
2011,32,Tennessee,4,10960
2011,32,Tennessee,5,5405
2011,32,Tennessee,6,2430
2011,32,Tennessee,7,917
2011,32,Tennessee,8,336
2011,32,Tennessee,9,234
2011,32,Tennessee,10,110
2011,32,Tennessee,11,22
2011,32,Tennessee,12,36
2011,32,Tennessee,13,13
2011,32,Tennessee,15,15
2011,33,Arkansas,1,5557
2011,33,Arkansas,2,9124
2011,33,Arkansas,3,5055
2011,33,Arkansas,4,5132
2011,33,Arkansas,5,2590
2011,33,Arkansas,6,1182
2011,33,Arkansas,7,399
2011,33,Arkansas,8,200
2011,33,Arkansas,9,81
2011,33,Arkansas,10,30
2011,33,Arkansas,11,33
2011,33,Arkansas,12,24
2011,33,Louisiana,1,8832
2011,33,Louisiana,2,12310
2011,33,Louisiana,3,8190
2011,33,Louisiana,4,7940
2011,33,Louisiana,5,4080
2011,33,Louisiana,6,1836
2011,33,Louisiana,7,714
2011,33,Louisiana,8,312
2011,33,Louisiana,9,72
2011,33,Louisiana,10,60
2011,33,Louisiana,11,33
2011,33,Louisiana,12,12
2011,33,Louisiana,13,13
2011,33,Oklahoma,1,7442
2011,33,Oklahoma,2,10692
2011,33,Oklahoma,3,6393
2011,33,Oklahoma,4,6448
2011,33,Oklahoma,5,3845
2011,33,Oklahoma,6,1710
2011,33,Oklahoma,7,567
2011,33,Oklahoma,8,336
2011,33,Oklahoma,9,117
2011,33,Oklahoma,10,30
2011,33,Oklahoma,11,55
2011,33,Oklahoma,15,15
2011,33,Texas,1,41109
2011,33,Texas,2,61380
2011,33,Texas,3,41427
2011,33,Texas,4,45976
2011,33,Texas,5,29710
2011,33,Texas,6,14076
2011,33,Texas,7,6363
2011,33,Texas,8,2728
2011,33,Texas,9,1494
2011,33,Texas,10,630
2011,33,Texas,11,363
2011,33,Texas,12,180
2011,33,Texas,13,52
2011,33,Texas,14,14
2011,33,Texas,17,34
2011,41,Arizona,1,12185
2011,41,Arizona,2,17500
2011,41,Arizona,3,9648
2011,41,Arizona,4,10876
2011,41,Arizona,5,7200
2011,41,Arizona,6,3690
2011,41,Arizona,7,1722
2011,41,Arizona,8,1056
2011,41,Arizona,9,486
2011,41,Arizona,10,230
2011,41,Arizona,11,154
2011,41,Arizona,12,96
2011,41,Arizona,13,26
2011,41,Arizona,16,48
2011,41,Colorado,1,10178
2011,41,Colorado,2,14738
2011,41,Colorado,3,8313
2011,41,Colorado,4,9224
2011,41,Colorado,5,4825
2011,41,Colorado,6,2190
2011,41,Colorado,7,791
2011,41,Colorado,8,344
2011,41,Colorado,9,126
2011,41,Colorado,10,40
2011,41,Colorado,11,44
2011,41,Colorado,12,12
2011,41,Idaho,1,2461
2011,41,Idaho,2,4542
2011,41,Idaho,3,2403
2011,41,Idaho,4,2612
2011,41,Idaho,5,1880
2011,41,Idaho,6,1026
2011,41,Idaho,7,511
2011,41,Idaho,8,192
2011,41,Idaho,9,90
2011,41,Idaho,10,40
2011,41,Idaho,11,11
2011,41,Idaho,14,14
2011,41,Montana,1,1979
2011,41,Montana,2,3440
2011,41,Montana,3,1293
2011,41,Montana,4,1560
2011,41,Montana,5,965
2011,41,Montana,6,366
2011,41,Montana,7,189
2011,41,Montana,8,88
2011,41,Montana,9,63
2011,41,Montana,11,22
2011,41,Nevada,1,4555
2011,41,Nevada,2,7374
2011,41,Nevada,3,4095
2011,41,Nevada,4,4576
2011,41,Nevada,5,2700
2011,41,Nevada,6,1638
2011,41,Nevada,7,651
2011,41,Nevada,8,248
2011,41,Nevada,9,171
2011,41,Nevada,10,70
2011,41,Nevada,11,11
2011,41,Nevada,12,24
2011,41,New Mexico,1,3544
2011,41,New Mexico,2,5324
2011,41,New Mexico,3,3147
2011,41,New Mexico,4,3384
2011,41,New Mexico,5,2255
2011,41,New Mexico,6,1068
2011,41,New Mexico,7,539
2011,41,New Mexico,8,312
2011,41,New Mexico,9,72
2011,41,New Mexico,10,50
2011,41,New Mexico,11,33
2011,41,New Mexico,12,36
2011,41,New Mexico,13,13
2011,41,Utah,1,3489
2011,41,Utah,2,6080
2011,41,Utah,3,3852
2011,41,Utah,4,4744
2011,41,Utah,5,4085
2011,41,Utah,6,2928
2011,41,Utah,7,1288
2011,41,Utah,8,648
2011,41,Utah,9,315
2011,41,Utah,10,110
2011,41,Utah,11,77
2011,41,Utah,12,72
2011,41,Utah,13,13
2011,41,Utah,14,14
2011,41,Utah,16,16
2011,41,Utah,20,20
2011,41,Wyoming,1,974
2011,41,Wyoming,2,1890
2011,41,Wyoming,3,873
2011,41,Wyoming,4,960
2011,41,Wyoming,5,510
2011,41,Wyoming,6,336
2011,41,Wyoming,7,133
2011,41,Wyoming,8,72
2011,41,Wyoming,9,18
2011,41,Wyoming,10,20
2011,41,Wyoming,12,12
2011,42,Alaska,1,1218
2011,42,Alaska,2,1454
2011,42,Alaska,3,1056
2011,42,Alaska,4,1052
2011,42,Alaska,5,820
2011,42,Alaska,6,582
2011,42,Alaska,7,406
2011,42,Alaska,8,200
2011,42,Alaska,9,135
2011,42,Alaska,10,40
2011,42,Alaska,11,44
2011,42,Alaska,12,24
2011,42,Alaska,14,14
2011,42,Alaska,15,15
2011,42,California,1,63665
2011,42,California,2,79280
2011,42,California,3,59589
2011,42,California,4,71476
2011,42,California,5,46030
2011,42,California,6,23544
2011,42,California,7,11522
2011,42,California,8,6160
2011,42,California,9,3438
2011,42,California,10,1810
2011,42,California,11,1034
2011,42,California,12,672
2011,42,California,13,260
2011,42,California,14,140
2011,42,California,15,75
2011,42,California,17,17
2011,42,California,18,18
2011,42,California,19,19
2011,42,California,20,60
2011,42,Hawaii,1,2453
2011,42,Hawaii,2,2942
2011,42,Hawaii,3,2409
2011,42,Hawaii,4,2464
2011,42,Hawaii,5,1550
2011,42,Hawaii,6,918
2011,42,Hawaii,7,518
2011,42,Hawaii,8,256
2011,42,Hawaii,9,180
2011,42,Hawaii,10,250
2011,42,Hawaii,11,165
2011,42,Hawaii,12,84
2011,42,Hawaii,13,39
2011,42,Hawaii,14,28
2011,42,Hawaii,15,15
2011,42,Oregon,1,8064
2011,42,Oregon,2,12224
2011,42,Oregon,3,6129
2011,42,Oregon,4,6492
2011,42,Oregon,5,3490
2011,42,Oregon,6,1560
2011,42,Oregon,7,546
2011,42,Oregon,8,280
2011,42,Oregon,9,162
2011,42,Oregon,10,80
2011,42,Oregon,11,11
2011,42,Oregon,12,12
2011,42,Washington,1,13434
2011,42,Washington,2,19686
2011,42,Washington,3,11601
2011,42,Washington,4,13032
2011,42,Washington,5,6560
2011,42,Washington,6,3168
2011,42,Washington,7,1148
2011,42,Washington,8,536
2011,42,Washington,9,288
2011,42,Washington,10,140
2011,42,Washington,11,77
2011,42,Washington,12,36
2011,42,Washington,13,39
2011,42,Washington,17,17
2012,11,Connecticut,1,6954
2012,11,Connecticut,2,9556
2012,11,Connecticut,3,6516
2012,11,Connecticut,4,7588
2012,11,Connecticut,5,3660
2012,11,Connecticut,6,1410
2012,11,Connecticut,7,420
2012,11,Connecticut,8,152
2012,11,Connecticut,9,63
2012,11,Connecticut,10,40
2012,11,Connecticut,11,22
2012,11,Maine,1,2606
2012,11,Maine,2,4710
2012,11,Maine,3,2160
2012,11,Maine,4,2124
2012,11,Maine,5,955
2012,11,Maine,6,330
2012,11,Maine,7,147
2012,11,Maine,8,72
2012,11,Maine,9,36
2012,11,Maine,10,20
2012,11,Maine,12,12
2012,11,Massachusetts,1,14955
2012,11,Massachusetts,2,17288
2012,11,Massachusetts,3,11979
2012,11,Massachusetts,4,13720
2012,11,Massachusetts,5,6515
2012,11,Massachusetts,6,2574
2012,11,Massachusetts,7,812
2012,11,Massachusetts,8,336
2012,11,Massachusetts,9,153
2012,11,Massachusetts,10,80
2012,11,Massachusetts,11,11
2012,11,Massachusetts,12,12
2012,11,New Hampshire,1,2425
2012,11,New Hampshire,2,4352
2012,11,New Hampshire,3,2358
2012,11,New Hampshire,4,2620
2012,11,New Hampshire,5,1035
2012,11,New Hampshire,6,408
2012,11,New Hampshire,7,154
2012,11,New Hampshire,8,96
2012,11,New Hampshire,9,9
2012,11,New Hampshire,12,12
2012,11,Rhode Island,1,2400
2012,11,Rhode Island,2,2974
2012,11,Rhode Island,3,1893
2012,11,Rhode Island,4,1920
2012,11,Rhode Island,5,985
2012,11,Rhode Island,6,330
2012,11,Rhode Island,7,126
2012,11,Rhode Island,8,32
2012,11,Rhode Island,9,63
2012,11,Rhode Island,10,20
2012,11,Rhode Island,12,12
2012,11,Vermont,1,1295
2012,11,Vermont,2,2226
2012,11,Vermont,3,1041
2012,11,Vermont,4,1224
2012,11,Vermont,5,480
2012,11,Vermont,6,198
2012,11,Vermont,7,49
2012,11,Vermont,8,40
2012,12,New Jersey,1,14120
2012,12,New Jersey,2,20984
2012,12,New Jersey,3,16674
2012,12,New Jersey,4,19204
2012,12,New Jersey,5,10065
2012,12,New Jersey,6,4080
2012,12,New Jersey,7,1645
2012,12,New Jersey,8,664
2012,12,New Jersey,9,234
2012,12,New Jersey,10,140
2012,12,New Jersey,11,66
2012,12,New Jersey,12,96
2012,12,New Jersey,15,15
2012,12,New Jersey,16,16
2012,12,New York,1,39000
2012,12,New York,2,47930
2012,12,New York,3,33519
2012,12,New York,4,37332
2012,12,New York,5,20720
2012,12,New York,6,9276
2012,12,New York,7,4018
2012,12,New York,8,1864
2012,12,New York,9,1107
2012,12,New York,10,630
2012,12,New York,11,429
2012,12,New York,12,300
2012,12,New York,13,130
2012,12,New York,14,28
2012,12,New York,15,15
2012,12,New York,16,16
2012,12,Pennsylvania,1,25253
2012,12,Pennsylvania,2,37448
2012,12,Pennsylvania,3,22338
2012,12,Pennsylvania,4,23828
2012,12,Pennsylvania,5,11740
2012,12,Pennsylvania,6,4572
2012,12,Pennsylvania,7,1848
2012,12,Pennsylvania,8,744
2012,12,Pennsylvania,9,369
2012,12,Pennsylvania,10,260
2012,12,Pennsylvania,11,132
2012,12,Pennsylvania,12,60
2012,12,Pennsylvania,13,13
2012,21,Illinois,1,22892
2012,21,Illinois,2,33286
2012,21,Illinois,3,21744
2012,21,Illinois,4,24692
2012,21,Illinois,5,14220
2012,21,Illinois,6,5892
2012,21,Illinois,7,2324
2012,21,Illinois,8,1088
2012,21,Illinois,9,522
2012,21,Illinois,10,340
2012,21,Illinois,11,77
2012,21,Illinois,12,72
2012,21,Illinois,14,28
2012,21,Illinois,15,15
2012,21,Illinois,16,16
2012,21,Indiana,1,12433
2012,21,Indiana,2,18802
2012,21,Indiana,3,11499
2012,21,Indiana,4,11976
2012,21,Indiana,5,6440
2012,21,Indiana,6,2916
2012,21,Indiana,7,1232
2012,21,Indiana,8,544
2012,21,Indiana,9,279
2012,21,Indiana,10,120
2012,21,Indiana,11,66
2012,21,Indiana,12,36
2012,21,Indiana,13,13
2012,21,Indiana,14,14
2012,21,Michigan,1,18072
2012,21,Michigan,2,29266
2012,21,Michigan,3,16335
2012,21,Michigan,4,18392
2012,21,Michigan,5,9800
2012,21,Michigan,6,3912
2012,21,Michigan,7,1470
2012,21,Michigan,8,712
2012,21,Michigan,9,288
2012,21,Michigan,10,210
2012,21,Michigan,11,88
2012,21,Michigan,12,12
2012,21,Michigan,14,14
2012,21,Michigan,16,16
2012,21,Ohio,1,23133
2012,21,Ohio,2,34136
2012,21,Ohio,3,19755
2012,21,Ohio,4,20904
2012,21,Ohio,5,11325
2012,21,Ohio,6,4692
2012,21,Ohio,7,1939
2012,21,Ohio,8,672
2012,21,Ohio,9,378
2012,21,Ohio,10,110
2012,21,Ohio,11,143
2012,21,Ohio,12,36
2012,21,Ohio,14,28
2012,21,Wisconsin,1,10383
2012,21,Wisconsin,2,18966
2012,21,Wisconsin,3,9126
2012,21,Wisconsin,4,10360
2012,21,Wisconsin,5,5590
2012,21,Wisconsin,6,2190
2012,21,Wisconsin,7,910
2012,21,Wisconsin,8,440
2012,21,Wisconsin,9,234
2012,21,Wisconsin,10,110
2012,21,Wisconsin,11,66
2012,21,Wisconsin,12,96
2012,21,Wisconsin,13,13
2012,22,Iowa,1,6432
2012,22,Iowa,2,9970
2012,22,Iowa,3,4794
2012,22,Iowa,4,5300
2012,22,Iowa,5,3150
2012,22,Iowa,6,1170
2012,22,Iowa,7,343
2012,22,Iowa,8,104
2012,22,Iowa,9,63
2012,22,Iowa,10,60
2012,22,Iowa,11,22
2012,22,Iowa,12,24
2012,22,Iowa,13,26
2012,22,Kansas,1,5593
2012,22,Kansas,2,8460
2012,22,Kansas,3,4503
2012,22,Kansas,4,5188
2012,22,Kansas,5,3135
2012,22,Kansas,6,1398
2012,22,Kansas,7,539
2012,22,Kansas,8,200
2012,22,Kansas,9,81
2012,22,Kansas,10,20
2012,22,Kansas,11,22
2012,22,Minnesota,1,9509
2012,22,Minnesota,2,17196
2012,22,Minnesota,3,8100
2012,22,Minnesota,4,9800
2012,22,Minnesota,5,5770
2012,22,Minnesota,6,2244
2012,22,Minnesota,7,896
2012,22,Minnesota,8,368
2012,22,Minnesota,9,189
2012,22,Minnesota,10,150
2012,22,Minnesota,11,44
2012,22,Minnesota,12,48
2012,22,Minnesota,13,26
2012,22,Minnesota,14,14
2012,22,Missouri,1,12378
2012,22,Missouri,2,18194
2012,22,Missouri,3,10239
2012,22,Missouri,4,10868
2012,22,Missouri,5,5975
2012,22,Missouri,6,2376
2012,22,Missouri,7,903
2012,22,Missouri,8,352
2012,22,Missouri,9,225
2012,22,Missouri,10,70
2012,22,Missouri,11,11
2012,22,Missouri,12,48
2012,22,Nebraska,1,3657
2012,22,Nebraska,2,5664
2012,22,Nebraska,3,2592
2012,22,Nebraska,4,3356
2012,22,Nebraska,5,2140
2012,22,Nebraska,6,900
2012,22,Nebraska,7,308
2012,22,Nebraska,8,176
2012,22,Nebraska,9,36
2012,22,Nebraska,10,30
2012,22,Nebraska,11,11
2012,22,Nebraska,13,13
2012,22,North Dakota,1,1430
2012,22,North Dakota,2,2272
2012,22,North Dakota,3,1107
2012,22,North Dakota,4,1140
2012,22,North Dakota,5,655
2012,22,North Dakota,6,288
2012,22,North Dakota,7,133
2012,22,North Dakota,8,48
2012,22,North Dakota,9,18
2012,22,North Dakota,10,20
2012,22,North Dakota,11,11
2012,22,South Dakota,1,1703
2012,22,South Dakota,2,2592
2012,22,South Dakota,3,1170
2012,22,South Dakota,4,1332
2012,22,South Dakota,5,870
2012,22,South Dakota,6,390
2012,22,South Dakota,7,182
2012,22,South Dakota,8,64
2012,22,South Dakota,9,45
2012,22,South Dakota,10,20
2012,22,South Dakota,12,12
2012,31,Delaware,1,1610
2012,31,Delaware,2,2594
2012,31,Delaware,3,1578
2012,31,Delaware,4,1600
2012,31,Delaware,5,875
2012,31,Delaware,6,354
2012,31,Delaware,7,112
2012,31,Delaware,8,72
2012,31,Delaware,10,20
2012,31,District of Columbia,1,2427
2012,31,District of Columbia,2,1568
2012,31,District of Columbia,3,792
2012,31,District of Columbia,4,784
2012,31,District of Columbia,5,375
2012,31,District of Columbia,6,180
2012,31,District of Columbia,7,63
2012,31,District of Columbia,8,56
2012,31,District of Columbia,9,36
2012,31,District of Columbia,11,22
2012,31,Florida,1,38269
2012,31,Florida,2,59122
2012,31,Florida,3,32253
2012,31,Florida,4,32424
2012,31,Florida,5,16220
2012,31,Florida,6,6912
2012,31,Florida,7,2786
2012,31,Florida,8,1272
2012,31,Florida,9,459
2012,31,Florida,10,210
2012,31,Florida,11,55
2012,31,Florida,12,12
2012,31,Florida,13,26
2012,31,Florida,15,30
2012,31,Georgia,1,17640
2012,31,Georgia,2,25404
2012,31,Georgia,3,17439
2012,31,Georgia,4,18272
2012,31,Georgia,5,9920
2012,31,Georgia,6,4542
2012,31,Georgia,7,1666
2012,31,Georgia,8,736
2012,31,Georgia,9,315
2012,31,Georgia,10,150
2012,31,Georgia,11,66
2012,31,Georgia,12,48
2012,31,Georgia,15,30
2012,31,Maryland,1,10888
2012,31,Maryland,2,15174
2012,31,Maryland,3,10509
2012,31,Maryland,4,11660
2012,31,Maryland,5,5930
2012,31,Maryland,6,2424
2012,31,Maryland,7,854
2012,31,Maryland,8,488
2012,31,Maryland,9,198
2012,31,Maryland,10,200
2012,31,Maryland,11,44
2012,31,Maryland,12,48
2012,31,North Carolina,1,18696
2012,31,North Carolina,2,28646
2012,31,North Carolina,3,17664
2012,31,North Carolina,4,17500
2012,31,North Carolina,5,8860
2012,31,North Carolina,6,3552
2012,31,North Carolina,7,1519
2012,31,North Carolina,8,560
2012,31,North Carolina,9,270
2012,31,North Carolina,10,80
2012,31,North Carolina,11,22
2012,31,North Carolina,12,36
2012,31,North Carolina,15,15
2012,31,South Carolina,1,9311
2012,31,South Carolina,2,14382
2012,31,South Carolina,3,8652
2012,31,South Carolina,4,8448
2012,31,South Carolina,5,4055
2012,31,South Carolina,6,1512
2012,31,South Carolina,7,553
2012,31,South Carolina,8,192
2012,31,South Carolina,9,162
2012,31,South Carolina,10,30
2012,31,South Carolina,11,11
2012,31,South Carolina,12,36
2012,31,Virginia,1,15741
2012,31,Virginia,2,22516
2012,31,Virginia,3,14904
2012,31,Virginia,4,16020
2012,31,Virginia,5,7950
2012,31,Virginia,6,3336
2012,31,Virginia,7,1260
2012,31,Virginia,8,632
2012,31,Virginia,9,234
2012,31,Virginia,10,100
2012,31,Virginia,11,11
2012,31,Virginia,12,72
2012,31,Virginia,14,14
2012,31,Virginia,16,16
2012,31,Virginia,18,18
2012,31,West Virginia,1,3766
2012,31,West Virginia,2,5858
2012,31,West Virginia,3,3276
2012,31,West Virginia,4,3088
2012,31,West Virginia,5,1550
2012,31,West Virginia,6,504
2012,31,West Virginia,7,126
2012,31,West Virginia,8,72
2012,31,West Virginia,9,36
2012,31,West Virginia,14,14
2012,32,Alabama,1,8914
2012,32,Alabama,2,14446
2012,32,Alabama,3,8877
2012,32,Alabama,4,8708
2012,32,Alabama,5,4100
2012,32,Alabama,6,1782
2012,32,Alabama,7,665
2012,32,Alabama,8,192
2012,32,Alabama,9,63
2012,32,Alabama,10,60
2012,32,Alabama,12,12
2012,32,Kentucky,1,8437
2012,32,Kentucky,2,13408
2012,32,Kentucky,3,8187
2012,32,Kentucky,4,7956
2012,32,Kentucky,5,4050
2012,32,Kentucky,6,1482
2012,32,Kentucky,7,588
2012,32,Kentucky,8,248
2012,32,Kentucky,9,126
2012,32,Kentucky,10,100
2012,32,Kentucky,11,22
2012,32,Kentucky,12,60
2012,32,Mississippi,1,5579
2012,32,Mississippi,2,7926
2012,32,Mississippi,3,5733
2012,32,Mississippi,4,5000
2012,32,Mississippi,5,2865
2012,32,Mississippi,6,1338
2012,32,Mississippi,7,560
2012,32,Mississippi,8,232
2012,32,Mississippi,9,117
2012,32,Mississippi,10,70
2012,32,Mississippi,11,66
2012,32,Tennessee,1,12000
2012,32,Tennessee,2,19108
2012,32,Tennessee,3,11916
2012,32,Tennessee,4,11536
2012,32,Tennessee,5,5705
2012,32,Tennessee,6,2442
2012,32,Tennessee,7,924
2012,32,Tennessee,8,360
2012,32,Tennessee,9,162
2012,32,Tennessee,10,100
2012,32,Tennessee,11,11
2012,32,Tennessee,12,12
2012,33,Arkansas,1,5611
2012,33,Arkansas,2,8998
2012,33,Arkansas,3,5196
2012,33,Arkansas,4,4948
2012,33,Arkansas,5,2520
2012,33,Arkansas,6,1152
2012,33,Arkansas,7,511
2012,33,Arkansas,8,152
2012,33,Arkansas,9,72
2012,33,Arkansas,10,40
2012,33,Arkansas,11,11
2012,33,Arkansas,13,13
2012,33,Louisiana,1,8700
2012,33,Louisiana,2,12224
2012,33,Louisiana,3,8316
2012,33,Louisiana,4,8000
2012,33,Louisiana,5,4265
2012,33,Louisiana,6,1818
2012,33,Louisiana,7,700
2012,33,Louisiana,8,352
2012,33,Louisiana,9,153
2012,33,Louisiana,10,30
2012,33,Louisiana,11,22
2012,33,Louisiana,13,13
2012,33,Louisiana,15,15
2012,33,Oklahoma,1,7189
2012,33,Oklahoma,2,10278
2012,33,Oklahoma,3,6369
2012,33,Oklahoma,4,6504
2012,33,Oklahoma,5,3820
2012,33,Oklahoma,6,1728
2012,33,Oklahoma,7,679
2012,33,Oklahoma,8,272
2012,33,Oklahoma,9,162
2012,33,Oklahoma,10,60
2012,33,Oklahoma,11,22
2012,33,Oklahoma,13,13
2012,33,Texas,1,40792
2012,33,Texas,2,62122
2012,33,Texas,3,42525
2012,33,Texas,4,47948
2012,33,Texas,5,29425
2012,33,Texas,6,14526
2012,33,Texas,7,6020
2012,33,Texas,8,3096
2012,33,Texas,9,1467
2012,33,Texas,10,600
2012,33,Texas,11,319
2012,33,Texas,12,192
2012,33,Texas,13,26
2012,33,Texas,14,28
2012,33,Texas,16,16
2012,33,Texas,17,34
2012,33,Texas,19,19
2012,41,Arizona,1,12116
2012,41,Arizona,2,18220
2012,41,Arizona,3,9837
2012,41,Arizona,4,10884
2012,41,Arizona,5,6970
2012,41,Arizona,6,4116
2012,41,Arizona,7,1883
2012,41,Arizona,8,1000
2012,41,Arizona,9,477
2012,41,Arizona,10,270
2012,41,Arizona,11,99
2012,41,Arizona,12,60
2012,41,Arizona,13,13
2012,41,Colorado,1,9921
2012,41,Colorado,2,15086
2012,41,Colorado,3,8160
2012,41,Colorado,4,9344
2012,41,Colorado,5,4855
2012,41,Colorado,6,2292
2012,41,Colorado,7,945
2012,41,Colorado,8,328
2012,41,Colorado,9,135
2012,41,Colorado,10,150
2012,41,Colorado,11,33
2012,41,Colorado,12,60
2012,41,Colorado,13,13
2012,41,Idaho,1,2348
2012,41,Idaho,2,4668
2012,41,Idaho,3,2316
2012,41,Idaho,4,2528
2012,41,Idaho,5,1735
2012,41,Idaho,6,924
2012,41,Idaho,7,455
2012,41,Idaho,8,208
2012,41,Idaho,9,90
2012,41,Idaho,10,10
2012,41,Idaho,11,11
2012,41,Montana,1,1949
2012,41,Montana,2,3366
2012,41,Montana,3,1461
2012,41,Montana,4,1568
2012,41,Montana,5,925
2012,41,Montana,6,486
2012,41,Montana,7,196
2012,41,Montana,8,64
2012,41,Montana,9,72
2012,41,Montana,10,10
2012,41,Montana,11,33
2012,41,Montana,12,24
2012,41,Nevada,1,4598
2012,41,Nevada,2,7276
2012,41,Nevada,3,4350
2012,41,Nevada,4,4764
2012,41,Nevada,5,3025
2012,41,Nevada,6,1452
2012,41,Nevada,7,651
2012,41,Nevada,8,320
2012,41,Nevada,9,153
2012,41,Nevada,10,50
2012,41,Nevada,11,11
2012,41,Nevada,12,36
2012,41,Nevada,13,26
2012,41,Nevada,14,14
2012,41,New Mexico,1,3497
2012,41,New Mexico,2,5546
2012,41,New Mexico,3,3141
2012,41,New Mexico,4,3236
2012,41,New Mexico,5,2155
2012,41,New Mexico,6,1092
2012,41,New Mexico,7,560
2012,41,New Mexico,8,216
2012,41,New Mexico,9,135
2012,41,New Mexico,10,70
2012,41,New Mexico,11,33
2012,41,New Mexico,12,48
2012,41,New Mexico,13,13
2012,41,New Mexico,14,14
2012,41,New Mexico,15,15
2012,41,Utah,1,3357
2012,41,Utah,2,5962
2012,41,Utah,3,4017
2012,41,Utah,4,4848
2012,41,Utah,5,4285
2012,41,Utah,6,3072
2012,41,Utah,7,1386
2012,41,Utah,8,680
2012,41,Utah,9,378
2012,41,Utah,10,90
2012,41,Utah,11,55
2012,41,Utah,12,24
2012,41,Utah,13,13
2012,41,Utah,16,32
2012,41,Wyoming,1,947
2012,41,Wyoming,2,1900
2012,41,Wyoming,3,903
2012,41,Wyoming,4,960
2012,41,Wyoming,5,590
2012,41,Wyoming,6,294
2012,41,Wyoming,7,140
2012,41,Wyoming,8,48
2012,41,Wyoming,9,9
2012,41,Wyoming,10,20
2012,41,Wyoming,13,13
2012,42,Alaska,1,1197
2012,42,Alaska,2,1410
2012,42,Alaska,3,1056
2012,42,Alaska,4,1096
2012,42,Alaska,5,775
2012,42,Alaska,6,582
2012,42,Alaska,7,280
2012,42,Alaska,8,208
2012,42,Alaska,9,117
2012,42,Alaska,10,120
2012,42,Alaska,11,77
2012,42,Alaska,13,13
2012,42,Alaska,15,15
2012,42,California,1,62244
2012,42,California,2,79536
2012,42,California,3,59940
2012,42,California,4,71816
2012,42,California,5,46800
2012,42,California,6,24054
2012,42,California,7,10850
2012,42,California,8,5840
2012,42,California,9,3267
2012,42,California,10,1460
2012,42,California,11,1056
2012,42,California,12,588
2012,42,California,13,247
2012,42,California,14,238
2012,42,California,15,45
2012,42,California,16,48
2012,42,California,18,18
2012,42,Hawaii,1,2366
2012,42,Hawaii,2,3164
2012,42,Hawaii,3,2166
2012,42,Hawaii,4,2472
2012,42,Hawaii,5,1650
2012,42,Hawaii,6,852
2012,42,Hawaii,7,581
2012,42,Hawaii,8,352
2012,42,Hawaii,9,225
2012,42,Hawaii,10,130
2012,42,Hawaii,11,99
2012,42,Hawaii,12,36
2012,42,Hawaii,13,13
2012,42,Hawaii,16,48
2012,42,Oregon,1,7786
2012,42,Oregon,2,11986
2012,42,Oregon,3,6372
2012,42,Oregon,4,6684
2012,42,Oregon,5,3210
2012,42,Oregon,6,1500
2012,42,Oregon,7,721
2012,42,Oregon,8,264
2012,42,Oregon,9,90
2012,42,Oregon,10,70
2012,42,Oregon,11,33
2012,42,Oregon,12,24
2012,42,Oregon,13,13
2012,42,Oregon,14,14
2012,42,Washington,1,12863
2012,42,Washington,2,19800
2012,42,Washington,3,11283
2012,42,Washington,4,13084
2012,42,Washington,5,6640
2012,42,Washington,6,3282
2012,42,Washington,7,1218
2012,42,Washington,8,560
2012,42,Washington,9,270
2012,42,Washington,10,140
2012,42,Washington,11,99
2012,42,Washington,12,48
2012,42,Washington,14,14
2013,11,Connecticut,1,6973
2013,11,Connecticut,2,9738
2013,11,Connecticut,3,6504
2013,11,Connecticut,4,7136
2013,11,Connecticut,5,3775
2013,11,Connecticut,6,1518
2013,11,Connecticut,7,427
2013,11,Connecticut,8,200
2013,11,Connecticut,9,63
2013,11,Connecticut,10,10
2013,11,Connecticut,12,24
2013,11,Connecticut,14,14
2013,11,Maine,1,2580
2013,11,Maine,2,4724
2013,11,Maine,3,2022
2013,11,Maine,4,2176
2013,11,Maine,5,950
2013,11,Maine,6,360
2013,11,Maine,7,98
2013,11,Maine,8,16
2013,11,Maine,9,45
2013,11,Maine,11,11
2013,11,Massachusetts,1,14896
2013,11,Massachusetts,2,17766
2013,11,Massachusetts,3,11988
2013,11,Massachusetts,4,13916
2013,11,Massachusetts,5,6515
2013,11,Massachusetts,6,2400
2013,11,Massachusetts,7,763
2013,11,Massachusetts,8,296
2013,11,Massachusetts,9,90
2013,11,Massachusetts,10,50
2013,11,Massachusetts,11,33
2013,11,Massachusetts,12,12
2013,11,New Hampshire,1,2355
2013,11,New Hampshire,2,4332
2013,11,New Hampshire,3,2451
2013,11,New Hampshire,4,2552
2013,11,New Hampshire,5,1170
2013,11,New Hampshire,6,402
2013,11,New Hampshire,7,217
2013,11,New Hampshire,8,40
2013,11,New Hampshire,9,18
2013,11,New Hampshire,10,10
2013,11,Rhode Island,1,2295
2013,11,Rhode Island,2,2924
2013,11,Rhode Island,3,1947
2013,11,Rhode Island,4,2152
2013,11,Rhode Island,5,830
2013,11,Rhode Island,6,294
2013,11,Rhode Island,7,119
2013,11,Rhode Island,8,48
2013,11,Rhode Island,9,9
2013,11,Vermont,1,1277
2013,11,Vermont,2,2168
2013,11,Vermont,3,1119
2013,11,Vermont,4,1144
2013,11,Vermont,5,455
2013,11,Vermont,6,150
2013,11,Vermont,7,56
2013,11,Vermont,9,9
2013,11,Vermont,10,10
2013,12,New Jersey,1,13729
2013,12,New Jersey,2,21034
2013,12,New Jersey,3,16815
2013,12,New Jersey,4,19584
2013,12,New Jersey,5,10230
2013,12,New Jersey,6,4080
2013,12,New Jersey,7,1652
2013,12,New Jersey,8,728
2013,12,New Jersey,9,351
2013,12,New Jersey,10,160
2013,12,New Jersey,11,44
2013,12,New Jersey,12,48
2013,12,New Jersey,13,39
2013,12,New Jersey,16,16
2013,12,New York,1,38482
2013,12,New York,2,47740
2013,12,New York,3,34743
2013,12,New York,4,37544
2013,12,New York,5,20385
2013,12,New York,6,8964
2013,12,New York,7,3864
2013,12,New York,8,1928
2013,12,New York,9,963
2013,12,New York,10,790
2013,12,New York,11,308
2013,12,New York,12,300
2013,12,New York,13,65
2013,12,New York,14,42
2013,12,New York,15,15
2013,12,New York,16,32
2013,12,Pennsylvania,1,25173
2013,12,Pennsylvania,2,36854
2013,12,Pennsylvania,3,22971
2013,12,Pennsylvania,4,23468
2013,12,Pennsylvania,5,11880
2013,12,Pennsylvania,6,4506
2013,12,Pennsylvania,7,1820
2013,12,Pennsylvania,8,736
2013,12,Pennsylvania,9,432
2013,12,Pennsylvania,10,280
2013,12,Pennsylvania,11,110
2013,12,Pennsylvania,12,96
2013,12,Pennsylvania,13,13
2013,12,Pennsylvania,14,28
2013,12,Pennsylvania,15,15
2013,21,Illinois,1,22533
2013,21,Illinois,2,33426
2013,21,Illinois,3,22257
2013,21,Illinois,4,24920
2013,21,Illinois,5,14155
2013,21,Illinois,6,6090
2013,21,Illinois,7,2541
2013,21,Illinois,8,1104
2013,21,Illinois,9,513
2013,21,Illinois,10,170
2013,21,Illinois,11,187
2013,21,Illinois,12,108
2013,21,Illinois,13,52
2013,21,Illinois,14,14
2013,21,Indiana,1,12653
2013,21,Indiana,2,19004
2013,21,Indiana,3,11001
2013,21,Indiana,4,12028
2013,21,Indiana,5,6805
2013,21,Indiana,6,2832
2013,21,Indiana,7,1029
2013,21,Indiana,8,608
2013,21,Indiana,9,225
2013,21,Indiana,10,120
2013,21,Indiana,11,44
2013,21,Indiana,14,14
2013,21,Michigan,1,18031
2013,21,Michigan,2,29518
2013,21,Michigan,3,16242
2013,21,Michigan,4,18276
2013,21,Michigan,5,10110
2013,21,Michigan,6,4194
2013,21,Michigan,7,1638
2013,21,Michigan,8,728
2013,21,Michigan,9,225
2013,21,Michigan,10,150
2013,21,Michigan,11,132
2013,21,Michigan,12,96
2013,21,Michigan,13,26
2013,21,Michigan,14,28
2013,21,Michigan,15,15
2013,21,Michigan,16,32
2013,21,Ohio,1,23189
2013,21,Ohio,2,34102
2013,21,Ohio,3,20595
2013,21,Ohio,4,21300
2013,21,Ohio,5,11050
2013,21,Ohio,6,4566
2013,21,Ohio,7,1862
2013,21,Ohio,8,800
2013,21,Ohio,9,387
2013,21,Ohio,10,190
2013,21,Ohio,11,88
2013,21,Ohio,12,48
2013,21,Ohio,14,28
2013,21,Ohio,18,18
2013,21,Wisconsin,1,10342
2013,21,Wisconsin,2,18996
2013,21,Wisconsin,3,9114
2013,21,Wisconsin,4,10520
2013,21,Wisconsin,5,5610
2013,21,Wisconsin,6,2154
2013,21,Wisconsin,7,889
2013,21,Wisconsin,8,360
2013,21,Wisconsin,9,324
2013,21,Wisconsin,10,130
2013,21,Wisconsin,11,44
2013,21,Wisconsin,12,60
2013,21,Wisconsin,13,13
2013,22,Iowa,1,6345
2013,22,Iowa,2,10004
2013,22,Iowa,3,4719
2013,22,Iowa,4,5364
2013,22,Iowa,5,3115
2013,22,Iowa,6,1434
2013,22,Iowa,7,539
2013,22,Iowa,8,160
2013,22,Iowa,9,72
2013,22,Iowa,10,20
2013,22,Iowa,11,33
2013,22,Iowa,12,12
2013,22,Kansas,1,5548
2013,22,Kansas,2,8534
2013,22,Kansas,3,4452
2013,22,Kansas,4,5076
2013,22,Kansas,5,3360
2013,22,Kansas,6,1386
2013,22,Kansas,7,588
2013,22,Kansas,8,224
2013,22,Kansas,9,126
2013,22,Kansas,10,40
2013,22,Kansas,11,11
2013,22,Kansas,12,24
2013,22,Minnesota,1,9594
2013,22,Minnesota,2,17116
2013,22,Minnesota,3,8463
2013,22,Minnesota,4,9752
2013,22,Minnesota,5,5995
2013,22,Minnesota,6,2274
2013,22,Minnesota,7,777
2013,22,Minnesota,8,432
2013,22,Minnesota,9,261
2013,22,Minnesota,10,100
2013,22,Minnesota,11,88
2013,22,Minnesota,12,48
2013,22,Minnesota,13,39
2013,22,Minnesota,16,32
2013,22,Minnesota,17,17
2013,22,Missouri,1,12140
2013,22,Missouri,2,18354
2013,22,Missouri,3,10299
2013,22,Missouri,4,10900
2013,22,Missouri,5,5770
2013,22,Missouri,6,2484
2013,22,Missouri,7,924
2013,22,Missouri,8,472
2013,22,Missouri,9,189
2013,22,Missouri,10,60
2013,22,Missouri,11,44
2013,22,Missouri,12,36
2013,22,Missouri,13,13
2013,22,Missouri,14,14
2013,22,Nebraska,1,3562
2013,22,Nebraska,2,5790
2013,22,Nebraska,3,2784
2013,22,Nebraska,4,3088
2013,22,Nebraska,5,2225
2013,22,Nebraska,6,798
2013,22,Nebraska,7,350
2013,22,Nebraska,8,152
2013,22,Nebraska,9,36
2013,22,Nebraska,10,50
2013,22,North Dakota,1,1511
2013,22,North Dakota,2,2396
2013,22,North Dakota,3,1035
2013,22,North Dakota,4,1232
2013,22,North Dakota,5,745
2013,22,North Dakota,6,300
2013,22,North Dakota,7,140
2013,22,North Dakota,8,40
2013,22,North Dakota,9,36
2013,22,South Dakota,1,1684
2013,22,South Dakota,2,2574
2013,22,South Dakota,3,1206
2013,22,South Dakota,4,1392
2013,22,South Dakota,5,980
2013,22,South Dakota,6,594
2013,22,South Dakota,7,112
2013,22,South Dakota,8,88
2013,22,South Dakota,9,45
2013,22,South Dakota,10,20
2013,22,South Dakota,11,33
2013,22,South Dakota,12,12
2013,31,Delaware,1,1602
2013,31,Delaware,2,2774
2013,31,Delaware,3,1416
2013,31,Delaware,4,1600
2013,31,Delaware,5,795
2013,31,Delaware,6,348
2013,31,Delaware,7,126
2013,31,Delaware,8,40
2013,31,Delaware,9,36
2013,31,Delaware,10,30
2013,31,District of Columbia,1,2493
2013,31,District of Columbia,2,1636
2013,31,District of Columbia,3,978
2013,31,District of Columbia,4,824
2013,31,District of Columbia,5,400
2013,31,District of Columbia,6,126
2013,31,District of Columbia,7,63
2013,31,District of Columbia,8,32
2013,31,District of Columbia,9,9
2013,31,District of Columbia,11,11
2013,31,Florida,1,37904
2013,31,Florida,2,59620
2013,31,Florida,3,32781
2013,31,Florida,4,32392
2013,31,Florida,5,16635
2013,31,Florida,6,6708
2013,31,Florida,7,2863
2013,31,Florida,8,1128
2013,31,Florida,9,549
2013,31,Florida,10,130
2013,31,Florida,11,198
2013,31,Florida,12,84
2013,31,Florida,13,13
2013,31,Florida,14,14
2013,31,Florida,15,15
2013,31,Georgia,1,17885
2013,31,Georgia,2,25464
2013,31,Georgia,3,17109
2013,31,Georgia,4,18544
2013,31,Georgia,5,10020
2013,31,Georgia,6,4416
2013,31,Georgia,7,1631
2013,31,Georgia,8,880
2013,31,Georgia,9,378
2013,31,Georgia,10,130
2013,31,Georgia,11,55
2013,31,Georgia,12,36
2013,31,Georgia,20,20
2013,31,Maryland,1,10716
2013,31,Maryland,2,15152
2013,31,Maryland,3,10911
2013,31,Maryland,4,11676
2013,31,Maryland,5,6250
2013,31,Maryland,6,2670
2013,31,Maryland,7,917
2013,31,Maryland,8,320
2013,31,Maryland,9,225
2013,31,Maryland,10,110
2013,31,Maryland,11,44
2013,31,Maryland,12,12
2013,31,Maryland,15,30
2013,31,North Carolina,1,18924
2013,31,North Carolina,2,29326
2013,31,North Carolina,3,17424
2013,31,North Carolina,4,17284
2013,31,North Carolina,5,8685
2013,31,North Carolina,6,3492
2013,31,North Carolina,7,1190
2013,31,North Carolina,8,496
2013,31,North Carolina,9,189
2013,31,North Carolina,10,110
2013,31,North Carolina,11,66
2013,31,North Carolina,12,36
2013,31,North Carolina,13,26
2013,31,North Carolina,14,14
2013,31,North Carolina,16,48
2013,31,South Carolina,1,9162
2013,31,South Carolina,2,14218
2013,31,South Carolina,3,8658
2013,31,South Carolina,4,8368
2013,31,South Carolina,5,4050
2013,31,South Carolina,6,1728
2013,31,South Carolina,7,574
2013,31,South Carolina,8,216
2013,31,South Carolina,9,63
2013,31,South Carolina,10,110
2013,31,South Carolina,11,11
2013,31,South Carolina,14,28
2013,31,South Carolina,19,19
2013,31,Virginia,1,15770
2013,31,Virginia,2,22582
2013,31,Virginia,3,14934
2013,31,Virginia,4,16248
2013,31,Virginia,5,8150
2013,31,Virginia,6,3384
2013,31,Virginia,7,1071
2013,31,Virginia,8,584
2013,31,Virginia,9,153
2013,31,Virginia,10,60
2013,31,Virginia,11,44
2013,31,Virginia,12,48
2013,31,Virginia,16,16
2013,31,West Virginia,1,3659
2013,31,West Virginia,2,5874
2013,31,West Virginia,3,3507
2013,31,West Virginia,4,2888
2013,31,West Virginia,5,1555
2013,31,West Virginia,6,540
2013,31,West Virginia,7,126
2013,31,West Virginia,8,80
2013,31,West Virginia,9,18
2013,31,West Virginia,10,10
2013,31,West Virginia,11,11
2013,32,Alabama,1,9176
2013,32,Alabama,2,14028
2013,32,Alabama,3,9186
2013,32,Alabama,4,8596
2013,32,Alabama,5,4135
2013,32,Alabama,6,1518
2013,32,Alabama,7,658
2013,32,Alabama,8,272
2013,32,Alabama,9,180
2013,32,Alabama,10,40
2013,32,Alabama,11,11
2013,32,Alabama,12,36
2013,32,Kentucky,1,8310
2013,32,Kentucky,2,13360
2013,32,Kentucky,3,8067
2013,32,Kentucky,4,8340
2013,32,Kentucky,5,4070
2013,32,Kentucky,6,1764
2013,32,Kentucky,7,602
2013,32,Kentucky,8,224
2013,32,Kentucky,9,144
2013,32,Kentucky,10,50
2013,32,Kentucky,11,66
2013,32,Mississippi,1,5656
2013,32,Mississippi,2,8098
2013,32,Mississippi,3,5214
2013,32,Mississippi,4,5336
2013,32,Mississippi,5,2840
2013,32,Mississippi,6,1530
2013,32,Mississippi,7,518
2013,32,Mississippi,8,208
2013,32,Mississippi,9,153
2013,32,Mississippi,10,60
2013,32,Mississippi,11,11
2013,32,Mississippi,12,24
2013,32,Tennessee,1,11639
2013,32,Tennessee,2,19328
2013,32,Tennessee,3,12021
2013,32,Tennessee,4,11808
2013,32,Tennessee,5,6010
2013,32,Tennessee,6,2526
2013,32,Tennessee,7,896
2013,32,Tennessee,8,464
2013,32,Tennessee,9,198
2013,32,Tennessee,10,140
2013,32,Tennessee,11,44
2013,32,Tennessee,12,48
2013,32,Tennessee,13,26
2013,33,Arkansas,1,5635
2013,33,Arkansas,2,8920
2013,33,Arkansas,3,5274
2013,33,Arkansas,4,5124
2013,33,Arkansas,5,2645
2013,33,Arkansas,6,1206
2013,33,Arkansas,7,427
2013,33,Arkansas,8,168
2013,33,Arkansas,9,117
2013,33,Arkansas,10,40
2013,33,Arkansas,11,11
2013,33,Arkansas,12,24
2013,33,Louisiana,1,8747
2013,33,Louisiana,2,12548
2013,33,Louisiana,3,8337
2013,33,Louisiana,4,7740
2013,33,Louisiana,5,4270
2013,33,Louisiana,6,1698
2013,33,Louisiana,7,749
2013,33,Louisiana,8,248
2013,33,Louisiana,9,171
2013,33,Louisiana,10,60
2013,33,Louisiana,11,33
2013,33,Louisiana,12,12
2013,33,Louisiana,14,14
2013,33,Oklahoma,1,7176
2013,33,Oklahoma,2,10244
2013,33,Oklahoma,3,6294
2013,33,Oklahoma,4,6600
2013,33,Oklahoma,5,3865
2013,33,Oklahoma,6,1698
2013,33,Oklahoma,7,756
2013,33,Oklahoma,8,336
2013,33,Oklahoma,9,90
2013,33,Oklahoma,10,30
2013,33,Oklahoma,11,33
2013,33,Oklahoma,12,24
2013,33,Texas,1,41132
2013,33,Texas,2,63014
2013,33,Texas,3,43065
2013,33,Texas,4,49188
2013,33,Texas,5,31160
2013,33,Texas,6,14520
2013,33,Texas,7,5929
2013,33,Texas,8,2800
2013,33,Texas,9,1413
2013,33,Texas,10,680
2013,33,Texas,11,319
2013,33,Texas,12,180
2013,33,Texas,13,104
2013,33,Texas,14,42
2013,33,Texas,15,15
2013,33,Texas,19,38
2013,41,Arizona,1,12034
2013,41,Arizona,2,18276
2013,41,Arizona,3,10164
2013,41,Arizona,4,11120
2013,41,Arizona,5,7255
2013,41,Arizona,6,4110
2013,41,Arizona,7,1806
2013,41,Arizona,8,880
2013,41,Arizona,9,414
2013,41,Arizona,10,220
2013,41,Arizona,11,110
2013,41,Arizona,12,72
2013,41,Arizona,13,26
2013,41,Arizona,14,28
2013,41,Arizona,17,17
2013,41,Colorado,1,9980
2013,41,Colorado,2,15090
2013,41,Colorado,3,8523
2013,41,Colorado,4,9804
2013,41,Colorado,5,4975
2013,41,Colorado,6,2238
2013,41,Colorado,7,917
2013,41,Colorado,8,336
2013,41,Colorado,9,108
2013,41,Colorado,10,50
2013,41,Colorado,11,22
2013,41,Colorado,12,48
2013,41,Colorado,16,16
2013,41,Idaho,1,2434
2013,41,Idaho,2,4558
2013,41,Idaho,3,2361
2013,41,Idaho,4,2724
2013,41,Idaho,5,1795
2013,41,Idaho,6,1038
2013,41,Idaho,7,455
2013,41,Idaho,8,208
2013,41,Idaho,9,117
2013,41,Idaho,10,50
2013,41,Idaho,11,22
2013,41,Idaho,12,24
2013,41,Montana,1,1914
2013,41,Montana,2,3326
2013,41,Montana,3,1494
2013,41,Montana,4,1600
2013,41,Montana,5,940
2013,41,Montana,6,402
2013,41,Montana,7,196
2013,41,Montana,8,104
2013,41,Montana,9,90
2013,41,Montana,10,10
2013,41,Montana,11,11
2013,41,Montana,12,12
2013,41,Montana,14,14
2013,41,Nevada,1,4679
2013,41,Nevada,2,7292
2013,41,Nevada,3,4500
2013,41,Nevada,4,4764
2013,41,Nevada,5,2750
2013,41,Nevada,6,1554
2013,41,Nevada,7,588
2013,41,Nevada,8,280
2013,41,Nevada,9,180
2013,41,Nevada,10,60
2013,41,Nevada,11,77
2013,41,Nevada,12,24
2013,41,New Mexico,1,3594
2013,41,New Mexico,2,5150
2013,41,New Mexico,3,3171
2013,41,New Mexico,4,3468
2013,41,New Mexico,5,2200
2013,41,New Mexico,6,1122
2013,41,New Mexico,7,539
2013,41,New Mexico,8,232
2013,41,New Mexico,9,135
2013,41,New Mexico,10,50
2013,41,New Mexico,11,33
2013,41,New Mexico,20,20
2013,41,Utah,1,3400
2013,41,Utah,2,5932
2013,41,Utah,3,4011
2013,41,Utah,4,5072
2013,41,Utah,5,4275
2013,41,Utah,6,3396
2013,41,Utah,7,1540
2013,41,Utah,8,672
2013,41,Utah,9,315
2013,41,Utah,10,190
2013,41,Utah,11,88
2013,41,Utah,12,48
2013,41,Utah,13,13
2013,41,Utah,15,15
2013,41,Wyoming,1,960
2013,41,Wyoming,2,1884
2013,41,Wyoming,3,969
2013,41,Wyoming,4,968
2013,41,Wyoming,5,600
2013,41,Wyoming,6,270
2013,41,Wyoming,7,98
2013,41,Wyoming,8,32
2013,41,Wyoming,9,27
2013,41,Wyoming,10,20
2013,42,Alaska,1,1180
2013,42,Alaska,2,1364
2013,42,Alaska,3,960
2013,42,Alaska,4,1220
2013,42,Alaska,5,675
2013,42,Alaska,6,528
2013,42,Alaska,7,224
2013,42,Alaska,8,264
2013,42,Alaska,9,171
2013,42,Alaska,10,90
2013,42,Alaska,11,33
2013,42,Alaska,12,12
2013,42,Alaska,13,13
2013,42,Alaska,14,14
2013,42,California,1,62560
2013,42,California,2,80382
2013,42,California,3,61287
2013,42,California,4,72988
2013,42,California,5,46660
2013,42,California,6,24258
2013,42,California,7,11011
2013,42,California,8,5528
2013,42,California,9,3096
2013,42,California,10,1530
2013,42,California,11,924
2013,42,California,12,600
2013,42,California,13,221
2013,42,California,14,112
2013,42,California,15,105
2013,42,California,16,48
2013,42,California,17,17
2013,42,California,18,18
2013,42,California,19,38
2013,42,California,20,20
2013,42,Hawaii,1,2441
2013,42,Hawaii,2,3092
2013,42,Hawaii,3,2238
2013,42,Hawaii,4,2520
2013,42,Hawaii,5,1450
2013,42,Hawaii,6,984
2013,42,Hawaii,7,574
2013,42,Hawaii,8,368
2013,42,Hawaii,9,261
2013,42,Hawaii,10,140
2013,42,Hawaii,11,44
2013,42,Hawaii,12,72
2013,42,Hawaii,13,26
2013,42,Hawaii,14,28
2013,42,Hawaii,15,15
2013,42,Hawaii,16,16
2013,42,Hawaii,17,17
2013,42,Oregon,1,8118
2013,42,Oregon,2,12010
2013,42,Oregon,3,6321
2013,42,Oregon,4,6504
2013,42,Oregon,5,3645
2013,42,Oregon,6,1494
2013,42,Oregon,7,588
2013,42,Oregon,8,360
2013,42,Oregon,9,135
2013,42,Oregon,10,80
2013,42,Oregon,11,22
2013,42,Oregon,12,36
2013,42,Oregon,14,14
2013,42,Oregon,15,15
2013,42,Washington,1,12968
2013,42,Washington,2,20370
2013,42,Washington,3,11355
2013,42,Washington,4,12856
2013,42,Washington,5,6665
2013,42,Washington,6,3066
2013,42,Washington,7,1085
2013,42,Washington,8,632
2013,42,Washington,9,297
2013,42,Washington,10,80
2013,42,Washington,11,99
2013,42,Washington,12,36
2013,42,Washington,13,39
2013,42,Washington,14,14
2013,42,Washington,15,15
2013,42,Washington,16,16
2015,11,Connecticut,1,7105
2015,11,Connecticut,2,9748
2015,11,Connecticut,3,6447
2015,11,Connecticut,4,7252
2015,11,Connecticut,5,3520
2015,11,Connecticut,6,1074
2015,11,Connecticut,7,385
2015,11,Connecticut,8,152
2015,11,Connecticut,9,63
2015,11,Connecticut,10,30
2015,11,Connecticut,11,11
2015,11,Maine,1,2798
2015,11,Maine,2,4738
2015,11,Maine,3,2082
2015,11,Maine,4,1992
2015,11,Maine,5,845
2015,11,Maine,6,360
2015,11,Maine,7,98
2015,11,Maine,8,80
2015,11,Maine,9,36
2015,11,Maine,10,30
2015,11,Massachusetts,1,15577
2015,11,Massachusetts,2,18132
2015,11,Massachusetts,3,11841
2015,11,Massachusetts,4,13324
2015,11,Massachusetts,5,6295
2015,11,Massachusetts,6,2226
2015,11,Massachusetts,7,868
2015,11,Massachusetts,8,272
2015,11,Massachusetts,9,135
2015,11,Massachusetts,10,30
2015,11,Massachusetts,11,44
2015,11,Massachusetts,12,12
2015,11,Massachusetts,14,14
2015,11,Massachusetts,15,15
2015,11,New Hampshire,1,2533
2015,11,New Hampshire,2,4446
2015,11,New Hampshire,3,2310
2015,11,New Hampshire,4,2260
2015,11,New Hampshire,5,1135
2015,11,New Hampshire,6,396
2015,11,New Hampshire,7,203
2015,11,New Hampshire,8,48
2015,11,New Hampshire,9,27
2015,11,New Hampshire,10,20
2015,11,Rhode Island,1,2475
2015,11,Rhode Island,2,2940
2015,11,Rhode Island,3,1881
2015,11,Rhode Island,4,1940
2015,11,Rhode Island,5,835
2015,11,Rhode Island,6,300
2015,11,Rhode Island,7,126
2015,11,Rhode Island,8,48
2015,11,Rhode Island,9,18
2015,11,Vermont,1,1335
2015,11,Vermont,2,2212
2015,11,Vermont,3,1026
2015,11,Vermont,4,1080
2015,11,Vermont,5,395
2015,11,Vermont,6,174
2015,11,Vermont,7,56
2015,11,Vermont,8,16
2015,11,Vermont,9,9
2015,11,Vermont,11,11
2015,11,Vermont,12,12
2015,12,New Jersey,1,13963
2015,12,New Jersey,2,21366
2015,12,New Jersey,3,16347
2015,12,New Jersey,4,19564
2015,12,New Jersey,5,10010
2015,12,New Jersey,6,3918
2015,12,New Jersey,7,1288
2015,12,New Jersey,8,576
2015,12,New Jersey,9,369
2015,12,New Jersey,10,200
2015,12,New Jersey,11,88
2015,12,New Jersey,12,72
2015,12,New Jersey,13,39
2015,12,New Jersey,15,15
2015,12,New York,1,39009
2015,12,New York,2,48692
2015,12,New York,3,33732
2015,12,New York,4,36720
2015,12,New York,5,19800
2015,12,New York,6,9174
2015,12,New York,7,4032
2015,12,New York,8,1992
2015,12,New York,9,1134
2015,12,New York,10,630
2015,12,New York,11,451
2015,12,New York,12,204
2015,12,New York,13,52
2015,12,New York,14,42
2015,12,New York,15,30
2015,12,New York,16,48
2015,12,Pennsylvania,1,25192
2015,12,Pennsylvania,2,38284
2015,12,Pennsylvania,3,22344
2015,12,Pennsylvania,4,22996
2015,12,Pennsylvania,5,10935
2015,12,Pennsylvania,6,4758
2015,12,Pennsylvania,7,1820
2015,12,Pennsylvania,8,752
2015,12,Pennsylvania,9,486
2015,12,Pennsylvania,10,250
2015,12,Pennsylvania,11,143
2015,12,Pennsylvania,12,156
2015,12,Pennsylvania,13,13
2015,12,Pennsylvania,16,16
2015,21,Illinois,1,23156
2015,21,Illinois,2,33926
2015,21,Illinois,3,21210
2015,21,Illinois,4,24648
2015,21,Illinois,5,13745
2015,21,Illinois,6,5850
2015,21,Illinois,7,2226
2015,21,Illinois,8,936
2015,21,Illinois,9,441
2015,21,Illinois,10,240
2015,21,Illinois,11,110
2015,21,Illinois,12,72
2015,21,Illinois,13,39
2015,21,Illinois,14,28
2015,21,Illinois,15,15
2015,21,Indiana,1,12968
2015,21,Indiana,2,19022
2015,21,Indiana,3,11088
2015,21,Indiana,4,11740
2015,21,Indiana,5,6465
2015,21,Indiana,6,2796
2015,21,Indiana,7,1120
2015,21,Indiana,8,472
2015,21,Indiana,9,225
2015,21,Indiana,10,80
2015,21,Indiana,11,33
2015,21,Indiana,12,36
2015,21,Michigan,1,18285
2015,21,Michigan,2,30204
2015,21,Michigan,3,16011
2015,21,Michigan,4,17076
2015,21,Michigan,5,9230
2015,21,Michigan,6,4146
2015,21,Michigan,7,1582
2015,21,Michigan,8,680
2015,21,Michigan,9,351
2015,21,Michigan,10,160
2015,21,Michigan,11,132
2015,21,Michigan,12,84
2015,21,Michigan,13,39
2015,21,Michigan,14,28
2015,21,Ohio,1,23371
2015,21,Ohio,2,34572
2015,21,Ohio,3,20250
2015,21,Ohio,4,20344
2015,21,Ohio,5,11260
2015,21,Ohio,6,4632
2015,21,Ohio,7,1785
2015,21,Ohio,8,968
2015,21,Ohio,9,387
2015,21,Ohio,10,220
2015,21,Ohio,11,132
2015,21,Ohio,12,144
2015,21,Ohio,13,13
2015,21,Ohio,15,45
2015,21,Wisconsin,1,10623
2015,21,Wisconsin,2,19334
2015,21,Wisconsin,3,9060
2015,21,Wisconsin,4,10024
2015,21,Wisconsin,5,5480
2015,21,Wisconsin,6,2280
2015,21,Wisconsin,7,833
2015,21,Wisconsin,8,376
2015,21,Wisconsin,9,243
2015,21,Wisconsin,10,170
2015,21,Wisconsin,11,55
2015,21,Wisconsin,12,60
2015,21,Wisconsin,13,26
2015,21,Wisconsin,14,14
2015,22,Iowa,1,6407
2015,22,Iowa,2,10360
2015,22,Iowa,3,4566
2015,22,Iowa,4,5112
2015,22,Iowa,5,3210
2015,22,Iowa,6,1446
2015,22,Iowa,7,406
2015,22,Iowa,8,176
2015,22,Iowa,9,99
2015,22,Iowa,10,70
2015,22,Iowa,11,22
2015,22,Iowa,12,12
2015,22,Iowa,14,14
2015,22,Kansas,1,5616
2015,22,Kansas,2,8710
2015,22,Kansas,3,4356
2015,22,Kansas,4,4980
2015,22,Kansas,5,2845
2015,22,Kansas,6,1296
2015,22,Kansas,7,553
2015,22,Kansas,8,216
2015,22,Kansas,9,126
2015,22,Kansas,10,30
2015,22,Kansas,11,22
2015,22,Kansas,12,24
2015,22,Minnesota,1,9752
2015,22,Minnesota,2,17480
2015,22,Minnesota,3,8181
2015,22,Minnesota,4,9524
2015,22,Minnesota,5,5810
2015,22,Minnesota,6,2418
2015,22,Minnesota,7,777
2015,22,Minnesota,8,432
2015,22,Minnesota,9,189
2015,22,Minnesota,10,110
2015,22,Minnesota,11,77
2015,22,Minnesota,12,48
2015,22,Minnesota,13,13
2015,22,Missouri,1,12419
2015,22,Missouri,2,18554
2015,22,Missouri,3,9999
2015,22,Missouri,4,10560
2015,22,Missouri,5,5915
2015,22,Missouri,6,2316
2015,22,Missouri,7,952
2015,22,Missouri,8,496
2015,22,Missouri,9,207
2015,22,Missouri,10,50
2015,22,Missouri,11,33
2015,22,Missouri,12,36
2015,22,Missouri,13,13
2015,22,Missouri,16,16
2015,22,Missouri,20,20
2015,22,Nebraska,1,3789
2015,22,Nebraska,2,5712
2015,22,Nebraska,3,2709
2015,22,Nebraska,4,3228
2015,22,Nebraska,5,2020
2015,22,Nebraska,6,990
2015,22,Nebraska,7,455
2015,22,Nebraska,8,168
2015,22,Nebraska,9,18
2015,22,North Dakota,1,1579
2015,22,North Dakota,2,2436
2015,22,North Dakota,3,1110
2015,22,North Dakota,4,1240
2015,22,North Dakota,5,870
2015,22,North Dakota,6,348
2015,22,North Dakota,7,140
2015,22,North Dakota,8,80
2015,22,North Dakota,9,45
2015,22,North Dakota,10,10
2015,22,North Dakota,11,11
2015,22,South Dakota,1,1716
2015,22,South Dakota,2,2546
2015,22,South Dakota,3,1212
2015,22,South Dakota,4,1520
2015,22,South Dakota,5,935
2015,22,South Dakota,6,480
2015,22,South Dakota,7,175
2015,22,South Dakota,8,72
2015,22,South Dakota,9,45
2015,22,South Dakota,10,30
2015,22,South Dakota,11,11
2015,31,Delaware,1,1598
2015,31,Delaware,2,2788
2015,31,Delaware,3,1596
2015,31,Delaware,4,1620
2015,31,Delaware,5,805
2015,31,Delaware,6,384
2015,31,Delaware,7,133
2015,31,Delaware,8,64
2015,31,Delaware,9,9
2015,31,Delaware,10,20
2015,31,District of Columbia,1,2476
2015,31,District of Columbia,2,1738
2015,31,District of Columbia,3,921
2015,31,District of Columbia,4,728
2015,31,District of Columbia,5,360
2015,31,District of Columbia,6,174
2015,31,District of Columbia,7,77
2015,31,District of Columbia,8,80
2015,31,District of Columbia,9,36
2015,31,District of Columbia,10,20
2015,31,Florida,1,38650
2015,31,Florida,2,61864
2015,31,Florida,3,32991
2015,31,Florida,4,32740
2015,31,Florida,5,16535
2015,31,Florida,6,6984
2015,31,Florida,7,2849
2015,31,Florida,8,1160
2015,31,Florida,9,378
2015,31,Florida,10,180
2015,31,Florida,11,154
2015,31,Florida,12,24
2015,31,Florida,13,39
2015,31,Georgia,1,18112
2015,31,Georgia,2,26390
2015,31,Georgia,3,17637
2015,31,Georgia,4,18240
2015,31,Georgia,5,10100
2015,31,Georgia,6,4194
2015,31,Georgia,7,1680
2015,31,Georgia,8,760
2015,31,Georgia,9,441
2015,31,Georgia,10,110
2015,31,Georgia,11,88
2015,31,Georgia,12,60
2015,31,Georgia,13,13
2015,31,Georgia,14,14
2015,31,Georgia,15,15
2015,31,Maryland,1,11022
2015,31,Maryland,2,15326
2015,31,Maryland,3,10584
2015,31,Maryland,4,11524
2015,31,Maryland,5,6130
2015,31,Maryland,6,2718
2015,31,Maryland,7,1078
2015,31,Maryland,8,456
2015,31,Maryland,9,243
2015,31,Maryland,10,100
2015,31,Maryland,11,66
2015,31,Maryland,12,72
2015,31,Maryland,13,13
2015,31,North Carolina,1,19183
2015,31,North Carolina,2,29676
2015,31,North Carolina,3,17751
2015,31,North Carolina,4,17444
2015,31,North Carolina,5,8530
2015,31,North Carolina,6,3390
2015,31,North Carolina,7,1281
2015,31,North Carolina,8,536
2015,31,North Carolina,9,189
2015,31,North Carolina,10,100
2015,31,North Carolina,11,44
2015,31,North Carolina,12,60
2015,31,South Carolina,1,9673
2015,31,South Carolina,2,14952
2015,31,South Carolina,3,8526
2015,31,South Carolina,4,8096
2015,31,South Carolina,5,4065
2015,31,South Carolina,6,1746
2015,31,South Carolina,7,560
2015,31,South Carolina,8,232
2015,31,South Carolina,9,63
2015,31,South Carolina,10,40
2015,31,South Carolina,11,33
2015,31,South Carolina,12,24
2015,31,South Carolina,13,13
2015,31,Virginia,1,16313
2015,31,Virginia,2,23164
2015,31,Virginia,3,14817
2015,31,Virginia,4,16044
2015,31,Virginia,5,7995
2015,31,Virginia,6,2988
2015,31,Virginia,7,1281
2015,31,Virginia,8,488
2015,31,Virginia,9,207
2015,31,Virginia,10,70
2015,31,Virginia,11,55
2015,31,Virginia,12,24
2015,31,Virginia,13,26
2015,31,West Virginia,1,3728
2015,31,West Virginia,2,5760
2015,31,West Virginia,3,3237
2015,31,West Virginia,4,3096
2015,31,West Virginia,5,1355
2015,31,West Virginia,6,588
2015,31,West Virginia,7,189
2015,31,West Virginia,8,48
2015,31,West Virginia,9,27
2015,31,West Virginia,11,11
2015,31,West Virginia,12,12
2015,32,Alabama,1,9381
2015,32,Alabama,2,14474
2015,32,Alabama,3,8601
2015,32,Alabama,4,8492
2015,32,Alabama,5,3950
2015,32,Alabama,6,1656
2015,32,Alabama,7,560
2015,32,Alabama,8,208
2015,32,Alabama,9,72
2015,32,Alabama,10,60
2015,32,Alabama,11,22
2015,32,Kentucky,1,8622
2015,32,Kentucky,2,13434
2015,32,Kentucky,3,8100
2015,32,Kentucky,4,7736
2015,32,Kentucky,5,4240
2015,32,Kentucky,6,1650
2015,32,Kentucky,7,553
2015,32,Kentucky,8,192
2015,32,Kentucky,9,117
2015,32,Kentucky,10,60
2015,32,Kentucky,11,33
2015,32,Kentucky,12,12
2015,32,Mississippi,1,5881
2015,32,Mississippi,2,8056
2015,32,Mississippi,3,5280
2015,32,Mississippi,4,5220
2015,32,Mississippi,5,3035
2015,32,Mississippi,6,1224
2015,32,Mississippi,7,511
2015,32,Mississippi,8,184
2015,32,Mississippi,9,54
2015,32,Mississippi,10,60
2015,32,Mississippi,11,33
2015,32,Mississippi,12,48
2015,32,Mississippi,14,14
2015,32,Tennessee,1,12156
2015,32,Tennessee,2,19824
2015,32,Tennessee,3,11934
2015,32,Tennessee,4,11620
2015,32,Tennessee,5,5740
2015,32,Tennessee,6,2628
2015,32,Tennessee,7,889
2015,32,Tennessee,8,432
2015,32,Tennessee,9,135
2015,32,Tennessee,10,110
2015,32,Tennessee,11,44
2015,32,Tennessee,12,24
2015,32,Tennessee,13,13
2015,33,Arkansas,1,5802
2015,33,Arkansas,2,9062
2015,33,Arkansas,3,5001
2015,33,Arkansas,4,5100
2015,33,Arkansas,5,2810
2015,33,Arkansas,6,1098
2015,33,Arkansas,7,448
2015,33,Arkansas,8,208
2015,33,Arkansas,9,54
2015,33,Arkansas,10,10
2015,33,Arkansas,12,12
2015,33,Louisiana,1,8947
2015,33,Louisiana,2,12502
2015,33,Louisiana,3,8265
2015,33,Louisiana,4,7400
2015,33,Louisiana,5,4070
2015,33,Louisiana,6,1578
2015,33,Louisiana,7,679
2015,33,Louisiana,8,256
2015,33,Louisiana,9,90
2015,33,Louisiana,10,50
2015,33,Louisiana,11,11
2015,33,Louisiana,12,12
2015,33,Louisiana,14,14
2015,33,Louisiana,18,18
2015,33,Oklahoma,1,7139
2015,33,Oklahoma,2,10456
2015,33,Oklahoma,3,6222
2015,33,Oklahoma,4,6580
2015,33,Oklahoma,5,4110
2015,33,Oklahoma,6,1530
2015,33,Oklahoma,7,749
2015,33,Oklahoma,8,280
2015,33,Oklahoma,9,135
2015,33,Oklahoma,10,50
2015,33,Texas,1,42542
2015,33,Texas,2,65580
2015,33,Texas,3,44262
2015,33,Texas,4,49628
2015,33,Texas,5,31195
2015,33,Texas,6,14532
2015,33,Texas,7,6181
2015,33,Texas,8,2880
2015,33,Texas,9,1188
2015,33,Texas,10,620
2015,33,Texas,11,341
2015,33,Texas,12,192
2015,33,Texas,13,39
2015,33,Texas,14,14
2015,33,Texas,15,30
2015,41,Arizona,1,12500
2015,41,Arizona,2,18798
2015,41,Arizona,3,9738
2015,41,Arizona,4,11156
2015,41,Arizona,5,7175
2015,41,Arizona,6,3774
2015,41,Arizona,7,1939
2015,41,Arizona,8,896
2015,41,Arizona,9,450
2015,41,Arizona,10,300
2015,41,Arizona,11,66
2015,41,Arizona,12,60
2015,41,Arizona,13,52
2015,41,Arizona,14,42
2015,41,Arizona,15,30
2015,41,Arizona,18,18
2015,41,Arizona,20,20
2015,41,Colorado,1,10212
2015,41,Colorado,2,15792
2015,41,Colorado,3,8406
2015,41,Colorado,4,10184
2015,41,Colorado,5,4975
2015,41,Colorado,6,2202
2015,41,Colorado,7,1001
2015,41,Colorado,8,408
2015,41,Colorado,9,198
2015,41,Colorado,10,50
2015,41,Colorado,11,77
2015,41,Colorado,12,24
2015,41,Colorado,13,13
2015,41,Colorado,14,28
2015,41,Idaho,1,2574
2015,41,Idaho,2,4652
2015,41,Idaho,3,2391
2015,41,Idaho,4,2520
2015,41,Idaho,5,1580
2015,41,Idaho,6,1188
2015,41,Idaho,7,455
2015,41,Idaho,8,208
2015,41,Idaho,9,117
2015,41,Idaho,10,40
2015,41,Montana,1,2005
2015,41,Montana,2,3460
2015,41,Montana,3,1371
2015,41,Montana,4,1464
2015,41,Montana,5,885
2015,41,Montana,6,396
2015,41,Montana,7,175
2015,41,Montana,8,40
2015,41,Montana,9,45
2015,41,Nevada,1,4739
2015,41,Nevada,2,7748
2015,41,Nevada,3,4374
2015,41,Nevada,4,4668
2015,41,Nevada,5,2915
2015,41,Nevada,6,1392
2015,41,Nevada,7,658
2015,41,Nevada,8,280
2015,41,Nevada,9,108
2015,41,Nevada,10,60
2015,41,Nevada,11,33
2015,41,Nevada,13,13
2015,41,New Mexico,1,3552
2015,41,New Mexico,2,5510
2015,41,New Mexico,3,3009
2015,41,New Mexico,4,3108
2015,41,New Mexico,5,1945
2015,41,New Mexico,6,978
2015,41,New Mexico,7,462
2015,41,New Mexico,8,256
2015,41,New Mexico,9,126
2015,41,New Mexico,10,20
2015,41,New Mexico,11,55
2015,41,New Mexico,12,36
2015,41,New Mexico,15,15
2015,41,Utah,1,3945
2015,41,Utah,2,6172
2015,41,Utah,3,4173
2015,41,Utah,4,4920
2015,41,Utah,5,4195
2015,41,Utah,6,3102
2015,41,Utah,7,1547
2015,41,Utah,8,704
2015,41,Utah,9,270
2015,41,Utah,10,120
2015,41,Utah,11,44
2015,41,Utah,12,36
2015,41,Utah,13,13
2015,41,Utah,15,15
2015,41,Utah,16,16
2015,41,Utah,18,18
2015,41,Wyoming,1,1110
2015,41,Wyoming,2,1862
2015,41,Wyoming,3,855
2015,41,Wyoming,4,884
2015,41,Wyoming,5,560
2015,41,Wyoming,6,372
2015,41,Wyoming,7,133
2015,41,Wyoming,8,24
2015,41,Wyoming,9,9
2015,41,Wyoming,10,10
2015,42,Alaska,1,1235
2015,42,Alaska,2,1464
2015,42,Alaska,3,981
2015,42,Alaska,4,1012
2015,42,Alaska,5,720
2015,42,Alaska,6,444
2015,42,Alaska,7,301
2015,42,Alaska,8,160
2015,42,Alaska,9,108
2015,42,Alaska,10,60
2015,42,Alaska,11,22
2015,42,Alaska,12,84
2015,42,Alaska,14,28
2015,42,California,1,64190
2015,42,California,2,83148
2015,42,California,3,61269
2015,42,California,4,73648
2015,42,California,5,45925
2015,42,California,6,24192
2015,42,California,7,11018
2015,42,California,8,5896
2015,42,California,9,2376
2015,42,California,10,1450
2015,42,California,11,880
2015,42,California,12,384
2015,42,California,13,221
2015,42,California,14,154
2015,42,California,15,105
2015,42,California,16,32
2015,42,California,17,17
2015,42,California,19,38
2015,42,Hawaii,1,2405
2015,42,Hawaii,2,3170
2015,42,Hawaii,3,2310
2015,42,Hawaii,4,2420
2015,42,Hawaii,5,1410
2015,42,Hawaii,6,894
2015,42,Hawaii,7,630
2015,42,Hawaii,8,280
2015,42,Hawaii,9,270
2015,42,Hawaii,10,170
2015,42,Hawaii,11,77
2015,42,Hawaii,12,48
2015,42,Hawaii,13,26
2015,42,Hawaii,14,14
2015,42,Oregon,1,8166
2015,42,Oregon,2,12544
2015,42,Oregon,3,6417
2015,42,Oregon,4,6696
2015,42,Oregon,5,3405
2015,42,Oregon,6,1650
2015,42,Oregon,7,581
2015,42,Oregon,8,264
2015,42,Oregon,9,144
2015,42,Oregon,10,70
2015,42,Oregon,11,55
2015,42,Washington,1,13257
2015,42,Washington,2,20930
2015,42,Washington,3,11796
2015,42,Washington,4,12936
2015,42,Washington,5,6935
2015,42,Washington,6,3300
2015,42,Washington,7,1386
2015,42,Washington,8,672
2015,42,Washington,9,288
2015,42,Washington,10,120
2015,42,Washington,11,77
2015,42,Washington,12,36
2015,42,Washington,13,52
2015,42,Washington,19,19
2017,11,Connecticut,1,7224
2017,11,Connecticut,2,10180
2017,11,Connecticut,3,6156
2017,11,Connecticut,4,7120
2017,11,Connecticut,5,3310
2017,11,Connecticut,6,1224
2017,11,Connecticut,7,434
2017,11,Connecticut,8,168
2017,11,Connecticut,9,54
2017,11,Connecticut,10,60
2017,11,Connecticut,11,11
2017,11,Connecticut,12,24
2017,11,Connecticut,13,13
2017,11,Maine,1,2710
2017,11,Maine,2,4352
2017,11,Maine,3,2049
2017,11,Maine,4,2148
2017,11,Maine,5,835
2017,11,Maine,6,288
2017,11,Maine,7,98
2017,11,Maine,8,32
2017,11,Maine,9,27
2017,11,Maine,10,20
2017,11,Maine,11,11
2017,11,Maine,13,13
2017,11,Massachusetts,1,15823
2017,11,Massachusetts,2,18848
2017,11,Massachusetts,3,11778
2017,11,Massachusetts,4,13344
2017,11,Massachusetts,5,6315
2017,11,Massachusetts,6,2208
2017,11,Massachusetts,7,819
2017,11,Massachusetts,8,240
2017,11,Massachusetts,9,153
2017,11,Massachusetts,10,50
2017,11,Massachusetts,11,44
2017,11,Massachusetts,13,13
2017,11,New Hampshire,1,2639
2017,11,New Hampshire,2,4426
2017,11,New Hampshire,3,2400
2017,11,New Hampshire,4,2380
2017,11,New Hampshire,5,1135
2017,11,New Hampshire,6,426
2017,11,New Hampshire,7,217
2017,11,New Hampshire,8,56
2017,11,New Hampshire,9,9
2017,11,New Hampshire,10,20
2017,11,Rhode Island,1,2385
2017,11,Rhode Island,2,2856
2017,11,Rhode Island,3,1926
2017,11,Rhode Island,4,1876
2017,11,Rhode Island,5,970
2017,11,Rhode Island,6,318
2017,11,Rhode Island,7,126
2017,11,Rhode Island,8,32
2017,11,Rhode Island,9,27
2017,11,Vermont,1,1380
2017,11,Vermont,2,2236
2017,11,Vermont,3,966
2017,11,Vermont,4,1068
2017,11,Vermont,5,415
2017,11,Vermont,6,168
2017,11,Vermont,7,49
2017,11,Vermont,8,40
2017,11,Vermont,9,18
2017,12,New Jersey,1,13938
2017,12,New Jersey,2,22100
2017,12,New Jersey,3,16380
2017,12,New Jersey,4,19140
2017,12,New Jersey,5,9850
2017,12,New Jersey,6,3828
2017,12,New Jersey,7,1568
2017,12,New Jersey,8,648
2017,12,New Jersey,9,333
2017,12,New Jersey,10,200
2017,12,New Jersey,11,77
2017,12,New Jersey,12,12
2017,12,New Jersey,13,26
2017,12,New Jersey,14,14
2017,12,New York,1,39332
2017,12,New York,2,49736
2017,12,New York,3,33732
2017,12,New York,4,36764
2017,12,New York,5,20000
2017,12,New York,6,8766
2017,12,New York,7,4053
2017,12,New York,8,1976
2017,12,New York,9,900
2017,12,New York,10,590
2017,12,New York,11,352
2017,12,New York,12,192
2017,12,New York,13,65
2017,12,New York,14,56
2017,12,New York,16,16
2017,12,New York,18,36
2017,12,New York,19,19
2017,12,Pennsylvania,1,25646
2017,12,Pennsylvania,2,37830
2017,12,Pennsylvania,3,21879
2017,12,Pennsylvania,4,22704
2017,12,Pennsylvania,5,11230
2017,12,Pennsylvania,6,4536
2017,12,Pennsylvania,7,1883
2017,12,Pennsylvania,8,768
2017,12,Pennsylvania,9,531
2017,12,Pennsylvania,10,140
2017,12,Pennsylvania,11,121
2017,12,Pennsylvania,12,132
2017,12,Pennsylvania,13,13
2017,12,Pennsylvania,20,20
2017,21,Illinois,1,23509
2017,21,Illinois,2,34530
2017,21,Illinois,3,21327
2017,21,Illinois,4,23740
2017,21,Illinois,5,13505
2017,21,Illinois,6,5892
2017,21,Illinois,7,2205
2017,21,Illinois,8,936
2017,21,Illinois,9,432
2017,21,Illinois,10,150
2017,21,Illinois,11,55
2017,21,Illinois,12,84
2017,21,Illinois,13,39
2017,21,Illinois,14,28
2017,21,Illinois,15,30
2017,21,Illinois,20,20
2017,21,Indiana,1,12926
2017,21,Indiana,2,19976
2017,21,Indiana,3,11007
2017,21,Indiana,4,11456
2017,21,Indiana,5,6830
2017,21,Indiana,6,2604
2017,21,Indiana,7,1092
2017,21,Indiana,8,536
2017,21,Indiana,9,261
2017,21,Indiana,10,140
2017,21,Indiana,11,99
2017,21,Indiana,12,36
2017,21,Indiana,13,26
2017,21,Indiana,15,15
2017,21,Michigan,1,18542
2017,21,Michigan,2,30318
2017,21,Michigan,3,16407
2017,21,Michigan,4,17348
2017,21,Michigan,5,9430
2017,21,Michigan,6,4110
2017,21,Michigan,7,1771
2017,21,Michigan,8,688
2017,21,Michigan,9,387
2017,21,Michigan,10,180
2017,21,Michigan,11,110
2017,21,Michigan,12,84
2017,21,Michigan,13,39
2017,21,Michigan,14,14
2017,21,Michigan,15,15
2017,21,Michigan,16,16
2017,21,Ohio,1,24160
2017,21,Ohio,2,35256
2017,21,Ohio,3,19758
2017,21,Ohio,4,20660
2017,21,Ohio,5,11160
2017,21,Ohio,6,4698
2017,21,Ohio,7,1799
2017,21,Ohio,8,648
2017,21,Ohio,9,216
2017,21,Ohio,10,220
2017,21,Ohio,11,165
2017,21,Ohio,12,60
2017,21,Ohio,14,42
2017,21,Wisconsin,1,10725
2017,21,Wisconsin,2,19860
2017,21,Wisconsin,3,8670
2017,21,Wisconsin,4,10144
2017,21,Wisconsin,5,5410
2017,21,Wisconsin,6,2526
2017,21,Wisconsin,7,847
2017,21,Wisconsin,8,416
2017,21,Wisconsin,9,180
2017,21,Wisconsin,10,90
2017,21,Wisconsin,11,77
2017,21,Wisconsin,12,84
2017,21,Wisconsin,13,13
2017,21,Wisconsin,17,17
2017,22,Iowa,1,6689
2017,22,Iowa,2,10192
2017,22,Iowa,3,4677
2017,22,Iowa,4,5516
2017,22,Iowa,5,3105
2017,22,Iowa,6,1404
2017,22,Iowa,7,476
2017,22,Iowa,8,232
2017,22,Iowa,9,72
2017,22,Iowa,10,60
2017,22,Iowa,11,33
2017,22,Kansas,1,5803
2017,22,Kansas,2,8790
2017,22,Kansas,3,4254
2017,22,Kansas,4,4920
2017,22,Kansas,5,3105
2017,22,Kansas,6,1506
2017,22,Kansas,7,490
2017,22,Kansas,8,280
2017,22,Kansas,9,108
2017,22,Kansas,10,70
2017,22,Kansas,11,11
2017,22,Kansas,12,24
2017,22,Kansas,13,13
2017,22,Minnesota,1,9875
2017,22,Minnesota,2,17046
2017,22,Minnesota,3,8346
2017,22,Minnesota,4,9816
2017,22,Minnesota,5,5730
2017,22,Minnesota,6,2562
2017,22,Minnesota,7,812
2017,22,Minnesota,8,464
2017,22,Minnesota,9,216
2017,22,Minnesota,10,150
2017,22,Minnesota,11,55
2017,22,Minnesota,12,48
2017,22,Minnesota,13,13
2017,22,Minnesota,14,28
2017,22,Missouri,1,12556
2017,22,Missouri,2,18470
2017,22,Missouri,3,10176
2017,22,Missouri,4,10604
2017,22,Missouri,5,5730
2017,22,Missouri,6,2670
2017,22,Missouri,7,1001
2017,22,Missouri,8,464
2017,22,Missouri,9,162
2017,22,Missouri,10,130
2017,22,Missouri,11,22
2017,22,Missouri,12,48
2017,22,Missouri,13,26
2017,22,Missouri,14,14
2017,22,Nebraska,1,3789
2017,22,Nebraska,2,5822
2017,22,Nebraska,3,2769
2017,22,Nebraska,4,3264
2017,22,Nebraska,5,2165
2017,22,Nebraska,6,978
2017,22,Nebraska,7,322
2017,22,Nebraska,8,240
2017,22,Nebraska,9,81
2017,22,Nebraska,10,60
2017,22,Nebraska,11,55
2017,22,North Dakota,1,1609
2017,22,North Dakota,2,2518
2017,22,North Dakota,3,1044
2017,22,North Dakota,4,1328
2017,22,North Dakota,5,830
2017,22,North Dakota,6,294
2017,22,North Dakota,7,154
2017,22,North Dakota,8,40
2017,22,North Dakota,9,9
2017,22,North Dakota,10,20
2017,22,North Dakota,11,22
2017,22,North Dakota,12,24
2017,22,South Dakota,1,1858
2017,22,South Dakota,2,2618
2017,22,South Dakota,3,1158
2017,22,South Dakota,4,1452
2017,22,South Dakota,5,930
2017,22,South Dakota,6,462
2017,22,South Dakota,7,224
2017,22,South Dakota,8,80
2017,22,South Dakota,9,54
2017,22,South Dakota,10,10
2017,22,South Dakota,11,22
2017,22,South Dakota,13,13
2017,31,Delaware,1,1631
2017,31,Delaware,2,2876
2017,31,Delaware,3,1578
2017,31,Delaware,4,1672
2017,31,Delaware,5,745
2017,31,Delaware,6,312
2017,31,Delaware,7,77
2017,31,Delaware,8,24
2017,31,Delaware,9,18
2017,31,Delaware,10,10
2017,31,District of Columbia,1,2545
2017,31,District of Columbia,2,1698
2017,31,District of Columbia,3,918
2017,31,District of Columbia,4,824
2017,31,District of Columbia,5,345
2017,31,District of Columbia,6,120
2017,31,District of Columbia,7,7
2017,31,District of Columbia,8,32
2017,31,District of Columbia,9,45
2017,31,District of Columbia,10,20
2017,31,District of Columbia,11,11
2017,31,Florida,1,39465
2017,31,Florida,2,63886
2017,31,Florida,3,33579
2017,31,Florida,4,32772
2017,31,Florida,5,17500
2017,31,Florida,6,7386
2017,31,Florida,7,3052
2017,31,Florida,8,1136
2017,31,Florida,9,414
2017,31,Florida,10,190
2017,31,Florida,11,132
2017,31,Florida,12,72
2017,31,Florida,13,26
2017,31,Florida,14,14
2017,31,Florida,20,20
2017,31,Georgia,1,18236
2017,31,Georgia,2,27544
2017,31,Georgia,3,18009
2017,31,Georgia,4,18412
2017,31,Georgia,5,10020
2017,31,Georgia,6,4392
2017,31,Georgia,7,1876
2017,31,Georgia,8,728
2017,31,Georgia,9,306
2017,31,Georgia,10,150
2017,31,Georgia,11,66
2017,31,Georgia,12,60
2017,31,Maryland,1,11018
2017,31,Maryland,2,15596
2017,31,Maryland,3,10716
2017,31,Maryland,4,11504
2017,31,Maryland,5,6090
2017,31,Maryland,6,2514
2017,31,Maryland,7,1092
2017,31,Maryland,8,432
2017,31,Maryland,9,243
2017,31,Maryland,10,110
2017,31,Maryland,11,44
2017,31,Maryland,12,84
2017,31,Maryland,20,20
2017,31,North Carolina,1,19939
2017,31,North Carolina,2,30608
2017,31,North Carolina,3,17814
2017,31,North Carolina,4,18192
2017,31,North Carolina,5,9020
2017,31,North Carolina,6,3438
2017,31,North Carolina,7,1197
2017,31,North Carolina,8,536
2017,31,North Carolina,9,234
2017,31,North Carolina,10,90
2017,31,North Carolina,11,88
2017,31,North Carolina,12,48
2017,31,North Carolina,13,13
2017,31,North Carolina,16,16
2017,31,South Carolina,1,9904
2017,31,South Carolina,2,15406
2017,31,South Carolina,3,8661
2017,31,South Carolina,4,8412
2017,31,South Carolina,5,4355
2017,31,South Carolina,6,1650
2017,31,South Carolina,7,630
2017,31,South Carolina,8,256
2017,31,South Carolina,9,81
2017,31,South Carolina,10,60
2017,31,South Carolina,11,11
2017,31,South Carolina,12,12
2017,31,Virginia,1,16115
2017,31,Virginia,2,23556
2017,31,Virginia,3,14529
2017,31,Virginia,4,15988
2017,31,Virginia,5,8395
2017,31,Virginia,6,3498
2017,31,Virginia,7,1267
2017,31,Virginia,8,576
2017,31,Virginia,9,243
2017,31,Virginia,10,160
2017,31,Virginia,11,55
2017,31,Virginia,13,26
2017,31,Virginia,14,14
2017,31,West Virginia,1,3640
2017,31,West Virginia,2,5586
2017,31,West Virginia,3,3426
2017,31,West Virginia,4,2984
2017,31,West Virginia,5,1375
2017,31,West Virginia,6,498
2017,31,West Virginia,7,140
2017,31,West Virginia,8,80
2017,31,West Virginia,9,18
2017,31,West Virginia,11,11
2017,32,Alabama,1,9511
2017,32,Alabama,2,14740
2017,32,Alabama,3,8691
2017,32,Alabama,4,8044
2017,32,Alabama,5,3920
2017,32,Alabama,6,1638
2017,32,Alabama,7,735
2017,32,Alabama,8,144
2017,32,Alabama,9,81
2017,32,Alabama,10,80
2017,32,Alabama,11,33
2017,32,Alabama,12,12
2017,32,Alabama,16,16
2017,32,Kentucky,1,8874
2017,32,Kentucky,2,13202
2017,32,Kentucky,3,8028
2017,32,Kentucky,4,7764
2017,32,Kentucky,5,4180
2017,32,Kentucky,6,1878
2017,32,Kentucky,7,756
2017,32,Kentucky,8,264
2017,32,Kentucky,9,126
2017,32,Kentucky,10,80
2017,32,Kentucky,11,33
2017,32,Kentucky,12,24
2017,32,Mississippi,1,5926
2017,32,Mississippi,2,7946
2017,32,Mississippi,3,5190
2017,32,Mississippi,4,4956
2017,32,Mississippi,5,2855
2017,32,Mississippi,6,1284
2017,32,Mississippi,7,511
2017,32,Mississippi,8,208
2017,32,Mississippi,9,81
2017,32,Mississippi,10,70
2017,32,Mississippi,11,44
2017,32,Mississippi,12,12
2017,32,Mississippi,13,13
2017,32,Tennessee,1,12566
2017,32,Tennessee,2,20404
2017,32,Tennessee,3,11598
2017,32,Tennessee,4,11724
2017,32,Tennessee,5,6065
2017,32,Tennessee,6,2496
2017,32,Tennessee,7,868
2017,32,Tennessee,8,472
2017,32,Tennessee,9,153
2017,32,Tennessee,10,110
2017,32,Tennessee,11,55
2017,32,Tennessee,12,36
2017,32,Tennessee,14,28
2017,33,Arkansas,1,5786
2017,33,Arkansas,2,9002
2017,33,Arkansas,3,5100
2017,33,Arkansas,4,5108
2017,33,Arkansas,5,2835
2017,33,Arkansas,6,1290
2017,33,Arkansas,7,504
2017,33,Arkansas,8,272
2017,33,Arkansas,9,63
2017,33,Arkansas,10,50
2017,33,Arkansas,11,11
2017,33,Louisiana,1,9035
2017,33,Louisiana,2,12492
2017,33,Louisiana,3,7896
2017,33,Louisiana,4,7552
2017,33,Louisiana,5,4240
2017,33,Louisiana,6,1770
2017,33,Louisiana,7,616
2017,33,Louisiana,8,216
2017,33,Louisiana,9,81
2017,33,Louisiana,10,60
2017,33,Louisiana,11,22
2017,33,Louisiana,12,24
2017,33,Louisiana,20,20
2017,33,Oklahoma,1,7091
2017,33,Oklahoma,2,10394
2017,33,Oklahoma,3,6198
2017,33,Oklahoma,4,6244
2017,33,Oklahoma,5,4020
2017,33,Oklahoma,6,1932
2017,33,Oklahoma,7,742
2017,33,Oklahoma,8,288
2017,33,Oklahoma,9,144
2017,33,Oklahoma,10,30
2017,33,Oklahoma,11,22
2017,33,Texas,1,43739
2017,33,Texas,2,66506
2017,33,Texas,3,45888
2017,33,Texas,4,51660
2017,33,Texas,5,31540
2017,33,Texas,6,15036
2017,33,Texas,7,6300
2017,33,Texas,8,2840
2017,33,Texas,9,1071
2017,33,Texas,10,720
2017,33,Texas,11,253
2017,33,Texas,12,144
2017,33,Texas,13,26
2017,33,Texas,14,56
2017,33,Texas,15,15
2017,33,Texas,16,48
2017,41,Arizona,1,13053
2017,41,Arizona,2,19316
2017,41,Arizona,3,10335
2017,41,Arizona,4,11472
2017,41,Arizona,5,7135
2017,41,Arizona,6,3690
2017,41,Arizona,7,1974
2017,41,Arizona,8,896
2017,41,Arizona,9,405
2017,41,Arizona,10,290
2017,41,Arizona,11,143
2017,41,Arizona,12,72
2017,41,Arizona,13,39
2017,41,Arizona,14,28
2017,41,Arizona,15,15
2017,41,Colorado,1,10759
2017,41,Colorado,2,16364
2017,41,Colorado,3,8700
2017,41,Colorado,4,10232
2017,41,Colorado,5,5490
2017,41,Colorado,6,2370
2017,41,Colorado,7,882
2017,41,Colorado,8,400
2017,41,Colorado,9,189
2017,41,Colorado,10,110
2017,41,Colorado,11,55
2017,41,Colorado,12,36
2017,41,Colorado,13,13
2017,41,Idaho,1,2586
2017,41,Idaho,2,4830
2017,41,Idaho,3,2487
2017,41,Idaho,4,2584
2017,41,Idaho,5,1970
2017,41,Idaho,6,1080
2017,41,Idaho,7,567
2017,41,Idaho,8,264
2017,41,Idaho,9,81
2017,41,Idaho,10,60
2017,41,Idaho,12,12
2017,41,Idaho,15,15
2017,41,Montana,1,2019
2017,41,Montana,2,3450
2017,41,Montana,3,1398
2017,41,Montana,4,1656
2017,41,Montana,5,875
2017,41,Montana,6,450
2017,41,Montana,7,154
2017,41,Montana,8,112
2017,41,Montana,9,36
2017,41,Montana,10,20
2017,41,Montana,11,11
2017,41,Montana,12,12
2017,41,Montana,13,13
2017,41,Montana,15,15
2017,41,Nevada,1,4959
2017,41,Nevada,2,8050
2017,41,Nevada,3,4596
2017,41,Nevada,4,4956
2017,41,Nevada,5,3180
2017,41,Nevada,6,1410
2017,41,Nevada,7,693
2017,41,Nevada,8,256
2017,41,Nevada,9,135
2017,41,Nevada,10,110
2017,41,Nevada,11,55
2017,41,Nevada,13,13
2017,41,New Mexico,1,3618
2017,41,New Mexico,2,5434
2017,41,New Mexico,3,3117
2017,41,New Mexico,4,3020
2017,41,New Mexico,5,2060
2017,41,New Mexico,6,942
2017,41,New Mexico,7,413
2017,41,New Mexico,8,232
2017,41,New Mexico,9,81
2017,41,New Mexico,10,60
2017,41,New Mexico,11,44
2017,41,Utah,1,3940
2017,41,Utah,2,6420
2017,41,Utah,3,4380
2017,41,Utah,4,5008
2017,41,Utah,5,4810
2017,41,Utah,6,3444
2017,41,Utah,7,1603
2017,41,Utah,8,792
2017,41,Utah,9,243
2017,41,Utah,10,160
2017,41,Utah,11,44
2017,41,Utah,13,13
2017,41,Utah,14,14
2017,41,Utah,15,15
2017,41,Utah,18,18
2017,41,Wyoming,1,1049
2017,41,Wyoming,2,1772
2017,41,Wyoming,3,831
2017,41,Wyoming,4,1036
2017,41,Wyoming,5,620
2017,41,Wyoming,6,354
2017,41,Wyoming,7,154
2017,41,Wyoming,8,48
2017,41,Wyoming,9,27
2017,41,Wyoming,10,10
2017,41,Wyoming,11,11
2017,42,Alaska,1,1317
2017,42,Alaska,2,1454
2017,42,Alaska,3,885
2017,42,Alaska,4,1008
2017,42,Alaska,5,785
2017,42,Alaska,6,546
2017,42,Alaska,7,259
2017,42,Alaska,8,224
2017,42,Alaska,9,117
2017,42,Alaska,10,40
2017,42,Alaska,11,44
2017,42,Alaska,12,24
2017,42,Alaska,13,13
2017,42,Alaska,15,30
2017,42,California,1,65276
2017,42,California,2,84128
2017,42,California,3,62730
2017,42,California,4,74132
2017,42,California,5,45625
2017,42,California,6,23460
2017,42,California,7,10836
2017,42,California,8,5488
2017,42,California,9,2538
2017,42,California,10,1570
2017,42,California,11,825
2017,42,California,12,468
2017,42,California,13,260
2017,42,California,14,98
2017,42,California,15,90
2017,42,California,17,51
2017,42,Hawaii,1,2527
2017,42,Hawaii,2,3106
2017,42,Hawaii,3,2190
2017,42,Hawaii,4,2556
2017,42,Hawaii,5,1660
2017,42,Hawaii,6,972
2017,42,Hawaii,7,518
2017,42,Hawaii,8,288
2017,42,Hawaii,9,234
2017,42,Hawaii,10,150
2017,42,Hawaii,11,99
2017,42,Hawaii,12,48
2017,42,Hawaii,13,52
2017,42,Hawaii,16,16
2017,42,Hawaii,17,17
2017,42,Oregon,1,8571
2017,42,Oregon,2,12636
2017,42,Oregon,3,6537
2017,42,Oregon,4,7120
2017,42,Oregon,5,3590
2017,42,Oregon,6,1662
2017,42,Oregon,7,595
2017,42,Oregon,8,248
2017,42,Oregon,9,162
2017,42,Oregon,10,30
2017,42,Oregon,11,44
2017,42,Oregon,12,24
2017,42,Washington,1,13927
2017,42,Washington,2,21836
2017,42,Washington,3,12132
2017,42,Washington,4,13752
2017,42,Washington,5,7085
2017,42,Washington,6,3324
2017,42,Washington,7,1442
2017,42,Washington,8,608
2017,42,Washington,9,234
2017,42,Washington,10,180
2017,42,Washington,11,88
2017,42,Washington,12,60
2017,42,Washington,13,13
2017,42,Washington,14,14
2018,11,Connecticut,1,7221
2018,11,Connecticut,2,10000
2018,11,Connecticut,3,6690
2018,11,Connecticut,4,6960
2018,11,Connecticut,5,3380
2018,11,Connecticut,6,1290
2018,11,Connecticut,7,455
2018,11,Connecticut,8,208
2018,11,Connecticut,9,63
2018,11,Connecticut,10,20
2018,11,Maine,1,2751
2018,11,Maine,2,4812
2018,11,Maine,3,2121
2018,11,Maine,4,2128
2018,11,Maine,5,820
2018,11,Maine,6,372
2018,11,Maine,7,161
2018,11,Maine,8,48
2018,11,Maine,9,9
2018,11,Maine,10,20
2018,11,Maine,11,33
2018,11,Massachusetts,1,16076
2018,11,Massachusetts,2,18960
2018,11,Massachusetts,3,11838
2018,11,Massachusetts,4,13372
2018,11,Massachusetts,5,6300
2018,11,Massachusetts,6,2316
2018,11,Massachusetts,7,735
2018,11,Massachusetts,8,288
2018,11,Massachusetts,9,90
2018,11,Massachusetts,10,110
2018,11,Massachusetts,11,33
2018,11,Massachusetts,13,13
2018,11,New Hampshire,1,2659
2018,11,New Hampshire,2,4594
2018,11,New Hampshire,3,2220
2018,11,New Hampshire,4,2560
2018,11,New Hampshire,5,1025
2018,11,New Hampshire,6,462
2018,11,New Hampshire,7,112
2018,11,New Hampshire,8,120
2018,11,New Hampshire,9,18
2018,11,New Hampshire,10,10
2018,11,Rhode Island,1,2361
2018,11,Rhode Island,2,2998
2018,11,Rhode Island,3,1815
2018,11,Rhode Island,4,1932
2018,11,Rhode Island,5,960
2018,11,Rhode Island,6,246
2018,11,Rhode Island,7,126
2018,11,Rhode Island,8,24
2018,11,Rhode Island,9,27
2018,11,Vermont,1,1456
2018,11,Vermont,2,2290
2018,11,Vermont,3,1008
2018,11,Vermont,4,1020
2018,11,Vermont,5,465
2018,11,Vermont,6,120
2018,11,Vermont,7,42
2018,11,Vermont,8,8
2018,11,Vermont,9,27
2018,12,New Jersey,1,14920
2018,12,New Jersey,2,22288
2018,12,New Jersey,3,16380
2018,12,New Jersey,4,19084
2018,12,New Jersey,5,9480
2018,12,New Jersey,6,3648
2018,12,New Jersey,7,1393
2018,12,New Jersey,8,656
2018,12,New Jersey,9,369
2018,12,New Jersey,10,210
2018,12,New Jersey,11,110
2018,12,New Jersey,12,48
2018,12,New York,1,39582
2018,12,New York,2,50598
2018,12,New York,3,33879
2018,12,New York,4,35916
2018,12,New York,5,19155
2018,12,New York,6,8946
2018,12,New York,7,3857
2018,12,New York,8,1936
2018,12,New York,9,1296
2018,12,New York,10,830
2018,12,New York,11,473
2018,12,New York,12,288
2018,12,New York,13,78
2018,12,New York,14,70
2018,12,New York,15,45
2018,12,New York,18,18
2018,12,Pennsylvania,1,25829
2018,12,Pennsylvania,2,39234
2018,12,Pennsylvania,3,22464
2018,12,Pennsylvania,4,22224
2018,12,Pennsylvania,5,11215
2018,12,Pennsylvania,6,4458
2018,12,Pennsylvania,7,1862
2018,12,Pennsylvania,8,816
2018,12,Pennsylvania,9,396
2018,12,Pennsylvania,10,250
2018,12,Pennsylvania,11,231
2018,12,Pennsylvania,12,60
2018,12,Pennsylvania,13,13
2018,12,Pennsylvania,14,14
2018,21,Illinois,1,23513
2018,21,Illinois,2,35076
2018,21,Illinois,3,21264
2018,21,Illinois,4,24364
2018,21,Illinois,5,12650
2018,21,Illinois,6,5688
2018,21,Illinois,7,2051
2018,21,Illinois,8,1000
2018,21,Illinois,9,396
2018,21,Illinois,10,230
2018,21,Illinois,11,88
2018,21,Illinois,12,96
2018,21,Illinois,13,26
2018,21,Illinois,14,14
2018,21,Indiana,1,13184
2018,21,Indiana,2,19650
2018,21,Indiana,3,11121
2018,21,Indiana,4,11800
2018,21,Indiana,5,6790
2018,21,Indiana,6,2970
2018,21,Indiana,7,1197
2018,21,Indiana,8,560
2018,21,Indiana,9,207
2018,21,Indiana,10,130
2018,21,Indiana,11,22
2018,21,Indiana,12,36
2018,21,Indiana,13,13
2018,21,Michigan,1,18648
2018,21,Michigan,2,30850
2018,21,Michigan,3,16563
2018,21,Michigan,4,17256
2018,21,Michigan,5,9090
2018,21,Michigan,6,4032
2018,21,Michigan,7,1554
2018,21,Michigan,8,736
2018,21,Michigan,9,252
2018,21,Michigan,10,160
2018,21,Michigan,11,121
2018,21,Michigan,12,60
2018,21,Michigan,13,52
2018,21,Michigan,14,28
2018,21,Michigan,17,17
2018,21,Ohio,1,24265
2018,21,Ohio,2,35688
2018,21,Ohio,3,19344
2018,21,Ohio,4,20192
2018,21,Ohio,5,11280
2018,21,Ohio,6,4968
2018,21,Ohio,7,1932
2018,21,Ohio,8,728
2018,21,Ohio,9,315
2018,21,Ohio,10,160
2018,21,Ohio,11,110
2018,21,Ohio,12,60
2018,21,Ohio,13,13
2018,21,Ohio,15,15
2018,21,Ohio,16,16
2018,21,Wisconsin,1,10715
2018,21,Wisconsin,2,19912
2018,21,Wisconsin,3,9216
2018,21,Wisconsin,4,10204
2018,21,Wisconsin,5,5455
2018,21,Wisconsin,6,2442
2018,21,Wisconsin,7,945
2018,21,Wisconsin,8,464
2018,21,Wisconsin,9,243
2018,21,Wisconsin,10,110
2018,21,Wisconsin,11,55
2018,21,Wisconsin,12,72
2018,22,Iowa,1,6681
2018,22,Iowa,2,10344
2018,22,Iowa,3,4617
2018,22,Iowa,4,5392
2018,22,Iowa,5,3060
2018,22,Iowa,6,1482
2018,22,Iowa,7,490
2018,22,Iowa,8,160
2018,22,Iowa,9,63
2018,22,Iowa,10,50
2018,22,Iowa,11,11
2018,22,Iowa,12,12
2018,22,Kansas,1,5738
2018,22,Kansas,2,8720
2018,22,Kansas,3,4536
2018,22,Kansas,4,5036
2018,22,Kansas,5,3255
2018,22,Kansas,6,1350
2018,22,Kansas,7,504
2018,22,Kansas,8,280
2018,22,Kansas,9,81
2018,22,Kansas,10,20
2018,22,Kansas,11,22
2018,22,Kansas,12,12
2018,22,Kansas,13,13
2018,22,Minnesota,1,10155
2018,22,Minnesota,2,18040
2018,22,Minnesota,3,8061
2018,22,Minnesota,4,9660
2018,22,Minnesota,5,5585
2018,22,Minnesota,6,2442
2018,22,Minnesota,7,854
2018,22,Minnesota,8,432
2018,22,Minnesota,9,216
2018,22,Minnesota,10,130
2018,22,Minnesota,11,77
2018,22,Minnesota,12,60
2018,22,Minnesota,13,39
2018,22,Minnesota,15,15
2018,22,Minnesota,17,17
2018,22,Missouri,1,12788
2018,22,Missouri,2,19020
2018,22,Missouri,3,10068
2018,22,Missouri,4,10600
2018,22,Missouri,5,5405
2018,22,Missouri,6,2640
2018,22,Missouri,7,980
2018,22,Missouri,8,448
2018,22,Missouri,9,207
2018,22,Missouri,10,140
2018,22,Missouri,11,55
2018,22,Missouri,12,48
2018,22,Missouri,17,17
2018,22,Nebraska,1,3855
2018,22,Nebraska,2,5878
2018,22,Nebraska,3,2886
2018,22,Nebraska,4,3180
2018,22,Nebraska,5,2135
2018,22,Nebraska,6,858
2018,22,Nebraska,7,343
2018,22,Nebraska,8,136
2018,22,Nebraska,9,81
2018,22,Nebraska,10,30
2018,22,Nebraska,11,44
2018,22,Nebraska,12,12
2018,22,Nebraska,13,13
2018,22,North Dakota,1,1614
2018,22,North Dakota,2,2512
2018,22,North Dakota,3,1143
2018,22,North Dakota,4,1252
2018,22,North Dakota,5,850
2018,22,North Dakota,6,324
2018,22,North Dakota,7,91
2018,22,North Dakota,8,80
2018,22,North Dakota,10,10
2018,22,South Dakota,1,1756
2018,22,South Dakota,2,2672
2018,22,South Dakota,3,1212
2018,22,South Dakota,4,1488
2018,22,South Dakota,5,1015
2018,22,South Dakota,6,462
2018,22,South Dakota,7,217
2018,22,South Dakota,8,72
2018,22,South Dakota,9,27
2018,22,South Dakota,10,20
2018,22,South Dakota,11,33
2018,22,South Dakota,12,12
2018,31,Delaware,1,1730
2018,31,Delaware,2,3012
2018,31,Delaware,3,1611
2018,31,Delaware,4,1508
2018,31,Delaware,5,750
2018,31,Delaware,6,300
2018,31,Delaware,7,105
2018,31,Delaware,8,48
2018,31,Delaware,9,36
2018,31,Delaware,11,11
2018,31,Delaware,12,12
2018,31,District of Columbia,1,2578
2018,31,District of Columbia,2,1712
2018,31,District of Columbia,3,843
2018,31,District of Columbia,4,812
2018,31,District of Columbia,5,380
2018,31,District of Columbia,6,102
2018,31,District of Columbia,7,77
2018,31,District of Columbia,8,8
2018,31,District of Columbia,9,27
2018,31,District of Columbia,10,10
2018,31,Florida,1,39992
2018,31,Florida,2,65228
2018,31,Florida,3,34317
2018,31,Florida,4,32936
2018,31,Florida,5,17535
2018,31,Florida,6,7200
2018,31,Florida,7,2772
2018,31,Florida,8,1160
2018,31,Florida,9,549
2018,31,Florida,10,280
2018,31,Florida,11,88
2018,31,Florida,12,48
2018,31,Florida,13,26
2018,31,Florida,14,14
2018,31,Florida,15,15
2018,31,Georgia,1,18826
2018,31,Georgia,2,27830
2018,31,Georgia,3,17646
2018,31,Georgia,4,19012
2018,31,Georgia,5,10005
2018,31,Georgia,6,4314
2018,31,Georgia,7,1841
2018,31,Georgia,8,704
2018,31,Georgia,9,360
2018,31,Georgia,10,150
2018,31,Georgia,11,77
2018,31,Georgia,12,48
2018,31,Georgia,13,13
2018,31,Georgia,14,14
2018,31,Georgia,15,15
2018,31,Maryland,1,11200
2018,31,Maryland,2,15802
2018,31,Maryland,3,10779
2018,31,Maryland,4,11452
2018,31,Maryland,5,5945
2018,31,Maryland,6,2706
2018,31,Maryland,7,1134
2018,31,Maryland,8,456
2018,31,Maryland,9,171
2018,31,Maryland,10,90
2018,31,Maryland,11,44
2018,31,Maryland,12,48
2018,31,Maryland,13,13
2018,31,North Carolina,1,20366
2018,31,North Carolina,2,31180
2018,31,North Carolina,3,18225
2018,31,North Carolina,4,18024
2018,31,North Carolina,5,9095
2018,31,North Carolina,6,3516
2018,31,North Carolina,7,1281
2018,31,North Carolina,8,464
2018,31,North Carolina,9,180
2018,31,North Carolina,10,110
2018,31,North Carolina,11,33
2018,31,North Carolina,12,36
2018,31,North Carolina,13,13
2018,31,South Carolina,1,10164
2018,31,South Carolina,2,15578
2018,31,South Carolina,3,8733
2018,31,South Carolina,4,8336
2018,31,South Carolina,5,4210
2018,31,South Carolina,6,1668
2018,31,South Carolina,7,581
2018,31,South Carolina,8,320
2018,31,South Carolina,9,108
2018,31,South Carolina,10,50
2018,31,South Carolina,11,33
2018,31,South Carolina,12,24
2018,31,South Carolina,13,13
2018,31,Virginia,1,16281
2018,31,Virginia,2,23578
2018,31,Virginia,3,15372
2018,31,Virginia,4,16048
2018,31,Virginia,5,7790
2018,31,Virginia,6,3504
2018,31,Virginia,7,1365
2018,31,Virginia,8,480
2018,31,Virginia,9,225
2018,31,Virginia,10,60
2018,31,Virginia,11,11
2018,31,Virginia,12,12
2018,31,Virginia,14,14
2018,31,Virginia,15,15
2018,31,West Virginia,1,3762
2018,31,West Virginia,2,5964
2018,31,West Virginia,3,3102
2018,31,West Virginia,4,2748
2018,31,West Virginia,5,1520
2018,31,West Virginia,6,600
2018,31,West Virginia,7,196
2018,31,West Virginia,8,104
2018,31,West Virginia,9,27
2018,31,West Virginia,10,10
2018,31,West Virginia,11,33
2018,32,Alabama,1,9481
2018,32,Alabama,2,14708
2018,32,Alabama,3,8727
2018,32,Alabama,4,8172
2018,32,Alabama,5,4130
2018,32,Alabama,6,1572
2018,32,Alabama,7,518
2018,32,Alabama,8,288
2018,32,Alabama,9,90
2018,32,Alabama,10,40
2018,32,Alabama,11,11
2018,32,Alabama,12,12
2018,32,Alabama,14,28
2018,32,Kentucky,1,8774
2018,32,Kentucky,2,13510
2018,32,Kentucky,3,8175
2018,32,Kentucky,4,7964
2018,32,Kentucky,5,4205
2018,32,Kentucky,6,1608
2018,32,Kentucky,7,728
2018,32,Kentucky,8,320
2018,32,Kentucky,9,54
2018,32,Kentucky,10,80
2018,32,Kentucky,11,33
2018,32,Kentucky,12,24
2018,32,Mississippi,1,5948
2018,32,Mississippi,2,8332
2018,32,Mississippi,3,5214
2018,32,Mississippi,4,4932
2018,32,Mississippi,5,2740
2018,32,Mississippi,6,1104
2018,32,Mississippi,7,518
2018,32,Mississippi,8,160
2018,32,Mississippi,9,72
2018,32,Mississippi,10,80
2018,32,Mississippi,12,24
2018,32,Tennessee,1,12632
2018,32,Tennessee,2,20548
2018,32,Tennessee,3,11886
2018,32,Tennessee,4,11792
2018,32,Tennessee,5,6520
2018,32,Tennessee,6,2730
2018,32,Tennessee,7,1029
2018,32,Tennessee,8,448
2018,32,Tennessee,9,189
2018,32,Tennessee,10,70
2018,32,Tennessee,11,66
2018,32,Tennessee,12,24
2018,32,Tennessee,16,16
2018,33,Arkansas,1,5787
2018,33,Arkansas,2,9114
2018,33,Arkansas,3,5334
2018,33,Arkansas,4,4920
2018,33,Arkansas,5,3100
2018,33,Arkansas,6,1290
2018,33,Arkansas,7,553
2018,33,Arkansas,8,256
2018,33,Arkansas,9,72
2018,33,Arkansas,10,20
2018,33,Arkansas,11,33
2018,33,Arkansas,12,24
2018,33,Louisiana,1,9027
2018,33,Louisiana,2,12688
2018,33,Louisiana,3,7794
2018,33,Louisiana,4,7376
2018,33,Louisiana,5,3835
2018,33,Louisiana,6,1692
2018,33,Louisiana,7,714
2018,33,Louisiana,8,288
2018,33,Louisiana,9,81
2018,33,Louisiana,10,60
2018,33,Louisiana,11,22
2018,33,Louisiana,12,12
2018,33,Oklahoma,1,7362
2018,33,Oklahoma,2,10386
2018,33,Oklahoma,3,6240
2018,33,Oklahoma,4,6776
2018,33,Oklahoma,5,3825
2018,33,Oklahoma,6,1908
2018,33,Oklahoma,7,679
2018,33,Oklahoma,8,240
2018,33,Oklahoma,9,117
2018,33,Oklahoma,10,70
2018,33,Oklahoma,11,33
2018,33,Oklahoma,12,12
2018,33,Texas,1,44510
2018,33,Texas,2,68586
2018,33,Texas,3,45735
2018,33,Texas,4,50660
2018,33,Texas,5,31975
2018,33,Texas,6,15300
2018,33,Texas,7,6188
2018,33,Texas,8,2760
2018,33,Texas,9,1287
2018,33,Texas,10,570
2018,33,Texas,11,253
2018,33,Texas,12,144
2018,33,Texas,13,39
2018,33,Texas,14,14
2018,33,Texas,15,45
2018,33,Texas,16,16
2018,33,Texas,18,18
2018,41,Arizona,1,13108
2018,41,Arizona,2,19944
2018,41,Arizona,3,10218
2018,41,Arizona,4,11660
2018,41,Arizona,5,7295
2018,41,Arizona,6,3780
2018,41,Arizona,7,2093
2018,41,Arizona,8,936
2018,41,Arizona,9,459
2018,41,Arizona,10,220
2018,41,Arizona,11,143
2018,41,Arizona,12,72
2018,41,Arizona,14,14
2018,41,Arizona,15,15
2018,41,Arizona,16,16
2018,41,Arizona,17,17
2018,41,Colorado,1,11004
2018,41,Colorado,2,16536
2018,41,Colorado,3,8751
2018,41,Colorado,4,10320
2018,41,Colorado,5,5545
2018,41,Colorado,6,2388
2018,41,Colorado,7,756
2018,41,Colorado,8,368
2018,41,Colorado,9,135
2018,41,Colorado,10,70
2018,41,Colorado,11,55
2018,41,Idaho,1,2637
2018,41,Idaho,2,5050
2018,41,Idaho,3,2502
2018,41,Idaho,4,2692
2018,41,Idaho,5,1925
2018,41,Idaho,6,1026
2018,41,Idaho,7,511
2018,41,Idaho,8,208
2018,41,Idaho,9,72
2018,41,Idaho,10,30
2018,41,Idaho,11,22
2018,41,Idaho,12,36
2018,41,Montana,1,2030
2018,41,Montana,2,3548
2018,41,Montana,3,1455
2018,41,Montana,4,1616
2018,41,Montana,5,810
2018,41,Montana,6,450
2018,41,Montana,7,196
2018,41,Montana,8,120
2018,41,Montana,9,45
2018,41,Montana,10,20
2018,41,Montana,11,22
2018,41,Montana,12,24
2018,41,Nevada,1,5256
2018,41,Nevada,2,8060
2018,41,Nevada,3,4758
2018,41,Nevada,4,5040
2018,41,Nevada,5,2960
2018,41,Nevada,6,1560
2018,41,Nevada,7,644
2018,41,Nevada,8,384
2018,41,Nevada,9,171
2018,41,Nevada,10,40
2018,41,Nevada,11,22
2018,41,Nevada,12,12
2018,41,Nevada,20,20
2018,41,New Mexico,1,3775
2018,41,New Mexico,2,5900
2018,41,New Mexico,3,3090
2018,41,New Mexico,4,2916
2018,41,New Mexico,5,1790
2018,41,New Mexico,6,930
2018,41,New Mexico,7,497
2018,41,New Mexico,8,136
2018,41,New Mexico,9,126
2018,41,New Mexico,10,50
2018,41,New Mexico,11,22
2018,41,New Mexico,15,15
2018,41,Utah,1,4058
2018,41,Utah,2,6700
2018,41,Utah,3,4371
2018,41,Utah,4,5536
2018,41,Utah,5,4475
2018,41,Utah,6,3342
2018,41,Utah,7,1785
2018,41,Utah,8,736
2018,41,Utah,9,315
2018,41,Utah,10,150
2018,41,Utah,11,66
2018,41,Utah,12,12
2018,41,Utah,13,26
2018,41,Utah,14,14
2018,41,Utah,17,17
2018,41,Wyoming,1,1065
2018,41,Wyoming,2,1932
2018,41,Wyoming,3,888
2018,41,Wyoming,4,876
2018,41,Wyoming,5,500
2018,41,Wyoming,6,270
2018,41,Wyoming,7,112
2018,41,Wyoming,8,48
2018,41,Wyoming,9,9
2018,41,Wyoming,10,40
2018,42,Alaska,1,1355
2018,42,Alaska,2,1534
2018,42,Alaska,3,954
2018,42,Alaska,4,1116
2018,42,Alaska,5,735
2018,42,Alaska,6,528
2018,42,Alaska,7,175
2018,42,Alaska,8,136
2018,42,Alaska,9,72
2018,42,Alaska,10,40
2018,42,Alaska,11,22
2018,42,Alaska,12,12
2018,42,Alaska,15,15
2018,42,Alaska,17,17
2018,42,California,1,66618
2018,42,California,2,85572
2018,42,California,3,63024
2018,42,California,4,74620
2018,42,California,5,44645
2018,42,California,6,23088
2018,42,California,7,10598
2018,42,California,8,5216
2018,42,California,9,2358
2018,42,California,10,1380
2018,42,California,11,759
2018,42,California,12,432
2018,42,California,13,195
2018,42,California,14,154
2018,42,California,15,90
2018,42,California,16,16
2018,42,California,17,34
2018,42,California,18,18
2018,42,Hawaii,1,2597
2018,42,Hawaii,2,3266
2018,42,Hawaii,3,2235
2018,42,Hawaii,4,2204
2018,42,Hawaii,5,1760
2018,42,Hawaii,6,1002
2018,42,Hawaii,7,406
2018,42,Hawaii,8,224
2018,42,Hawaii,9,198
2018,42,Hawaii,10,150
2018,42,Hawaii,11,88
2018,42,Hawaii,12,84
2018,42,Hawaii,13,78
2018,42,Hawaii,14,28
2018,42,Hawaii,15,60
2018,42,Hawaii,20,20
2018,42,Oregon,1,8722
2018,42,Oregon,2,13148
2018,42,Oregon,3,6399
2018,42,Oregon,4,7072
2018,42,Oregon,5,3745
2018,42,Oregon,6,1830
2018,42,Oregon,7,574
2018,42,Oregon,8,296
2018,42,Oregon,9,180
2018,42,Oregon,10,40
2018,42,Oregon,11,66
2018,42,Oregon,13,13
2018,42,Oregon,16,32
2018,42,Washington,1,14223
2018,42,Washington,2,22304
2018,42,Washington,3,12375
2018,42,Washington,4,14080
2018,42,Washington,5,7245
2018,42,Washington,6,3438
2018,42,Washington,7,1421
2018,42,Washington,8,656
2018,42,Washington,9,243
2018,42,Washington,10,130
2018,42,Washington,11,33
2018,42,Washington,12,48
2018,42,Washington,13,13
2018,42,Washington,16,16
