YEAR,REGION,STATE,MARST,MARST_COUNTS
2011,11,Connecticut,1,14990
2011,11,Connecticut,2,557
2011,11,Connecticut,3,395
2011,11,Connecticut,4,3043
2011,11,Connecticut,5,2089
2011,11,Connecticut,6,15464
2011,11,Maine,1,6088
2011,11,Maine,2,142
2011,11,Maine,3,117
2011,11,Maine,4,1462
2011,11,Maine,5,809
2011,11,Maine,6,4947
2011,11,Massachusetts,1,26846
2011,11,Massachusetts,2,1113
2011,11,Massachusetts,3,977
2011,11,Massachusetts,4,5240
2011,11,Massachusetts,5,3912
2011,11,Massachusetts,6,30921
2011,11,New Hampshire,1,6288
2011,11,New Hampshire,2,171
2011,11,New Hampshire,3,116
2011,11,New Hampshire,4,1241
2011,11,New Hampshire,5,700
2011,11,New Hampshire,6,5068
2011,11,Rhode Island,1,4128
2011,11,Rhode Island,2,176
2011,11,Rhode Island,3,126
2011,11,Rhode Island,4,977
2011,11,Rhode Island,5,678
2011,11,Rhode Island,6,4720
2011,11,Vermont,1,2974
2011,11,Vermont,2,83
2011,11,Vermont,3,49
2011,11,Vermont,4,608
2011,11,Vermont,5,332
2011,11,Vermont,6,2562
2011,12,New Jersey,1,36248
2011,12,New Jersey,2,1328
2011,12,New Jersey,3,1319
2011,12,New Jersey,4,6025
2011,12,New Jersey,5,5194
2011,12,New Jersey,6,38253
2011,12,New York,1,73348
2011,12,New York,2,4077
2011,12,New York,3,4094
2011,12,New York,4,14242
2011,12,New York,5,11788
2011,12,New York,6,89625
2011,12,Pennsylvania,1,54034
2011,12,Pennsylvania,2,1658
2011,12,Pennsylvania,3,2058
2011,12,Pennsylvania,4,9648
2011,12,Pennsylvania,5,8848
2011,12,Pennsylvania,6,53283
2011,21,Illinois,1,51046
2011,21,Illinois,2,1799
2011,21,Illinois,3,1695
2011,21,Illinois,4,10348
2011,21,Illinois,5,7506
2011,21,Illinois,6,54640
2011,21,Indiana,1,26752
2011,21,Indiana,2,832
2011,21,Indiana,3,764
2011,21,Indiana,4,6882
2011,21,Indiana,5,3967
2011,21,Indiana,6,26712
2011,21,Michigan,1,41854
2011,21,Michigan,2,1235
2011,21,Michigan,3,1027
2011,21,Michigan,4,9327
2011,21,Michigan,5,5994
2011,21,Michigan,6,39848
2011,21,Ohio,1,47664
2011,21,Ohio,2,1427
2011,21,Ohio,3,1583
2011,21,Ohio,4,11511
2011,21,Ohio,5,7705
2011,21,Ohio,6,48533
2011,21,Wisconsin,1,27000
2011,21,Wisconsin,2,676
2011,21,Wisconsin,3,475
2011,21,Wisconsin,4,4787
2011,21,Wisconsin,5,3284
2011,21,Wisconsin,6,23219
2011,22,Iowa,1,13986
2011,22,Iowa,2,367
2011,22,Iowa,3,265
2011,22,Iowa,4,2671
2011,22,Iowa,5,2109
2011,22,Iowa,6,12067
2011,22,Kansas,1,12604
2011,22,Kansas,2,478
2011,22,Kansas,3,291
2011,22,Kansas,4,2629
2011,22,Kansas,5,1780
2011,22,Kansas,6,11202
2011,22,Minnesota,1,25248
2011,22,Minnesota,2,698
2011,22,Minnesota,3,384
2011,22,Minnesota,4,3900
2011,22,Minnesota,5,2801
2011,22,Minnesota,6,21786
2011,22,Missouri,1,25852
2011,22,Missouri,2,916
2011,22,Missouri,3,840
2011,22,Missouri,4,5993
2011,22,Missouri,5,3984
2011,22,Missouri,6,24525
2011,22,Nebraska,1,8356
2011,22,Nebraska,2,241
2011,22,Nebraska,3,162
2011,22,Nebraska,4,1514
2011,22,Nebraska,5,1126
2011,22,Nebraska,6,7314
2011,22,North Dakota,1,3252
2011,22,North Dakota,2,92
2011,22,North Dakota,3,53
2011,22,North Dakota,4,487
2011,22,North Dakota,5,454
2011,22,North Dakota,6,2649
2011,22,South Dakota,1,3674
2011,22,South Dakota,2,154
2011,22,South Dakota,3,68
2011,22,South Dakota,4,648
2011,22,South Dakota,5,541
2011,22,South Dakota,6,3331
2011,31,Delaware,1,3748
2011,31,Delaware,2,108
2011,31,Delaware,3,131
2011,31,Delaware,4,785
2011,31,Delaware,5,548
2011,31,Delaware,6,3674
2011,31,District of Columbia,1,1372
2011,31,District of Columbia,2,111
2011,31,District of Columbia,3,122
2011,31,District of Columbia,4,535
2011,31,District of Columbia,5,351
2011,31,District of Columbia,6,3771
2011,31,Florida,1,76562
2011,31,Florida,2,3622
2011,31,Florida,3,3689
2011,31,Florida,4,20901
2011,31,Florida,5,12960
2011,31,Florida,6,73466
2011,31,Georgia,1,36260
2011,31,Georgia,2,1776
2011,31,Georgia,3,1908
2011,31,Georgia,4,8840
2011,31,Georgia,5,5469
2011,31,Georgia,6,40145
2011,31,Maryland,1,22982
2011,31,Maryland,2,1046
2011,31,Maryland,3,1128
2011,31,Maryland,4,4652
2011,31,Maryland,5,3300
2011,31,Maryland,6,25227
2011,31,North Carolina,1,38986
2011,31,North Carolina,2,1597
2011,31,North Carolina,3,2292
2011,31,North Carolina,4,8304
2011,31,North Carolina,5,6072
2011,31,North Carolina,6,38909
2011,31,South Carolina,1,18824
2011,31,South Carolina,2,693
2011,31,South Carolina,3,1325
2011,31,South Carolina,4,3907
2011,31,South Carolina,5,3264
2011,31,South Carolina,6,19354
2011,31,Virginia,1,33540
2011,31,Virginia,2,1558
2011,31,Virginia,3,1585
2011,31,Virginia,4,6704
2011,31,Virginia,5,4521
2011,31,Virginia,6,33457
2011,31,West Virginia,1,7802
2011,31,West Virginia,2,222
2011,31,West Virginia,3,261
2011,31,West Virginia,4,1984
2011,31,West Virginia,5,1468
2011,31,West Virginia,6,6628
2011,32,Alabama,1,19764
2011,32,Alabama,2,706
2011,32,Alabama,3,980
2011,32,Alabama,4,4918
2011,32,Alabama,5,3496
2011,32,Alabama,6,18715
2011,32,Kentucky,1,18694
2011,32,Kentucky,2,578
2011,32,Kentucky,3,761
2011,32,Kentucky,4,4563
2011,32,Kentucky,5,2941
2011,32,Kentucky,6,16769
2011,32,Mississippi,1,10678
2011,32,Mississippi,2,518
2011,32,Mississippi,3,699
2011,32,Mississippi,4,2685
2011,32,Mississippi,5,2057
2011,32,Mississippi,6,12817
2011,32,Tennessee,1,26242
2011,32,Tennessee,2,1029
2011,32,Tennessee,3,1077
2011,32,Tennessee,4,6823
2011,32,Tennessee,5,4201
2011,32,Tennessee,6,24220
2011,33,Arkansas,1,12378
2011,33,Arkansas,2,478
2011,33,Arkansas,3,570
2011,33,Arkansas,4,3080
2011,33,Arkansas,5,2138
2011,33,Arkansas,6,10763
2011,33,Louisiana,1,16280
2011,33,Louisiana,2,752
2011,33,Louisiana,3,911
2011,33,Louisiana,4,4296
2011,33,Louisiana,5,3130
2011,33,Louisiana,6,19035
2011,33,Oklahoma,1,15586
2011,33,Oklahoma,2,731
2011,33,Oklahoma,3,580
2011,33,Oklahoma,4,3913
2011,33,Oklahoma,5,2348
2011,33,Oklahoma,6,14492
2011,33,Texas,1,97672
2011,33,Texas,2,4943
2011,33,Texas,3,4776
2011,33,Texas,4,21376
2011,33,Texas,5,13201
2011,33,Texas,6,103568
2011,41,Arizona,1,24456
2011,41,Arizona,2,1295
2011,41,Arizona,3,987
2011,41,Arizona,4,6571
2011,41,Arizona,5,3441
2011,41,Arizona,6,28167
2011,41,Colorado,1,21362
2011,41,Colorado,2,861
2011,41,Colorado,3,598
2011,41,Colorado,4,4868
2011,41,Colorado,5,2374
2011,41,Colorado,6,20762
2011,41,Idaho,1,7038
2011,41,Idaho,2,245
2011,41,Idaho,3,151
2011,41,Idaho,4,1472
2011,41,Idaho,5,720
2011,41,Idaho,6,6156
2011,41,Montana,1,4540
2011,41,Montana,2,168
2011,41,Montana,3,82
2011,41,Montana,4,956
2011,41,Montana,5,622
2011,41,Montana,6,3597
2011,41,Nevada,1,10010
2011,41,Nevada,2,471
2011,41,Nevada,3,498
2011,41,Nevada,4,2951
2011,41,Nevada,5,1337
2011,41,Nevada,6,10846
2011,41,New Mexico,1,7296
2011,41,New Mexico,2,380
2011,41,New Mexico,3,270
2011,41,New Mexico,4,2010
2011,41,New Mexico,5,1117
2011,41,New Mexico,6,8704
2011,41,Utah,1,12100
2011,41,Utah,2,324
2011,41,Utah,3,251
2011,41,Utah,4,1827
2011,41,Utah,5,900
2011,41,Utah,6,12349
2011,41,Wyoming,1,2630
2011,41,Wyoming,2,75
2011,41,Wyoming,3,47
2011,41,Wyoming,4,567
2011,41,Wyoming,5,300
2011,41,Wyoming,6,2179
2011,42,Alaska,1,2344
2011,42,Alaska,2,207
2011,42,Alaska,3,106
2011,42,Alaska,4,575
2011,42,Alaska,5,231
2011,42,Alaska,6,3597
2011,42,California,1,138184
2011,42,California,2,8090
2011,42,California,3,6283
2011,42,California,4,29162
2011,42,California,5,17716
2011,42,California,6,169374
2011,42,Hawaii,1,5630
2011,42,Hawaii,2,462
2011,42,Hawaii,3,143
2011,42,Hawaii,4,1070
2011,42,Hawaii,5,847
2011,42,Hawaii,6,6119
2011,42,Oregon,1,16572
2011,42,Oregon,2,711
2011,42,Oregon,3,504
2011,42,Oregon,4,4036
2011,42,Oregon,5,1991
2011,42,Oregon,6,15236
2011,42,Washington,1,29424
2011,42,Washington,2,1200
2011,42,Washington,3,794
2011,42,Washington,4,6871
2011,42,Washington,5,3445
2011,42,Washington,6,28028
2012,11,Connecticut,1,14764
2012,11,Connecticut,2,515
2012,11,Connecticut,3,328
2012,11,Connecticut,4,3085
2012,11,Connecticut,5,2084
2012,11,Connecticut,6,15605
2012,11,Maine,1,6010
2012,11,Maine,2,146
2012,11,Maine,3,116
2012,11,Maine,4,1463
2012,11,Maine,5,794
2012,11,Maine,6,4643
2012,11,Massachusetts,1,26458
2012,11,Massachusetts,2,1043
2012,11,Massachusetts,3,1016
2012,11,Massachusetts,4,5551
2012,11,Massachusetts,5,3576
2012,11,Massachusetts,6,30791
2012,11,New Hampshire,1,6060
2012,11,New Hampshire,2,156
2012,11,New Hampshire,3,120
2012,11,New Hampshire,4,1321
2012,11,New Hampshire,5,704
2012,11,New Hampshire,6,5108
2012,11,Rhode Island,1,4140
2012,11,Rhode Island,2,151
2012,11,Rhode Island,3,145
2012,11,Rhode Island,4,986
2012,11,Rhode Island,5,648
2012,11,Rhode Island,6,4685
2012,11,Vermont,1,2906
2012,11,Vermont,2,65
2012,11,Vermont,3,68
2012,11,Vermont,4,664
2012,11,Vermont,5,360
2012,11,Vermont,6,2490
2012,12,New Jersey,1,36202
2012,12,New Jersey,2,1267
2012,12,New Jersey,3,1315
2012,12,New Jersey,4,6064
2012,12,New Jersey,5,5097
2012,12,New Jersey,6,38058
2012,12,New York,1,73224
2012,12,New York,2,4061
2012,12,New York,3,3916
2012,12,New York,4,14323
2012,12,New York,5,11499
2012,12,New York,6,89291
2012,12,Pennsylvania,1,54378
2012,12,Pennsylvania,2,1675
2012,12,Pennsylvania,3,1997
2012,12,Pennsylvania,4,9936
2012,12,Pennsylvania,5,8444
2012,12,Pennsylvania,6,52175
2012,21,Illinois,1,51474
2012,21,Illinois,2,1751
2012,21,Illinois,3,1573
2012,21,Illinois,4,10532
2012,21,Illinois,5,7330
2012,21,Illinois,6,54548
2012,21,Indiana,1,27160
2012,21,Indiana,2,881
2012,21,Indiana,3,727
2012,21,Indiana,4,6760
2012,21,Indiana,5,3854
2012,21,Indiana,6,26988
2012,21,Michigan,1,41676
2012,21,Michigan,2,1228
2012,21,Michigan,3,995
2012,21,Michigan,4,9369
2012,21,Michigan,5,5827
2012,21,Michigan,6,39492
2012,21,Ohio,1,47436
2012,21,Ohio,2,1531
2012,21,Ohio,3,1581
2012,21,Ohio,4,11801
2012,21,Ohio,5,7301
2012,21,Ohio,6,47601
2012,21,Wisconsin,1,26736
2012,21,Wisconsin,2,688
2012,21,Wisconsin,3,424
2012,21,Wisconsin,4,4917
2012,21,Wisconsin,5,3116
2012,21,Wisconsin,6,22603
2012,22,Iowa,1,14040
2012,22,Iowa,2,372
2012,22,Iowa,3,255
2012,22,Iowa,4,2617
2012,22,Iowa,5,2109
2012,22,Iowa,6,12065
2012,22,Kansas,1,12764
2012,22,Kansas,2,430
2012,22,Kansas,3,303
2012,22,Kansas,4,2695
2012,22,Kansas,5,1720
2012,22,Kansas,6,11227
2012,22,Minnesota,1,25222
2012,22,Minnesota,2,655
2012,22,Minnesota,3,356
2012,22,Minnesota,4,4068
2012,22,Minnesota,5,2715
2012,22,Minnesota,6,21338
2012,22,Missouri,1,25706
2012,22,Missouri,2,865
2012,22,Missouri,3,917
2012,22,Missouri,4,6102
2012,22,Missouri,5,3933
2012,22,Missouri,6,24116
2012,22,Nebraska,1,8308
2012,22,Nebraska,2,252
2012,22,Nebraska,3,152
2012,22,Nebraska,4,1458
2012,22,Nebraska,5,1227
2012,22,Nebraska,6,7486
2012,22,North Dakota,1,3258
2012,22,North Dakota,2,119
2012,22,North Dakota,3,47
2012,22,North Dakota,4,506
2012,22,North Dakota,5,445
2012,22,North Dakota,6,2747
2012,22,South Dakota,1,3552
2012,22,South Dakota,2,102
2012,22,South Dakota,3,81
2012,22,South Dakota,4,690
2012,22,South Dakota,5,551
2012,22,South Dakota,6,3404
2012,31,Delaware,1,3662
2012,31,Delaware,2,120
2012,31,Delaware,3,128
2012,31,Delaware,4,847
2012,31,Delaware,5,523
2012,31,Delaware,6,3535
2012,31,District of Columbia,1,1452
2012,31,District of Columbia,2,142
2012,31,District of Columbia,3,115
2012,31,District of Columbia,4,529
2012,31,District of Columbia,5,282
2012,31,District of Columbia,6,3783
2012,31,Florida,1,77266
2012,31,Florida,2,3681
2012,31,Florida,3,3558
2012,31,Florida,4,20889
2012,31,Florida,5,12967
2012,31,Florida,6,71689
2012,31,Georgia,1,37884
2012,31,Georgia,2,1616
2012,31,Georgia,3,1788
2012,31,Georgia,4,8807
2012,31,Georgia,5,5361
2012,31,Georgia,6,40772
2012,31,Maryland,1,23266
2012,31,Maryland,2,1038
2012,31,Maryland,3,1056
2012,31,Maryland,4,4679
2012,31,Maryland,5,3316
2012,31,Maryland,6,25062
2012,31,North Carolina,1,40452
2012,31,North Carolina,2,1533
2012,31,North Carolina,3,2225
2012,31,North Carolina,4,8376
2012,31,North Carolina,5,5897
2012,31,North Carolina,6,38937
2012,31,South Carolina,1,19140
2012,31,South Carolina,2,779
2012,31,South Carolina,3,1206
2012,31,South Carolina,4,4006
2012,31,South Carolina,5,3145
2012,31,South Carolina,6,19068
2012,31,Virginia,1,34710
2012,31,Virginia,2,1396
2012,31,Virginia,3,1491
2012,31,Virginia,4,6780
2012,31,Virginia,5,4333
2012,31,Virginia,6,34114
2012,31,West Virginia,1,7846
2012,31,West Virginia,2,255
2012,31,West Virginia,3,250
2012,31,West Virginia,4,1885
2012,31,West Virginia,5,1448
2012,31,West Virginia,6,6606
2012,32,Alabama,1,19830
2012,32,Alabama,2,713
2012,32,Alabama,3,931
2012,32,Alabama,4,5015
2012,32,Alabama,5,3332
2012,32,Alabama,6,17998
2012,32,Kentucky,1,18864
2012,32,Kentucky,2,597
2012,32,Kentucky,3,673
2012,32,Kentucky,4,4665
2012,32,Kentucky,5,2921
2012,32,Kentucky,6,16944
2012,32,Mississippi,1,10548
2012,32,Mississippi,2,521
2012,32,Mississippi,3,752
2012,32,Mississippi,4,2850
2012,32,Mississippi,5,2078
2012,32,Mississippi,6,12737
2012,32,Tennessee,1,27092
2012,32,Tennessee,2,949
2012,32,Tennessee,3,1099
2012,32,Tennessee,4,6652
2012,32,Tennessee,5,4089
2012,32,Tennessee,6,24395
2012,33,Arkansas,1,12406
2012,33,Arkansas,2,387
2012,33,Arkansas,3,471
2012,33,Arkansas,4,3087
2012,33,Arkansas,5,2102
2012,33,Arkansas,6,10771
2012,33,Louisiana,1,16490
2012,33,Louisiana,2,718
2012,33,Louisiana,3,1005
2012,33,Louisiana,4,4378
2012,33,Louisiana,5,2963
2012,33,Louisiana,6,19054
2012,33,Oklahoma,1,14770
2012,33,Oklahoma,2,621
2012,33,Oklahoma,3,628
2012,33,Oklahoma,4,4040
2012,33,Oklahoma,5,2316
2012,33,Oklahoma,6,14721
2012,33,Texas,1,99842
2012,33,Texas,2,5064
2012,33,Texas,3,4812
2012,33,Texas,4,21803
2012,33,Texas,5,12681
2012,33,Texas,6,104953
2012,41,Arizona,1,25548
2012,41,Arizona,2,1256
2012,41,Arizona,3,942
2012,41,Arizona,4,6461
2012,41,Arizona,5,3404
2012,41,Arizona,6,28334
2012,41,Colorado,1,21820
2012,41,Colorado,2,779
2012,41,Colorado,3,642
2012,41,Colorado,4,4935
2012,41,Colorado,5,2248
2012,41,Colorado,6,20898
2012,41,Idaho,1,6944
2012,41,Idaho,2,165
2012,41,Idaho,3,134
2012,41,Idaho,4,1505
2012,41,Idaho,5,761
2012,41,Idaho,6,5784
2012,41,Montana,1,4634
2012,41,Montana,2,189
2012,41,Montana,3,94
2012,41,Montana,4,919
2012,41,Montana,5,574
2012,41,Montana,6,3744
2012,41,Nevada,1,10260
2012,41,Nevada,2,525
2012,41,Nevada,3,467
2012,41,Nevada,4,3058
2012,41,Nevada,5,1348
2012,41,Nevada,6,11068
2012,41,New Mexico,1,7326
2012,41,New Mexico,2,404
2012,41,New Mexico,3,279
2012,41,New Mexico,4,2005
2012,41,New Mexico,5,1112
2012,41,New Mexico,6,8645
2012,41,Utah,1,12306
2012,41,Utah,2,284
2012,41,Utah,3,232
2012,41,Utah,4,1772
2012,41,Utah,5,883
2012,41,Utah,6,12722
2012,41,Wyoming,1,2626
2012,41,Wyoming,2,67
2012,41,Wyoming,3,56
2012,41,Wyoming,4,580
2012,41,Wyoming,5,285
2012,41,Wyoming,6,2210
2012,42,Alaska,1,2296
2012,42,Alaska,2,205
2012,42,Alaska,3,93
2012,42,Alaska,4,550
2012,42,Alaska,5,230
2012,42,Alaska,6,3572
2012,42,California,1,138700
2012,42,California,2,8078
2012,42,California,3,6479
2012,42,California,4,29166
2012,42,California,5,17070
2012,42,California,6,168554
2012,42,Hawaii,1,5600
2012,42,Hawaii,2,434
2012,42,Hawaii,3,155
2012,42,Hawaii,4,1036
2012,42,Hawaii,5,788
2012,42,Hawaii,6,6141
2012,42,Oregon,1,16434
2012,42,Oregon,2,627
2012,42,Oregon,3,513
2012,42,Oregon,4,4246
2012,42,Oregon,5,2046
2012,42,Oregon,6,14901
2012,42,Washington,1,29458
2012,42,Washington,2,1136
2012,42,Washington,3,833
2012,42,Washington,4,6764
2012,42,Washington,5,3366
2012,42,Washington,6,27744
2013,11,Connecticut,1,15058
2013,11,Connecticut,2,545
2013,11,Connecticut,3,365
2013,11,Connecticut,4,3032
2013,11,Connecticut,5,1996
2013,11,Connecticut,6,15386
2013,11,Maine,1,6006
2013,11,Maine,2,160
2013,11,Maine,3,88
2013,11,Maine,4,1443
2013,11,Maine,5,795
2013,11,Maine,6,4490
2013,11,Massachusetts,1,27220
2013,11,Massachusetts,2,1197
2013,11,Massachusetts,3,931
2013,11,Massachusetts,4,5251
2013,11,Massachusetts,5,3467
2013,11,Massachusetts,6,30659
2013,11,New Hampshire,1,6290
2013,11,New Hampshire,2,173
2013,11,New Hampshire,3,134
2013,11,New Hampshire,4,1202
2013,11,New Hampshire,5,691
2013,11,New Hampshire,6,5057
2013,11,Rhode Island,1,4162
2013,11,Rhode Island,2,174
2013,11,Rhode Island,3,154
2013,11,Rhode Island,4,969
2013,11,Rhode Island,5,651
2013,11,Rhode Island,6,4508
2013,11,Vermont,1,2864
2013,11,Vermont,2,84
2013,11,Vermont,3,58
2013,11,Vermont,4,609
2013,11,Vermont,5,307
2013,11,Vermont,6,2466
2013,12,New Jersey,1,36524
2013,12,New Jersey,2,1549
2013,12,New Jersey,3,1297
2013,12,New Jersey,4,5974
2013,12,New Jersey,5,4914
2013,12,New Jersey,6,38252
2013,12,New York,1,74362
2013,12,New York,2,4264
2013,12,New York,3,3742
2013,12,New York,4,14007
2013,12,New York,5,10883
2013,12,New York,6,88907
2013,12,Pennsylvania,1,53966
2013,12,Pennsylvania,2,1802
2013,12,Pennsylvania,3,2011
2013,12,Pennsylvania,4,10065
2013,12,Pennsylvania,5,8155
2013,12,Pennsylvania,6,52383
2013,21,Illinois,1,52138
2013,21,Illinois,2,1952
2013,21,Illinois,3,1567
2013,21,Illinois,4,10199
2013,21,Illinois,5,6998
2013,21,Illinois,6,55216
2013,21,Indiana,1,27152
2013,21,Indiana,2,953
2013,21,Indiana,3,728
2013,21,Indiana,4,6730
2013,21,Indiana,5,3840
2013,21,Indiana,6,26960
2013,21,Michigan,1,41866
2013,21,Michigan,2,1337
2013,21,Michigan,3,1050
2013,21,Michigan,4,9266
2013,21,Michigan,5,5611
2013,21,Michigan,6,40311
2013,21,Ohio,1,47646
2013,21,Ohio,2,1652
2013,21,Ohio,3,1554
2013,21,Ohio,4,11500
2013,21,Ohio,5,7068
2013,21,Ohio,6,48803
2013,21,Wisconsin,1,26626
2013,21,Wisconsin,2,733
2013,21,Wisconsin,3,382
2013,21,Wisconsin,4,4856
2013,21,Wisconsin,5,3064
2013,21,Wisconsin,6,22895
2013,22,Iowa,1,14042
2013,22,Iowa,2,428
2013,22,Iowa,3,300
2013,22,Iowa,4,2638
2013,22,Iowa,5,2012
2013,22,Iowa,6,12397
2013,22,Kansas,1,12756
2013,22,Kansas,2,460
2013,22,Kansas,3,302
2013,22,Kansas,4,2651
2013,22,Kansas,5,1719
2013,22,Kansas,6,11481
2013,22,Minnesota,1,25160
2013,22,Minnesota,2,705
2013,22,Minnesota,3,401
2013,22,Minnesota,4,4061
2013,22,Minnesota,5,2678
2013,22,Minnesota,6,21983
2013,22,Missouri,1,25808
2013,22,Missouri,2,949
2013,22,Missouri,3,857
2013,22,Missouri,4,5929
2013,22,Missouri,5,3867
2013,22,Missouri,6,24289
2013,22,Nebraska,1,8380
2013,22,Nebraska,2,263
2013,22,Nebraska,3,172
2013,22,Nebraska,4,1475
2013,22,Nebraska,5,1050
2013,22,Nebraska,6,7495
2013,22,North Dakota,1,3370
2013,22,North Dakota,2,110
2013,22,North Dakota,3,36
2013,22,North Dakota,4,559
2013,22,North Dakota,5,449
2013,22,North Dakota,6,2911
2013,22,South Dakota,1,3678
2013,22,South Dakota,2,130
2013,22,South Dakota,3,67
2013,22,South Dakota,4,725
2013,22,South Dakota,5,480
2013,22,South Dakota,6,3660
2013,31,Delaware,1,3742
2013,31,Delaware,2,129
2013,31,Delaware,3,104
2013,31,Delaware,4,824
2013,31,Delaware,5,520
2013,31,Delaware,6,3448
2013,31,District of Columbia,1,1536
2013,31,District of Columbia,2,143
2013,31,District of Columbia,3,108
2013,31,District of Columbia,4,539
2013,31,District of Columbia,5,285
2013,31,District of Columbia,6,3961
2013,31,Florida,1,78258
2013,31,Florida,2,3990
2013,31,Florida,3,3473
2013,31,Florida,4,20616
2013,31,Florida,5,12428
2013,31,Florida,6,72269
2013,31,Georgia,1,37802
2013,31,Georgia,2,1770
2013,31,Georgia,3,1735
2013,31,Georgia,4,8911
2013,31,Georgia,5,5176
2013,31,Georgia,6,41174
2013,31,Maryland,1,23560
2013,31,Maryland,2,1128
2013,31,Maryland,3,1040
2013,31,Maryland,4,4742
2013,31,Maryland,5,3156
2013,31,Maryland,6,25407
2013,31,North Carolina,1,40270
2013,31,North Carolina,2,1625
2013,31,North Carolina,3,2180
2013,31,North Carolina,4,8520
2013,31,North Carolina,5,5687
2013,31,North Carolina,6,39028
2013,31,South Carolina,1,19318
2013,31,South Carolina,2,767
2013,31,South Carolina,3,1134
2013,31,South Carolina,4,4030
2013,31,South Carolina,5,3136
2013,31,South Carolina,6,18820
2013,31,Virginia,1,35062
2013,31,Virginia,2,1437
2013,31,Virginia,3,1470
2013,31,Virginia,4,6790
2013,31,Virginia,5,4229
2013,31,Virginia,6,34056
2013,31,West Virginia,1,7802
2013,31,West Virginia,2,282
2013,31,West Virginia,3,219
2013,31,West Virginia,4,1930
2013,31,West Virginia,5,1340
2013,31,West Virginia,6,6695
2013,32,Alabama,1,19552
2013,32,Alabama,2,754
2013,32,Alabama,3,956
2013,32,Alabama,4,4789
2013,32,Alabama,5,3487
2013,32,Alabama,6,18298
2013,32,Kentucky,1,19080
2013,32,Kentucky,2,662
2013,32,Kentucky,3,757
2013,32,Kentucky,4,4642
2013,32,Kentucky,5,2730
2013,32,Kentucky,6,17126
2013,32,Mississippi,1,10754
2013,32,Mississippi,2,552
2013,32,Mississippi,3,702
2013,32,Mississippi,4,2849
2013,32,Mississippi,5,1961
2013,32,Mississippi,6,12830
2013,32,Tennessee,1,27460
2013,32,Tennessee,2,983
2013,32,Tennessee,3,1072
2013,32,Tennessee,4,6676
2013,32,Tennessee,5,4009
2013,32,Tennessee,6,24948
2013,33,Arkansas,1,12496
2013,33,Arkansas,2,462
2013,33,Arkansas,3,498
2013,33,Arkansas,4,3084
2013,33,Arkansas,5,1938
2013,33,Arkansas,6,11113
2013,33,Louisiana,1,16602
2013,33,Louisiana,2,819
2013,33,Louisiana,3,902
2013,33,Louisiana,4,4328
2013,33,Louisiana,5,3011
2013,33,Louisiana,6,18965
2013,33,Oklahoma,1,14776
2013,33,Oklahoma,2,707
2013,33,Oklahoma,3,580
2013,33,Oklahoma,4,3892
2013,33,Oklahoma,5,2266
2013,33,Oklahoma,6,14925
2013,33,Texas,1,102274
2013,33,Texas,2,5161
2013,33,Texas,3,4664
2013,33,Texas,4,21722
2013,33,Texas,5,12545
2013,33,Texas,6,107233
2013,41,Arizona,1,25910
2013,41,Arizona,2,1309
2013,41,Arizona,3,923
2013,41,Arizona,4,6370
2013,41,Arizona,5,3331
2013,41,Arizona,6,28689
2013,41,Colorado,1,22188
2013,41,Colorado,2,868
2013,41,Colorado,3,543
2013,41,Colorado,4,4994
2013,41,Colorado,5,2232
2013,41,Colorado,6,21282
2013,41,Idaho,1,7062
2013,41,Idaho,2,233
2013,41,Idaho,3,139
2013,41,Idaho,4,1414
2013,41,Idaho,5,788
2013,41,Idaho,6,6150
2013,41,Montana,1,4520
2013,41,Montana,2,184
2013,41,Montana,3,102
2013,41,Montana,4,942
2013,41,Montana,5,558
2013,41,Montana,6,3807
2013,41,Nevada,1,10500
2013,41,Nevada,2,521
2013,41,Nevada,3,435
2013,41,Nevada,4,2961
2013,41,Nevada,5,1337
2013,41,Nevada,6,10994
2013,41,New Mexico,1,7170
2013,41,New Mexico,2,355
2013,41,New Mexico,3,271
2013,41,New Mexico,4,1884
2013,41,New Mexico,5,1054
2013,41,New Mexico,6,8980
2013,41,Utah,1,12600
2013,41,Utah,2,341
2013,41,Utah,3,240
2013,41,Utah,4,1794
2013,41,Utah,5,826
2013,41,Utah,6,13166
2013,41,Wyoming,1,2690
2013,41,Wyoming,2,73
2013,41,Wyoming,3,52
2013,41,Wyoming,4,546
2013,41,Wyoming,5,273
2013,41,Wyoming,6,2194
2013,42,Alaska,1,2224
2013,42,Alaska,2,181
2013,42,Alaska,3,103
2013,42,Alaska,4,526
2013,42,Alaska,5,257
2013,42,Alaska,6,3457
2013,42,California,1,140954
2013,42,California,2,8342
2013,42,California,3,6345
2013,42,California,4,29034
2013,42,California,5,16836
2013,42,California,6,169892
2013,42,Hawaii,1,5720
2013,42,Hawaii,2,432
2013,42,Hawaii,3,157
2013,42,Hawaii,4,1043
2013,42,Hawaii,5,797
2013,42,Hawaii,6,6137
2013,42,Oregon,1,16606
2013,42,Oregon,2,649
2013,42,Oregon,3,517
2013,42,Oregon,4,4117
2013,42,Oregon,5,2120
2013,42,Oregon,6,15333
2013,42,Washington,1,29634
2013,42,Washington,2,1204
2013,42,Washington,3,861
2013,42,Washington,4,6757
2013,42,Washington,5,3345
2013,42,Washington,6,27792
2015,11,Connecticut,1,14794
2015,11,Connecticut,2,576
2015,11,Connecticut,3,309
2015,11,Connecticut,4,2986
2015,11,Connecticut,5,1981
2015,11,Connecticut,6,15141
2015,11,Maine,1,5800
2015,11,Maine,2,163
2015,11,Maine,3,101
2015,11,Maine,4,1439
2015,11,Maine,5,853
2015,11,Maine,6,4703
2015,11,Massachusetts,1,26940
2015,11,Massachusetts,2,1266
2015,11,Massachusetts,3,808
2015,11,Massachusetts,4,5434
2015,11,Massachusetts,5,3555
2015,11,Massachusetts,6,30782
2015,11,New Hampshire,1,6148
2015,11,New Hampshire,2,202
2015,11,New Hampshire,3,102
2015,11,New Hampshire,4,1350
2015,11,New Hampshire,5,723
2015,11,New Hampshire,6,4853
2015,11,Rhode Island,1,4066
2015,11,Rhode Island,2,173
2015,11,Rhode Island,3,123
2015,11,Rhode Island,4,984
2015,11,Rhode Island,5,658
2015,11,Rhode Island,6,4559
2015,11,Vermont,1,2884
2015,11,Vermont,2,71
2015,11,Vermont,3,64
2015,11,Vermont,4,633
2015,11,Vermont,5,316
2015,11,Vermont,6,2358
2015,12,New Jersey,1,36654
2015,12,New Jersey,2,1490
2015,12,New Jersey,3,1142
2015,12,New Jersey,4,6089
2015,12,New Jersey,5,4875
2015,12,New Jersey,6,37565
2015,12,New York,1,74064
2015,12,New York,2,4418
2015,12,New York,3,3660
2015,12,New York,4,14348
2015,12,New York,5,10583
2015,12,New York,6,88669
2015,12,Pennsylvania,1,54218
2015,12,Pennsylvania,2,1771
2015,12,Pennsylvania,3,1954
2015,12,Pennsylvania,4,10165
2015,12,Pennsylvania,5,7989
2015,12,Pennsylvania,6,52048
2015,21,Illinois,1,51870
2015,21,Illinois,2,1924
2015,21,Illinois,3,1462
2015,21,Illinois,4,10169
2015,21,Illinois,5,6845
2015,21,Illinois,6,54372
2015,21,Indiana,1,26916
2015,21,Indiana,2,906
2015,21,Indiana,3,695
2015,21,Indiana,4,6883
2015,21,Indiana,5,3863
2015,21,Indiana,6,26782
2015,21,Michigan,1,41512
2015,21,Michigan,2,1357
2015,21,Michigan,3,928
2015,21,Michigan,4,9260
2015,21,Michigan,5,5520
2015,21,Michigan,6,39431
2015,21,Ohio,1,47504
2015,21,Ohio,2,1523
2015,21,Ohio,3,1475
2015,21,Ohio,4,11616
2015,21,Ohio,5,7232
2015,21,Ohio,6,48773
2015,21,Wisconsin,1,26646
2015,21,Wisconsin,2,696
2015,21,Wisconsin,3,456
2015,21,Wisconsin,4,4820
2015,21,Wisconsin,5,3095
2015,21,Wisconsin,6,22865
2015,22,Iowa,1,14270
2015,22,Iowa,2,433
2015,22,Iowa,3,262
2015,22,Iowa,4,2786
2015,22,Iowa,5,2013
2015,22,Iowa,6,12136
2015,22,Kansas,1,12652
2015,22,Kansas,2,422
2015,22,Kansas,3,266
2015,22,Kansas,4,2644
2015,22,Kansas,5,1678
2015,22,Kansas,6,11112
2015,22,Minnesota,1,25252
2015,22,Minnesota,2,708
2015,22,Minnesota,3,352
2015,22,Minnesota,4,4243
2015,22,Minnesota,5,2682
2015,22,Minnesota,6,21574
2015,22,Missouri,1,25696
2015,22,Missouri,2,933
2015,22,Missouri,3,831
2015,22,Missouri,4,6139
2015,22,Missouri,5,3846
2015,22,Missouri,6,24141
2015,22,Nebraska,1,8428
2015,22,Nebraska,2,237
2015,22,Nebraska,3,149
2015,22,Nebraska,4,1544
2015,22,Nebraska,5,1117
2015,22,Nebraska,6,7614
2015,22,North Dakota,1,3484
2015,22,North Dakota,2,119
2015,22,North Dakota,3,33
2015,22,North Dakota,4,571
2015,22,North Dakota,5,448
2015,22,North Dakota,6,3214
2015,22,South Dakota,1,3732
2015,22,South Dakota,2,128
2015,22,South Dakota,3,56
2015,22,South Dakota,4,690
2015,22,South Dakota,5,479
2015,22,South Dakota,6,3657
2015,31,Delaware,1,3766
2015,31,Delaware,2,143
2015,31,Delaware,3,118
2015,31,Delaware,4,851
2015,31,Delaware,5,551
2015,31,Delaware,6,3588
2015,31,District of Columbia,1,1644
2015,31,District of Columbia,2,155
2015,31,District of Columbia,3,113
2015,31,District of Columbia,4,515
2015,31,District of Columbia,5,299
2015,31,District of Columbia,6,3884
2015,31,Florida,1,79806
2015,31,Florida,2,4036
2015,31,Florida,3,3304
2015,31,Florida,4,21441
2015,31,Florida,5,12819
2015,31,Florida,6,73142
2015,31,Georgia,1,39028
2015,31,Georgia,2,1740
2015,31,Georgia,3,1603
2015,31,Georgia,4,8990
2015,31,Georgia,5,5201
2015,31,Georgia,6,41292
2015,31,Maryland,1,23584
2015,31,Maryland,2,1104
2015,31,Maryland,3,989
2015,31,Maryland,4,4896
2015,31,Maryland,5,3092
2015,31,Maryland,6,25667
2015,31,North Carolina,1,41240
2015,31,North Carolina,2,1509
2015,31,North Carolina,3,2066
2015,31,North Carolina,4,8577
2015,31,North Carolina,5,5883
2015,31,North Carolina,6,38909
2015,31,South Carolina,1,19744
2015,31,South Carolina,2,805
2015,31,South Carolina,3,1097
2015,31,South Carolina,4,4262
2015,31,South Carolina,5,3072
2015,31,South Carolina,6,19043
2015,31,Virginia,1,34962
2015,31,Virginia,2,1555
2015,31,Virginia,3,1448
2015,31,Virginia,4,7016
2015,31,Virginia,5,4276
2015,31,Virginia,6,34215
2015,31,West Virginia,1,7662
2015,31,West Virginia,2,237
2015,31,West Virginia,3,217
2015,31,West Virginia,4,1997
2015,31,West Virginia,5,1374
2015,31,West Virginia,6,6564
2015,32,Alabama,1,19686
2015,32,Alabama,2,733
2015,32,Alabama,3,884
2015,32,Alabama,4,4848
2015,32,Alabama,5,3404
2015,32,Alabama,6,17921
2015,32,Kentucky,1,18718
2015,32,Kentucky,2,697
2015,32,Kentucky,3,676
2015,32,Kentucky,4,4677
2015,32,Kentucky,5,2858
2015,32,Kentucky,6,17123
2015,32,Mississippi,1,10726
2015,32,Mississippi,2,524
2015,32,Mississippi,3,674
2015,32,Mississippi,4,2773
2015,32,Mississippi,5,2110
2015,32,Mississippi,6,12793
2015,32,Tennessee,1,27568
2015,32,Tennessee,2,980
2015,32,Tennessee,3,1033
2015,32,Tennessee,4,6676
2015,32,Tennessee,5,4048
2015,32,Tennessee,6,25244
2015,33,Arkansas,1,12394
2015,33,Arkansas,2,490
2015,33,Arkansas,3,495
2015,33,Arkansas,4,3083
2015,33,Arkansas,5,2159
2015,33,Arkansas,6,10984
2015,33,Louisiana,1,16556
2015,33,Louisiana,2,736
2015,33,Louisiana,3,815
2015,33,Louisiana,4,4340
2015,33,Louisiana,5,3012
2015,33,Louisiana,6,18433
2015,33,Oklahoma,1,14814
2015,33,Oklahoma,2,645
2015,33,Oklahoma,3,612
2015,33,Oklahoma,4,4033
2015,33,Oklahoma,5,2242
2015,33,Oklahoma,6,14905
2015,33,Texas,1,104986
2015,33,Texas,2,5465
2015,33,Texas,3,4508
2015,33,Texas,4,22398
2015,33,Texas,5,12791
2015,33,Texas,6,109076
2015,41,Arizona,1,25936
2015,41,Arizona,2,1352
2015,41,Arizona,3,806
2015,41,Arizona,4,6795
2015,41,Arizona,5,3407
2015,41,Arizona,6,28718
2015,41,Colorado,1,23028
2015,41,Colorado,2,894
2015,41,Colorado,3,548
2015,41,Colorado,4,5083
2015,41,Colorado,5,2179
2015,41,Colorado,6,21838
2015,41,Idaho,1,7098
2015,41,Idaho,2,230
2015,41,Idaho,3,144
2015,41,Idaho,4,1432
2015,41,Idaho,5,732
2015,41,Idaho,6,6089
2015,41,Montana,1,4528
2015,41,Montana,2,157
2015,41,Montana,3,83
2015,41,Montana,4,936
2015,41,Montana,5,570
2015,41,Montana,6,3567
2015,41,Nevada,1,10440
2015,41,Nevada,2,521
2015,41,Nevada,3,418
2015,41,Nevada,4,3110
2015,41,Nevada,5,1292
2015,41,Nevada,6,11207
2015,41,New Mexico,1,7148
2015,41,New Mexico,2,384
2015,41,New Mexico,3,231
2015,41,New Mexico,4,1958
2015,41,New Mexico,5,1059
2015,41,New Mexico,6,8292
2015,41,Utah,1,12572
2015,41,Utah,2,448
2015,41,Utah,3,291
2015,41,Utah,4,1835
2015,41,Utah,5,969
2015,41,Utah,6,13175
2015,41,Wyoming,1,2588
2015,41,Wyoming,2,87
2015,41,Wyoming,3,43
2015,41,Wyoming,4,571
2015,41,Wyoming,5,307
2015,41,Wyoming,6,2223
2015,42,Alaska,1,2294
2015,42,Alaska,2,236
2015,42,Alaska,3,108
2015,42,Alaska,4,531
2015,42,Alaska,5,233
2015,42,Alaska,6,3217
2015,42,California,1,143346
2015,42,California,2,8680
2015,42,California,3,5986
2015,42,California,4,29445
2015,42,California,5,16870
2015,42,California,6,170616
2015,42,Hawaii,1,5706
2015,42,Hawaii,2,474
2015,42,Hawaii,3,141
2015,42,Hawaii,4,1019
2015,42,Hawaii,5,738
2015,42,Hawaii,6,6046
2015,42,Oregon,1,16888
2015,42,Oregon,2,668
2015,42,Oregon,3,490
2015,42,Oregon,4,4262
2015,42,Oregon,5,2020
2015,42,Oregon,6,15664
2015,42,Washington,1,30856
2015,42,Washington,2,1098
2015,42,Washington,3,798
2015,42,Washington,4,6949
2015,42,Washington,5,3322
2015,42,Washington,6,28781
2017,11,Connecticut,1,14796
2017,11,Connecticut,2,575
2017,11,Connecticut,3,340
2017,11,Connecticut,4,3196
2017,11,Connecticut,5,1901
2017,11,Connecticut,6,15170
2017,11,Maine,1,5592
2017,11,Maine,2,181
2017,11,Maine,3,90
2017,11,Maine,4,1422
2017,11,Maine,5,733
2017,11,Maine,6,4565
2017,11,Massachusetts,1,27270
2017,11,Massachusetts,2,1196
2017,11,Massachusetts,3,896
2017,11,Massachusetts,4,5617
2017,11,Massachusetts,5,3487
2017,11,Massachusetts,6,31169
2017,11,New Hampshire,1,6262
2017,11,New Hampshire,2,171
2017,11,New Hampshire,3,125
2017,11,New Hampshire,4,1351
2017,11,New Hampshire,5,685
2017,11,New Hampshire,6,5114
2017,11,Rhode Island,1,4162
2017,11,Rhode Island,2,170
2017,11,Rhode Island,3,101
2017,11,Rhode Island,4,946
2017,11,Rhode Island,5,544
2017,11,Rhode Island,6,4593
2017,11,Vermont,1,2810
2017,11,Vermont,2,75
2017,11,Vermont,3,73
2017,11,Vermont,4,684
2017,11,Vermont,5,325
2017,11,Vermont,6,2373
2017,12,New Jersey,1,37140
2017,12,New Jersey,2,1578
2017,12,New Jersey,3,1151
2017,12,New Jersey,4,6310
2017,12,New Jersey,5,4722
2017,12,New Jersey,6,37213
2017,12,New York,1,75194
2017,12,New York,2,4456
2017,12,New York,3,3437
2017,12,New York,4,14730
2017,12,New York,5,10307
2017,12,New York,6,88461
2017,12,Pennsylvania,1,53438
2017,12,Pennsylvania,2,1756
2017,12,Pennsylvania,3,1808
2017,12,Pennsylvania,4,10349
2017,12,Pennsylvania,5,7754
2017,12,Pennsylvania,6,52328
2017,21,Illinois,1,51558
2017,21,Illinois,2,1966
2017,21,Illinois,3,1363
2017,21,Illinois,4,10413
2017,21,Illinois,5,6962
2017,21,Illinois,6,54220
2017,21,Indiana,1,27632
2017,21,Indiana,2,974
2017,21,Indiana,3,604
2017,21,Indiana,4,6851
2017,21,Indiana,5,3701
2017,21,Indiana,6,27242
2017,21,Michigan,1,42108
2017,21,Michigan,2,1313
2017,21,Michigan,3,822
2017,21,Michigan,4,9495
2017,21,Michigan,5,5422
2017,21,Michigan,6,40299
2017,21,Ohio,1,47872
2017,21,Ohio,2,1617
2017,21,Ohio,3,1434
2017,21,Ohio,4,11679
2017,21,Ohio,5,7130
2017,21,Ohio,6,49110
2017,21,Wisconsin,1,27000
2017,21,Wisconsin,2,732
2017,21,Wisconsin,3,380
2017,21,Wisconsin,4,5117
2017,21,Wisconsin,5,2946
2017,21,Wisconsin,6,22884
2017,22,Iowa,1,14224
2017,22,Iowa,2,426
2017,22,Iowa,3,256
2017,22,Iowa,4,2860
2017,22,Iowa,5,1890
2017,22,Iowa,6,12800
2017,22,Kansas,1,12616
2017,22,Kansas,2,458
2017,22,Kansas,3,262
2017,22,Kansas,4,2689
2017,22,Kansas,5,1724
2017,22,Kansas,6,11625
2017,22,Minnesota,1,24928
2017,22,Minnesota,2,740
2017,22,Minnesota,3,359
2017,22,Minnesota,4,4342
2017,22,Minnesota,5,2432
2017,22,Minnesota,6,22360
2017,22,Missouri,1,25668
2017,22,Missouri,2,915
2017,22,Missouri,3,851
2017,22,Missouri,4,6282
2017,22,Missouri,5,3641
2017,22,Missouri,6,24716
2017,22,Nebraska,1,8530
2017,22,Nebraska,2,286
2017,22,Nebraska,3,146
2017,22,Nebraska,4,1603
2017,22,Nebraska,5,1049
2017,22,Nebraska,6,7931
2017,22,North Dakota,1,3536
2017,22,North Dakota,2,125
2017,22,North Dakota,3,39
2017,22,North Dakota,4,594
2017,22,North Dakota,5,437
2017,22,North Dakota,6,3161
2017,22,South Dakota,1,3664
2017,22,South Dakota,2,116
2017,22,South Dakota,3,72
2017,22,South Dakota,4,698
2017,22,South Dakota,5,516
2017,22,South Dakota,6,3815
2017,31,Delaware,1,3896
2017,31,Delaware,2,135
2017,31,Delaware,3,87
2017,31,Delaware,4,827
2017,31,Delaware,5,503
2017,31,Delaware,6,3495
2017,31,District of Columbia,1,1696
2017,31,District of Columbia,2,137
2017,31,District of Columbia,3,110
2017,31,District of Columbia,4,470
2017,31,District of Columbia,5,258
2017,31,District of Columbia,6,3894
2017,31,Florida,1,82568
2017,31,Florida,2,4299
2017,31,Florida,3,3225
2017,31,Florida,4,22259
2017,31,Florida,5,12656
2017,31,Florida,6,74637
2017,31,Georgia,1,40158
2017,31,Georgia,2,1844
2017,31,Georgia,3,1697
2017,31,Georgia,4,9090
2017,31,Georgia,5,5111
2017,31,Georgia,6,41899
2017,31,Maryland,1,23876
2017,31,Maryland,2,1217
2017,31,Maryland,3,893
2017,31,Maryland,4,4804
2017,31,Maryland,5,3193
2017,31,Maryland,6,25480
2017,31,North Carolina,1,42344
2017,31,North Carolina,2,1735
2017,31,North Carolina,3,2071
2017,31,North Carolina,4,8972
2017,31,North Carolina,5,5740
2017,31,North Carolina,6,40371
2017,31,South Carolina,1,20482
2017,31,South Carolina,2,859
2017,31,South Carolina,3,1033
2017,31,South Carolina,4,4279
2017,31,South Carolina,5,2935
2017,31,South Carolina,6,19850
2017,31,Virginia,1,35858
2017,31,Virginia,2,1547
2017,31,Virginia,3,1317
2017,31,Virginia,4,6747
2017,31,Virginia,5,4099
2017,31,Virginia,6,34854
2017,31,West Virginia,1,7548
2017,31,West Virginia,2,246
2017,31,West Virginia,3,212
2017,31,West Virginia,4,1978
2017,31,West Virginia,5,1280
2017,31,West Virginia,6,6494
2017,32,Alabama,1,19604
2017,32,Alabama,2,845
2017,32,Alabama,3,838
2017,32,Alabama,4,4947
2017,32,Alabama,5,3249
2017,32,Alabama,6,18162
2017,32,Kentucky,1,18766
2017,32,Kentucky,2,714
2017,32,Kentucky,3,713
2017,32,Kentucky,4,4716
2017,32,Kentucky,5,2823
2017,32,Kentucky,6,17477
2017,32,Mississippi,1,10638
2017,32,Mississippi,2,545
2017,32,Mississippi,3,639
2017,32,Mississippi,4,2814
2017,32,Mississippi,5,1993
2017,32,Mississippi,6,12467
2017,32,Tennessee,1,28424
2017,32,Tennessee,2,1082
2017,32,Tennessee,3,995
2017,32,Tennessee,4,6702
2017,32,Tennessee,5,3924
2017,32,Tennessee,6,25448
2017,33,Arkansas,1,12442
2017,33,Arkansas,2,498
2017,33,Arkansas,3,515
2017,33,Arkansas,4,3269
2017,33,Arkansas,5,1963
2017,33,Arkansas,6,11334
2017,33,Louisiana,1,16370
2017,33,Louisiana,2,790
2017,33,Louisiana,3,821
2017,33,Louisiana,4,4170
2017,33,Louisiana,5,2833
2017,33,Louisiana,6,19040
2017,33,Oklahoma,1,14690
2017,33,Oklahoma,2,688
2017,33,Oklahoma,3,636
2017,33,Oklahoma,4,3957
2017,33,Oklahoma,5,2153
2017,33,Oklahoma,6,14981
2017,33,Texas,1,108128
2017,33,Texas,2,5642
2017,33,Texas,3,4385
2017,33,Texas,4,23036
2017,33,Texas,5,12455
2017,33,Texas,6,112196
2017,41,Arizona,1,26978
2017,41,Arizona,2,1490
2017,41,Arizona,3,887
2017,41,Arizona,4,6844
2017,41,Arizona,5,3539
2017,41,Arizona,6,29125
2017,41,Colorado,1,23740
2017,41,Colorado,2,900
2017,41,Colorado,3,521
2017,41,Colorado,4,5388
2017,41,Colorado,5,2288
2017,41,Colorado,6,22763
2017,41,Idaho,1,7400
2017,41,Idaho,2,227
2017,41,Idaho,3,114
2017,41,Idaho,4,1562
2017,41,Idaho,5,781
2017,41,Idaho,6,6452
2017,41,Montana,1,4634
2017,41,Montana,2,173
2017,41,Montana,3,77
2017,41,Montana,4,975
2017,41,Montana,5,542
2017,41,Montana,6,3820
2017,41,Nevada,1,11052
2017,41,Nevada,2,533
2017,41,Nevada,3,448
2017,41,Nevada,4,3219
2017,41,Nevada,5,1341
2017,41,Nevada,6,11820
2017,41,New Mexico,1,6980
2017,41,New Mexico,2,408
2017,41,New Mexico,3,265
2017,41,New Mexico,4,1999
2017,41,New Mexico,5,1033
2017,41,New Mexico,6,8336
2017,41,Utah,1,13208
2017,41,Utah,2,489
2017,41,Utah,3,244
2017,41,Utah,4,1878
2017,41,Utah,5,973
2017,41,Utah,6,14112
2017,41,Wyoming,1,2540
2017,41,Wyoming,2,91
2017,41,Wyoming,3,42
2017,41,Wyoming,4,584
2017,41,Wyoming,5,280
2017,41,Wyoming,6,2375
2017,42,Alaska,1,2192
2017,42,Alaska,2,194
2017,42,Alaska,3,93
2017,42,Alaska,4,582
2017,42,Alaska,5,254
2017,42,Alaska,6,3431
2017,42,California,1,145238
2017,42,California,2,9231
2017,42,California,3,5598
2017,42,California,4,29511
2017,42,California,5,16664
2017,42,California,6,171333
2017,42,Hawaii,1,5722
2017,42,Hawaii,2,444
2017,42,Hawaii,3,117
2017,42,Hawaii,4,1127
2017,42,Hawaii,5,811
2017,42,Hawaii,6,6212
2017,42,Oregon,1,17484
2017,42,Oregon,2,675
2017,42,Oregon,3,484
2017,42,Oregon,4,4529
2017,42,Oregon,5,1919
2017,42,Oregon,6,16128
2017,42,Washington,1,31738
2017,42,Washington,2,1313
2017,42,Washington,3,777
2017,42,Washington,4,7259
2017,42,Washington,5,3513
2017,42,Washington,6,30095
2018,11,Connecticut,1,14868
2018,11,Connecticut,2,603
2018,11,Connecticut,3,297
2018,11,Connecticut,4,3312
2018,11,Connecticut,5,1927
2018,11,Connecticut,6,15280
2018,11,Maine,1,5958
2018,11,Maine,2,177
2018,11,Maine,3,105
2018,11,Maine,4,1527
2018,11,Maine,5,760
2018,11,Maine,6,4748
2018,11,Massachusetts,1,27620
2018,11,Massachusetts,2,1323
2018,11,Massachusetts,3,833
2018,11,Massachusetts,4,5675
2018,11,Massachusetts,5,3396
2018,11,Massachusetts,6,31284
2018,11,New Hampshire,1,6278
2018,11,New Hampshire,2,176
2018,11,New Hampshire,3,129
2018,11,New Hampshire,4,1307
2018,11,New Hampshire,5,692
2018,11,New Hampshire,6,5198
2018,11,Rhode Island,1,3962
2018,11,Rhode Island,2,175
2018,11,Rhode Island,3,100
2018,11,Rhode Island,4,1010
2018,11,Rhode Island,5,639
2018,11,Rhode Island,6,4603
2018,11,Vermont,1,2854
2018,11,Vermont,2,102
2018,11,Vermont,3,54
2018,11,Vermont,4,647
2018,11,Vermont,5,358
2018,11,Vermont,6,2421
2018,12,New Jersey,1,37430
2018,12,New Jersey,2,1566
2018,12,New Jersey,3,1161
2018,12,New Jersey,4,6316
2018,12,New Jersey,5,4642
2018,12,New Jersey,6,37471
2018,12,New York,1,75670
2018,12,New York,2,4571
2018,12,New York,3,3302
2018,12,New York,4,14870
2018,12,New York,5,10505
2018,12,New York,6,88049
2018,12,Pennsylvania,1,54864
2018,12,Pennsylvania,2,1833
2018,12,Pennsylvania,3,1826
2018,12,Pennsylvania,4,10441
2018,12,Pennsylvania,5,7770
2018,12,Pennsylvania,6,52332
2018,21,Illinois,1,52116
2018,21,Illinois,2,1992
2018,21,Illinois,3,1397
2018,21,Illinois,4,10592
2018,21,Illinois,5,6723
2018,21,Illinois,6,53636
2018,21,Indiana,1,27580
2018,21,Indiana,2,947
2018,21,Indiana,3,655
2018,21,Indiana,4,7004
2018,21,Indiana,5,3735
2018,21,Indiana,6,27759
2018,21,Michigan,1,42156
2018,21,Michigan,2,1528
2018,21,Michigan,3,795
2018,21,Michigan,4,9758
2018,21,Michigan,5,5487
2018,21,Michigan,6,39695
2018,21,Ohio,1,47794
2018,21,Ohio,2,1593
2018,21,Ohio,3,1477
2018,21,Ohio,4,11867
2018,21,Ohio,5,6955
2018,21,Ohio,6,49400
2018,21,Wisconsin,1,27260
2018,21,Wisconsin,2,706
2018,21,Wisconsin,3,366
2018,21,Wisconsin,4,5272
2018,21,Wisconsin,5,2923
2018,21,Wisconsin,6,23306
2018,22,Iowa,1,14176
2018,22,Iowa,2,413
2018,22,Iowa,3,237
2018,22,Iowa,4,2817
2018,22,Iowa,5,1950
2018,22,Iowa,6,12769
2018,22,Kansas,1,12856
2018,22,Kansas,2,444
2018,22,Kansas,3,305
2018,22,Kansas,4,2673
2018,22,Kansas,5,1670
2018,22,Kansas,6,11619
2018,22,Minnesota,1,25544
2018,22,Minnesota,2,747
2018,22,Minnesota,3,392
2018,22,Minnesota,4,4360
2018,22,Minnesota,5,2668
2018,22,Minnesota,6,22072
2018,22,Missouri,1,26044
2018,22,Missouri,2,989
2018,22,Missouri,3,805
2018,22,Missouri,4,6233
2018,22,Missouri,5,3774
2018,22,Missouri,6,24571
2018,22,Nebraska,1,8464
2018,22,Nebraska,2,301
2018,22,Nebraska,3,167
2018,22,Nebraska,4,1622
2018,22,Nebraska,5,1091
2018,22,Nebraska,6,7806
2018,22,North Dakota,1,3554
2018,22,North Dakota,2,108
2018,22,North Dakota,3,52
2018,22,North Dakota,4,582
2018,22,North Dakota,5,432
2018,22,North Dakota,6,3148
2018,22,South Dakota,1,3720
2018,22,South Dakota,2,120
2018,22,South Dakota,3,68
2018,22,South Dakota,4,793
2018,22,South Dakota,5,473
2018,22,South Dakota,6,3812
2018,31,Delaware,1,3858
2018,31,Delaware,2,170
2018,31,Delaware,3,105
2018,31,Delaware,4,874
2018,31,Delaware,5,539
2018,31,Delaware,6,3577
2018,31,District of Columbia,1,1666
2018,31,District of Columbia,2,131
2018,31,District of Columbia,3,100
2018,31,District of Columbia,4,455
2018,31,District of Columbia,5,213
2018,31,District of Columbia,6,3984
2018,31,Florida,1,84010
2018,31,Florida,2,4476
2018,31,Florida,3,3078
2018,31,Florida,4,22831
2018,31,Florida,5,12865
2018,31,Florida,6,74900
2018,31,Georgia,1,40264
2018,31,Georgia,2,2061
2018,31,Georgia,3,1625
2018,31,Georgia,4,9395
2018,31,Georgia,5,5255
2018,31,Georgia,6,42255
2018,31,Maryland,1,24198
2018,31,Maryland,2,1168
2018,31,Maryland,3,841
2018,31,Maryland,4,5075
2018,31,Maryland,5,3000
2018,31,Maryland,6,25558
2018,31,North Carolina,1,43122
2018,31,North Carolina,2,1681
2018,31,North Carolina,3,1845
2018,31,North Carolina,4,9237
2018,31,North Carolina,5,5910
2018,31,North Carolina,6,40728
2018,31,South Carolina,1,20400
2018,31,South Carolina,2,853
2018,31,South Carolina,3,1007
2018,31,South Carolina,4,4587
2018,31,South Carolina,5,3113
2018,31,South Carolina,6,19858
2018,31,Virginia,1,36106
2018,31,Virginia,2,1476
2018,31,Virginia,3,1358
2018,31,Virginia,4,6951
2018,31,Virginia,5,4292
2018,31,Virginia,6,34572
2018,31,West Virginia,1,7640
2018,31,West Virginia,2,259
2018,31,West Virginia,3,190
2018,31,West Virginia,4,2066
2018,31,West Virginia,5,1320
2018,31,West Virginia,6,6591
2018,32,Alabama,1,19872
2018,32,Alabama,2,784
2018,32,Alabama,3,859
2018,32,Alabama,4,4922
2018,32,Alabama,5,3278
2018,32,Alabama,6,18062
2018,32,Kentucky,1,18900
2018,32,Kentucky,2,719
2018,32,Kentucky,3,712
2018,32,Kentucky,4,4657
2018,32,Kentucky,5,2758
2018,32,Kentucky,6,17729
2018,32,Mississippi,1,11088
2018,32,Mississippi,2,566
2018,32,Mississippi,3,652
2018,32,Mississippi,4,2755
2018,32,Mississippi,5,2032
2018,32,Mississippi,6,12031
2018,32,Tennessee,1,28630
2018,32,Tennessee,2,1127
2018,32,Tennessee,3,1085
2018,32,Tennessee,4,6798
2018,32,Tennessee,5,3920
2018,32,Tennessee,6,26390
2018,33,Arkansas,1,12558
2018,33,Arkansas,2,493
2018,33,Arkansas,3,509
2018,33,Arkansas,4,3234
2018,33,Arkansas,5,1999
2018,33,Arkansas,6,11710
2018,33,Louisiana,1,16492
2018,33,Louisiana,2,809
2018,33,Louisiana,3,738
2018,33,Louisiana,4,4211
2018,33,Louisiana,5,2669
2018,33,Louisiana,6,18670
2018,33,Oklahoma,1,14856
2018,33,Oklahoma,2,679
2018,33,Oklahoma,3,599
2018,33,Oklahoma,4,3978
2018,33,Oklahoma,5,2255
2018,33,Oklahoma,6,15281
2018,33,Texas,1,108740
2018,33,Texas,2,5737
2018,33,Texas,3,4320
2018,33,Texas,4,23060
2018,33,Texas,5,12986
2018,33,Texas,6,113257
2018,41,Arizona,1,27502
2018,41,Arizona,2,1475
2018,41,Arizona,3,890
2018,41,Arizona,4,7006
2018,41,Arizona,5,3601
2018,41,Arizona,6,29516
2018,41,Colorado,1,23834
2018,41,Colorado,2,1003
2018,41,Colorado,3,592
2018,41,Colorado,4,5390
2018,41,Colorado,5,2295
2018,41,Colorado,6,22814
2018,41,Idaho,1,7526
2018,41,Idaho,2,290
2018,41,Idaho,3,132
2018,41,Idaho,4,1593
2018,41,Idaho,5,780
2018,41,Idaho,6,6390
2018,41,Montana,1,4698
2018,41,Montana,2,157
2018,41,Montana,3,79
2018,41,Montana,4,1040
2018,41,Montana,5,587
2018,41,Montana,6,3775
2018,41,Nevada,1,11010
2018,41,Nevada,2,670
2018,41,Nevada,3,394
2018,41,Nevada,4,3411
2018,41,Nevada,5,1391
2018,41,Nevada,6,12051
2018,41,New Mexico,1,7280
2018,41,New Mexico,2,377
2018,41,New Mexico,3,241
2018,41,New Mexico,4,2130
2018,41,New Mexico,5,1116
2018,41,New Mexico,6,8103
2018,41,Utah,1,13754
2018,41,Utah,2,404
2018,41,Utah,3,258
2018,41,Utah,4,1997
2018,41,Utah,5,923
2018,41,Utah,6,14267
2018,41,Wyoming,1,2608
2018,41,Wyoming,2,81
2018,41,Wyoming,3,54
2018,41,Wyoming,4,586
2018,41,Wyoming,5,284
2018,41,Wyoming,6,2127
2018,42,Alaska,1,2324
2018,42,Alaska,2,269
2018,42,Alaska,3,83
2018,42,Alaska,4,523
2018,42,Alaska,5,267
2018,42,Alaska,6,3245
2018,42,California,1,145718
2018,42,California,2,9468
2018,42,California,3,5670
2018,42,California,4,29635
2018,42,California,5,17158
2018,42,California,6,171168
2018,42,Hawaii,1,5678
2018,42,Hawaii,2,519
2018,42,Hawaii,3,149
2018,42,Hawaii,4,1046
2018,42,Hawaii,5,837
2018,42,Hawaii,6,6171
2018,42,Oregon,1,17830
2018,42,Oregon,2,756
2018,42,Oregon,3,484
2018,42,Oregon,4,4431
2018,42,Oregon,5,2058
2018,42,Oregon,6,16558
2018,42,Washington,1,32528
2018,42,Washington,2,1358
2018,42,Washington,3,877
2018,42,Washington,4,7330
2018,42,Washington,5,3450
2018,42,Washington,6,30682
