YEAR,REGION,STATE,RACE,RACE_COUNTS
2011,11,Connecticut,1,29590
2011,11,Connecticut,2,3097
2011,11,Connecticut,3,90
2011,11,Connecticut,4,358
2011,11,Connecticut,5,44
2011,11,Connecticut,6,986
2011,11,Connecticut,7,1477
2011,11,Connecticut,8,826
2011,11,Connecticut,9,70
2011,11,Maine,1,12976
2011,11,Maine,2,124
2011,11,Maine,3,105
2011,11,Maine,4,33
2011,11,Maine,5,6
2011,11,Maine,6,75
2011,11,Maine,7,23
2011,11,Maine,8,211
2011,11,Maine,9,12
2011,11,Massachusetts,1,57186
2011,11,Massachusetts,2,4018
2011,11,Massachusetts,3,163
2011,11,Massachusetts,4,1375
2011,11,Massachusetts,5,77
2011,11,Massachusetts,6,2169
2011,11,Massachusetts,7,2394
2011,11,Massachusetts,8,1510
2011,11,Massachusetts,9,117
2011,11,New Hampshire,1,12942
2011,11,New Hampshire,2,101
2011,11,New Hampshire,3,32
2011,11,New Hampshire,4,46
2011,11,New Hampshire,5,2
2011,11,New Hampshire,6,185
2011,11,New Hampshire,7,49
2011,11,New Hampshire,8,218
2011,11,New Hampshire,9,9
2011,11,Rhode Island,1,9113
2011,11,Rhode Island,2,536
2011,11,Rhode Island,3,41
2011,11,Rhode Island,4,73
2011,11,Rhode Island,5,5
2011,11,Rhode Island,6,230
2011,11,Rhode Island,7,481
2011,11,Rhode Island,8,297
2011,11,Rhode Island,9,29
2011,11,Vermont,1,6335
2011,11,Vermont,2,56
2011,11,Vermont,3,30
2011,11,Vermont,4,9
2011,11,Vermont,5,1
2011,11,Vermont,6,44
2011,11,Vermont,7,9
2011,11,Vermont,8,117
2011,11,Vermont,9,7
2011,12,New Jersey,1,64259
2011,12,New Jersey,2,10937
2011,12,New Jersey,3,198
2011,12,New Jersey,4,1473
2011,12,New Jersey,5,106
2011,12,New Jersey,6,5321
2011,12,New Jersey,7,3825
2011,12,New Jersey,8,2064
2011,12,New Jersey,9,184
2011,12,New York,1,139954
2011,12,New York,2,26907
2011,12,New York,3,779
2011,12,New York,4,5622
2011,12,New York,5,307
2011,12,New York,6,7758
2011,12,New York,7,10840
2011,12,New York,8,4647
2011,12,New York,9,360
2011,12,Pennsylvania,1,113445
2011,12,Pennsylvania,2,9637
2011,12,Pennsylvania,3,199
2011,12,Pennsylvania,4,692
2011,12,Pennsylvania,5,72
2011,12,Pennsylvania,6,2025
2011,12,Pennsylvania,7,1418
2011,12,Pennsylvania,8,1899
2011,12,Pennsylvania,9,142
2011,21,Illinois,1,99459
2011,21,Illinois,2,15609
2011,21,Illinois,3,252
2011,21,Illinois,4,1080
2011,21,Illinois,5,161
2011,21,Illinois,6,3503
2011,21,Illinois,7,4621
2011,21,Illinois,8,2183
2011,21,Illinois,9,166
2011,21,Indiana,1,57603
2011,21,Indiana,2,4952
2011,21,Indiana,3,167
2011,21,Indiana,4,218
2011,21,Indiana,5,39
2011,21,Indiana,6,632
2011,21,Indiana,7,954
2011,21,Indiana,8,1256
2011,21,Indiana,9,88
2011,21,Michigan,1,83507
2011,21,Michigan,2,10153
2011,21,Michigan,3,768
2011,21,Michigan,4,413
2011,21,Michigan,5,79
2011,21,Michigan,6,1466
2011,21,Michigan,7,767
2011,21,Michigan,8,1994
2011,21,Michigan,9,138
2011,21,Ohio,1,100426
2011,21,Ohio,2,12667
2011,21,Ohio,3,209
2011,21,Ohio,4,437
2011,21,Ohio,5,94
2011,21,Ohio,6,1237
2011,21,Ohio,7,826
2011,21,Ohio,8,2331
2011,21,Ohio,9,196
2011,21,Wisconsin,1,54334
2011,21,Wisconsin,2,2280
2011,21,Wisconsin,3,661
2011,21,Wisconsin,4,155
2011,21,Wisconsin,5,17
2011,21,Wisconsin,6,671
2011,21,Wisconsin,7,444
2011,21,Wisconsin,8,810
2011,21,Wisconsin,9,69
2011,22,Iowa,1,29639
2011,22,Iowa,2,604
2011,22,Iowa,3,141
2011,22,Iowa,4,63
2011,22,Iowa,5,9
2011,22,Iowa,6,323
2011,22,Iowa,7,249
2011,22,Iowa,8,409
2011,22,Iowa,9,28
2011,22,Kansas,1,25580
2011,22,Kansas,2,1170
2011,22,Kansas,3,289
2011,22,Kansas,4,107
2011,22,Kansas,5,17
2011,22,Kansas,6,434
2011,22,Kansas,7,482
2011,22,Kansas,8,855
2011,22,Kansas,9,50
2011,22,Minnesota,1,49711
2011,22,Minnesota,2,1534
2011,22,Minnesota,3,769
2011,22,Minnesota,4,167
2011,22,Minnesota,5,31
2011,22,Minnesota,6,1168
2011,22,Minnesota,7,370
2011,22,Minnesota,8,982
2011,22,Minnesota,9,85
2011,22,Missouri,1,53444
2011,22,Missouri,2,5818
2011,22,Missouri,3,241
2011,22,Missouri,4,211
2011,22,Missouri,5,25
2011,22,Missouri,6,626
2011,22,Missouri,7,477
2011,22,Missouri,8,1219
2011,22,Missouri,9,49
2011,22,Nebraska,1,17196
2011,22,Nebraska,2,549
2011,22,Nebraska,3,236
2011,22,Nebraska,4,46
2011,22,Nebraska,5,6
2011,22,Nebraska,6,174
2011,22,Nebraska,7,209
2011,22,Nebraska,8,289
2011,22,Nebraska,9,8
2011,22,North Dakota,1,6344
2011,22,North Dakota,2,49
2011,22,North Dakota,3,374
2011,22,North Dakota,4,11
2011,22,North Dakota,6,47
2011,22,North Dakota,7,45
2011,22,North Dakota,8,110
2011,22,North Dakota,9,7
2011,22,South Dakota,1,7245
2011,22,South Dakota,2,73
2011,22,South Dakota,3,778
2011,22,South Dakota,4,15
2011,22,South Dakota,6,56
2011,22,South Dakota,7,49
2011,22,South Dakota,8,197
2011,22,South Dakota,9,3
2011,31,Delaware,1,6783
2011,31,Delaware,2,1537
2011,31,Delaware,3,44
2011,31,Delaware,4,74
2011,31,Delaware,5,2
2011,31,Delaware,6,198
2011,31,Delaware,7,150
2011,31,Delaware,8,198
2011,31,Delaware,9,8
2011,31,District of Columbia,1,2647
2011,31,District of Columbia,2,3069
2011,31,District of Columbia,3,16
2011,31,District of Columbia,4,67
2011,31,District of Columbia,5,7
2011,31,District of Columbia,6,147
2011,31,District of Columbia,7,154
2011,31,District of Columbia,8,124
2011,31,District of Columbia,9,31
2011,31,Florida,1,148720
2011,31,Florida,2,29317
2011,31,Florida,3,676
2011,31,Florida,4,777
2011,31,Florida,5,127
2011,31,Florida,6,3548
2011,31,Florida,7,3856
2011,31,Florida,8,3891
2011,31,Florida,9,288
2011,31,Georgia,1,60557
2011,31,Georgia,2,27410
2011,31,Georgia,3,235
2011,31,Georgia,4,447
2011,31,Georgia,5,69
2011,31,Georgia,6,2132
2011,31,Georgia,7,1789
2011,31,Georgia,8,1631
2011,31,Georgia,9,128
2011,31,Maryland,1,37214
2011,31,Maryland,2,14961
2011,31,Maryland,3,175
2011,31,Maryland,4,761
2011,31,Maryland,5,101
2011,31,Maryland,6,2407
2011,31,Maryland,7,1164
2011,31,Maryland,8,1407
2011,31,Maryland,9,145
2011,31,North Carolina,1,68469
2011,31,North Carolina,2,20636
2011,31,North Carolina,3,1278
2011,31,North Carolina,4,345
2011,31,North Carolina,5,53
2011,31,North Carolina,6,1470
2011,31,North Carolina,7,2010
2011,31,North Carolina,8,1712
2011,31,North Carolina,9,187
2011,31,South Carolina,1,32136
2011,31,South Carolina,2,13154
2011,31,South Carolina,3,197
2011,31,South Carolina,4,108
2011,31,South Carolina,5,33
2011,31,South Carolina,6,470
2011,31,South Carolina,7,501
2011,31,South Carolina,8,711
2011,31,South Carolina,9,57
2011,31,Virginia,1,58627
2011,31,Virginia,2,15126
2011,31,Virginia,3,303
2011,31,Virginia,4,551
2011,31,Virginia,5,110
2011,31,Virginia,6,3256
2011,31,Virginia,7,1229
2011,31,Virginia,8,1962
2011,31,Virginia,9,201
2011,31,West Virginia,1,17190
2011,31,West Virginia,2,584
2011,31,West Virginia,3,36
2011,31,West Virginia,4,22
2011,31,West Virginia,5,6
2011,31,West Virginia,6,111
2011,31,West Virginia,7,33
2011,31,West Virginia,8,363
2011,31,West Virginia,9,20
2011,32,Alabama,1,34496
2011,32,Alabama,2,12332
2011,32,Alabama,3,261
2011,32,Alabama,4,88
2011,32,Alabama,5,18
2011,32,Alabama,6,370
2011,32,Alabama,7,326
2011,32,Alabama,8,650
2011,32,Alabama,9,38
2011,32,Kentucky,1,39685
2011,32,Kentucky,2,3112
2011,32,Kentucky,3,91
2011,32,Kentucky,4,78
2011,32,Kentucky,5,55
2011,32,Kentucky,6,311
2011,32,Kentucky,7,273
2011,32,Kentucky,8,651
2011,32,Kentucky,9,50
2011,32,Mississippi,1,17578
2011,32,Mississippi,2,11041
2011,32,Mississippi,3,143
2011,32,Mississippi,4,53
2011,32,Mississippi,5,7
2011,32,Mississippi,6,181
2011,32,Mississippi,7,177
2011,32,Mississippi,8,255
2011,32,Mississippi,9,19
2011,32,Tennessee,1,51480
2011,32,Tennessee,2,9267
2011,32,Tennessee,3,169
2011,32,Tennessee,4,145
2011,32,Tennessee,5,29
2011,32,Tennessee,6,645
2011,32,Tennessee,7,696
2011,32,Tennessee,8,1091
2011,32,Tennessee,9,70
2011,33,Arkansas,1,23696
2011,33,Arkansas,2,4373
2011,33,Arkansas,3,180
2011,33,Arkansas,4,52
2011,33,Arkansas,5,8
2011,33,Arkansas,6,220
2011,33,Arkansas,7,345
2011,33,Arkansas,8,506
2011,33,Arkansas,9,27
2011,33,Louisiana,1,28806
2011,33,Louisiana,2,13528
2011,33,Louisiana,3,294
2011,33,Louisiana,4,89
2011,33,Louisiana,5,26
2011,33,Louisiana,6,549
2011,33,Louisiana,7,345
2011,33,Louisiana,8,692
2011,33,Louisiana,9,75
2011,33,Oklahoma,1,27671
2011,33,Oklahoma,2,2246
2011,33,Oklahoma,3,3240
2011,33,Oklahoma,4,117
2011,33,Oklahoma,5,15
2011,33,Oklahoma,6,407
2011,33,Oklahoma,7,776
2011,33,Oklahoma,8,3078
2011,33,Oklahoma,9,100
2011,33,Texas,1,189853
2011,33,Texas,2,25948
2011,33,Texas,3,1356
2011,33,Texas,4,1578
2011,33,Texas,5,148
2011,33,Texas,6,6748
2011,33,Texas,7,14291
2011,33,Texas,8,5323
2011,33,Texas,9,291
2011,41,Arizona,1,49269
2011,41,Arizona,2,2284
2011,41,Arizona,3,6171
2011,41,Arizona,4,356
2011,41,Arizona,5,95
2011,41,Arizona,6,1350
2011,41,Arizona,7,3492
2011,41,Arizona,8,1765
2011,41,Arizona,9,135
2011,41,Colorado,1,43865
2011,41,Colorado,2,1673
2011,41,Colorado,3,608
2011,41,Colorado,4,253
2011,41,Colorado,5,89
2011,41,Colorado,6,980
2011,41,Colorado,7,1701
2011,41,Colorado,8,1540
2011,41,Colorado,9,116
2011,41,Idaho,1,14580
2011,41,Idaho,2,76
2011,41,Idaho,3,329
2011,41,Idaho,4,51
2011,41,Idaho,5,30
2011,41,Idaho,6,94
2011,41,Idaho,7,246
2011,41,Idaho,8,364
2011,41,Idaho,9,12
2011,41,Montana,1,8880
2011,41,Montana,2,36
2011,41,Montana,3,768
2011,41,Montana,4,8
2011,41,Montana,5,9
2011,41,Montana,6,31
2011,41,Montana,7,24
2011,41,Montana,8,196
2011,41,Montana,9,13
2011,41,Nevada,1,18999
2011,41,Nevada,2,1811
2011,41,Nevada,3,795
2011,41,Nevada,4,257
2011,41,Nevada,5,124
2011,41,Nevada,6,1292
2011,41,Nevada,7,1776
2011,41,Nevada,8,966
2011,41,Nevada,9,93
2011,41,New Mexico,1,13166
2011,41,New Mexico,2,352
2011,41,New Mexico,3,3326
2011,41,New Mexico,4,64
2011,41,New Mexico,5,22
2011,41,New Mexico,6,164
2011,41,New Mexico,7,2090
2011,41,New Mexico,8,553
2011,41,New Mexico,9,40
2011,41,Utah,1,25055
2011,41,Utah,2,264
2011,41,Utah,3,341
2011,41,Utah,4,101
2011,41,Utah,5,62
2011,41,Utah,6,531
2011,41,Utah,7,743
2011,41,Utah,8,593
2011,41,Utah,9,61
2011,41,Wyoming,1,5246
2011,41,Wyoming,2,26
2011,41,Wyoming,3,229
2011,41,Wyoming,4,12
2011,41,Wyoming,5,6
2011,41,Wyoming,6,27
2011,41,Wyoming,7,114
2011,41,Wyoming,8,130
2011,41,Wyoming,9,8
2011,42,Alaska,1,3629
2011,42,Alaska,2,112
2011,42,Alaska,3,2460
2011,42,Alaska,4,25
2011,42,Alaska,5,22
2011,42,Alaska,6,268
2011,42,Alaska,7,42
2011,42,Alaska,8,474
2011,42,Alaska,9,28
2011,42,California,1,236901
2011,42,California,2,20368
2011,42,California,3,3562
2011,42,California,4,14064
2011,42,California,5,3157
2011,42,California,6,35512
2011,42,California,7,39274
2011,42,California,8,14554
2011,42,California,9,1417
2011,42,Hawaii,1,3491
2011,42,Hawaii,2,201
2011,42,Hawaii,3,46
2011,42,Hawaii,4,656
2011,42,Hawaii,5,2168
2011,42,Hawaii,6,4172
2011,42,Hawaii,7,157
2011,42,Hawaii,8,2164
2011,42,Hawaii,9,1216
2011,42,Oregon,1,33908
2011,42,Oregon,2,662
2011,42,Oregon,3,662
2011,42,Oregon,4,375
2011,42,Oregon,5,141
2011,42,Oregon,6,1006
2011,42,Oregon,7,946
2011,42,Oregon,8,1236
2011,42,Oregon,9,114
2011,42,Washington,1,56373
2011,42,Washington,2,1906
2011,42,Washington,3,1444
2011,42,Washington,4,1056
2011,42,Washington,5,370
2011,42,Washington,6,3579
2011,42,Washington,7,1895
2011,42,Washington,8,2864
2011,42,Washington,9,275
2012,11,Connecticut,1,29601
2012,11,Connecticut,2,3129
2012,11,Connecticut,3,106
2012,11,Connecticut,4,363
2012,11,Connecticut,5,44
2012,11,Connecticut,6,1017
2012,11,Connecticut,7,1258
2012,11,Connecticut,8,785
2012,11,Connecticut,9,78
2012,11,Maine,1,12540
2012,11,Maine,2,126
2012,11,Maine,3,140
2012,11,Maine,4,24
2012,11,Maine,5,6
2012,11,Maine,6,71
2012,11,Maine,7,21
2012,11,Maine,8,234
2012,11,Maine,9,10
2012,11,Massachusetts,1,56400
2012,11,Massachusetts,2,4239
2012,11,Massachusetts,3,147
2012,11,Massachusetts,4,1386
2012,11,Massachusetts,5,97
2012,11,Massachusetts,6,2216
2012,11,Massachusetts,7,2258
2012,11,Massachusetts,8,1548
2012,11,Massachusetts,9,144
2012,11,New Hampshire,1,12809
2012,11,New Hampshire,2,128
2012,11,New Hampshire,3,23
2012,11,New Hampshire,4,69
2012,11,New Hampshire,5,9
2012,11,New Hampshire,6,152
2012,11,New Hampshire,7,54
2012,11,New Hampshire,8,196
2012,11,New Hampshire,9,29
2012,11,Rhode Island,1,9081
2012,11,Rhode Island,2,582
2012,11,Rhode Island,3,37
2012,11,Rhode Island,4,83
2012,11,Rhode Island,5,7
2012,11,Rhode Island,6,239
2012,11,Rhode Island,7,424
2012,11,Rhode Island,8,274
2012,11,Rhode Island,9,28
2012,11,Vermont,1,6323
2012,11,Vermont,2,37
2012,11,Vermont,3,23
2012,11,Vermont,4,11
2012,11,Vermont,6,47
2012,11,Vermont,7,12
2012,11,Vermont,8,92
2012,11,Vermont,9,8
2012,12,New Jersey,1,63949
2012,12,New Jersey,2,10839
2012,12,New Jersey,3,195
2012,12,New Jersey,4,1449
2012,12,New Jersey,5,160
2012,12,New Jersey,6,5721
2012,12,New Jersey,7,3534
2012,12,New Jersey,8,1926
2012,12,New Jersey,9,230
2012,12,New York,1,139249
2012,12,New York,2,26435
2012,12,New York,3,784
2012,12,New York,4,5786
2012,12,New York,5,325
2012,12,New York,6,7804
2012,12,New York,7,10814
2012,12,New York,8,4586
2012,12,New York,9,531
2012,12,Pennsylvania,1,112635
2012,12,Pennsylvania,2,9538
2012,12,Pennsylvania,3,210
2012,12,Pennsylvania,4,717
2012,12,Pennsylvania,5,53
2012,12,Pennsylvania,6,1966
2012,12,Pennsylvania,7,1303
2012,12,Pennsylvania,8,2010
2012,12,Pennsylvania,9,173
2012,21,Illinois,1,99273
2012,21,Illinois,2,15313
2012,21,Illinois,3,307
2012,21,Illinois,4,1011
2012,21,Illinois,5,182
2012,21,Illinois,6,3874
2012,21,Illinois,7,4631
2012,21,Illinois,8,2421
2012,21,Illinois,9,196
2012,21,Indiana,1,57904
2012,21,Indiana,2,5065
2012,21,Indiana,3,187
2012,21,Indiana,4,237
2012,21,Indiana,5,38
2012,21,Indiana,6,573
2012,21,Indiana,7,1029
2012,21,Indiana,8,1257
2012,21,Indiana,9,80
2012,21,Michigan,1,82938
2012,21,Michigan,2,9933
2012,21,Michigan,3,717
2012,21,Michigan,4,388
2012,21,Michigan,5,85
2012,21,Michigan,6,1482
2012,21,Michigan,7,747
2012,21,Michigan,8,2151
2012,21,Michigan,9,146
2012,21,Ohio,1,99672
2012,21,Ohio,2,12470
2012,21,Ohio,3,255
2012,21,Ohio,4,452
2012,21,Ohio,5,91
2012,21,Ohio,6,1208
2012,21,Ohio,7,746
2012,21,Ohio,8,2145
2012,21,Ohio,9,212
2012,21,Wisconsin,1,53299
2012,21,Wisconsin,2,2342
2012,21,Wisconsin,3,631
2012,21,Wisconsin,4,127
2012,21,Wisconsin,5,20
2012,21,Wisconsin,6,702
2012,21,Wisconsin,7,499
2012,21,Wisconsin,8,815
2012,21,Wisconsin,9,49
2012,22,Iowa,1,29648
2012,22,Iowa,2,596
2012,22,Iowa,3,87
2012,22,Iowa,4,74
2012,22,Iowa,5,13
2012,22,Iowa,6,337
2012,22,Iowa,7,211
2012,22,Iowa,8,457
2012,22,Iowa,9,35
2012,22,Kansas,1,25790
2012,22,Kansas,2,1211
2012,22,Kansas,3,322
2012,22,Kansas,4,104
2012,22,Kansas,5,19
2012,22,Kansas,6,428
2012,22,Kansas,7,455
2012,22,Kansas,8,756
2012,22,Kansas,9,54
2012,22,Minnesota,1,49223
2012,22,Minnesota,2,1498
2012,22,Minnesota,3,749
2012,22,Minnesota,4,179
2012,22,Minnesota,5,23
2012,22,Minnesota,6,1213
2012,22,Minnesota,7,431
2012,22,Minnesota,8,958
2012,22,Minnesota,9,80
2012,22,Missouri,1,52956
2012,22,Missouri,2,5732
2012,22,Missouri,3,266
2012,22,Missouri,4,214
2012,22,Missouri,5,26
2012,22,Missouri,6,626
2012,22,Missouri,7,525
2012,22,Missouri,8,1197
2012,22,Missouri,9,97
2012,22,Nebraska,1,17192
2012,22,Nebraska,2,617
2012,22,Nebraska,3,234
2012,22,Nebraska,4,51
2012,22,Nebraska,5,9
2012,22,Nebraska,6,236
2012,22,Nebraska,7,225
2012,22,Nebraska,8,295
2012,22,Nebraska,9,24
2012,22,North Dakota,1,6392
2012,22,North Dakota,2,64
2012,22,North Dakota,3,494
2012,22,North Dakota,4,10
2012,22,North Dakota,5,1
2012,22,North Dakota,6,22
2012,22,North Dakota,7,38
2012,22,North Dakota,8,95
2012,22,North Dakota,9,6
2012,22,South Dakota,1,7091
2012,22,South Dakota,2,99
2012,22,South Dakota,3,914
2012,22,South Dakota,4,15
2012,22,South Dakota,5,3
2012,22,South Dakota,6,41
2012,22,South Dakota,7,62
2012,22,South Dakota,8,149
2012,22,South Dakota,9,6
2012,31,Delaware,1,6618
2012,31,Delaware,2,1532
2012,31,Delaware,3,33
2012,31,Delaware,4,58
2012,31,Delaware,5,5
2012,31,Delaware,6,211
2012,31,Delaware,7,157
2012,31,Delaware,8,181
2012,31,Delaware,9,20
2012,31,District of Columbia,1,2590
2012,31,District of Columbia,2,3075
2012,31,District of Columbia,3,34
2012,31,District of Columbia,4,53
2012,31,District of Columbia,5,10
2012,31,District of Columbia,6,196
2012,31,District of Columbia,7,205
2012,31,District of Columbia,8,129
2012,31,District of Columbia,9,11
2012,31,Florida,1,149161
2012,31,Florida,2,27826
2012,31,Florida,3,587
2012,31,Florida,4,840
2012,31,Florida,5,137
2012,31,Florida,6,3770
2012,31,Florida,7,3425
2012,31,Florida,8,3952
2012,31,Florida,9,352
2012,31,Georgia,1,62419
2012,31,Georgia,2,26730
2012,31,Georgia,3,284
2012,31,Georgia,4,441
2012,31,Georgia,5,97
2012,31,Georgia,6,2494
2012,31,Georgia,7,1883
2012,31,Georgia,8,1731
2012,31,Georgia,9,149
2012,31,Maryland,1,36974
2012,31,Maryland,2,14970
2012,31,Maryland,3,174
2012,31,Maryland,4,864
2012,31,Maryland,5,59
2012,31,Maryland,6,2442
2012,31,Maryland,7,1192
2012,31,Maryland,8,1585
2012,31,Maryland,9,157
2012,31,North Carolina,1,70484
2012,31,North Carolina,2,19467
2012,31,North Carolina,3,1455
2012,31,North Carolina,4,382
2012,31,North Carolina,5,64
2012,31,North Carolina,6,1712
2012,31,North Carolina,7,1753
2012,31,North Carolina,8,1895
2012,31,North Carolina,9,208
2012,31,South Carolina,1,33018
2012,31,South Carolina,2,12082
2012,31,South Carolina,3,211
2012,31,South Carolina,4,100
2012,31,South Carolina,5,33
2012,31,South Carolina,6,472
2012,31,South Carolina,7,562
2012,31,South Carolina,8,794
2012,31,South Carolina,9,72
2012,31,Virginia,1,59879
2012,31,Virginia,2,14207
2012,31,Virginia,3,287
2012,31,Virginia,4,749
2012,31,Virginia,5,97
2012,31,Virginia,6,3877
2012,31,Virginia,7,1184
2012,31,Virginia,8,2255
2012,31,Virginia,9,289
2012,31,West Virginia,1,17131
2012,31,West Virginia,2,606
2012,31,West Virginia,3,30
2012,31,West Virginia,4,35
2012,31,West Virginia,5,3
2012,31,West Virginia,6,85
2012,31,West Virginia,7,53
2012,31,West Virginia,8,316
2012,31,West Virginia,9,31
2012,32,Alabama,1,34207
2012,32,Alabama,2,11844
2012,32,Alabama,3,275
2012,32,Alabama,4,90
2012,32,Alabama,5,18
2012,32,Alabama,6,378
2012,32,Alabama,7,353
2012,32,Alabama,8,628
2012,32,Alabama,9,26
2012,32,Kentucky,1,40046
2012,32,Kentucky,2,3007
2012,32,Kentucky,3,83
2012,32,Kentucky,4,125
2012,32,Kentucky,5,45
2012,32,Kentucky,6,378
2012,32,Kentucky,7,239
2012,32,Kentucky,8,690
2012,32,Kentucky,9,51
2012,32,Mississippi,1,17504
2012,32,Mississippi,2,11079
2012,32,Mississippi,3,171
2012,32,Mississippi,4,58
2012,32,Mississippi,5,9
2012,32,Mississippi,6,133
2012,32,Mississippi,7,181
2012,32,Mississippi,8,311
2012,32,Mississippi,9,40
2012,32,Tennessee,1,52080
2012,32,Tennessee,2,9320
2012,32,Tennessee,3,179
2012,32,Tennessee,4,172
2012,32,Tennessee,5,52
2012,32,Tennessee,6,741
2012,32,Tennessee,7,558
2012,32,Tennessee,8,1079
2012,32,Tennessee,9,95
2012,33,Arkansas,1,23719
2012,33,Arkansas,2,4135
2012,33,Arkansas,3,179
2012,33,Arkansas,4,37
2012,33,Arkansas,5,2
2012,33,Arkansas,6,292
2012,33,Arkansas,7,319
2012,33,Arkansas,8,506
2012,33,Arkansas,9,35
2012,33,Louisiana,1,29169
2012,33,Louisiana,2,13336
2012,33,Louisiana,3,326
2012,33,Louisiana,4,115
2012,33,Louisiana,5,9
2012,33,Louisiana,6,564
2012,33,Louisiana,7,342
2012,33,Louisiana,8,675
2012,33,Louisiana,9,72
2012,33,Oklahoma,1,26878
2012,33,Oklahoma,2,2138
2012,33,Oklahoma,3,3492
2012,33,Oklahoma,4,105
2012,33,Oklahoma,5,14
2012,33,Oklahoma,6,460
2012,33,Oklahoma,7,758
2012,33,Oklahoma,8,3075
2012,33,Oklahoma,9,176
2012,33,Texas,1,192864
2012,33,Texas,2,25872
2012,33,Texas,3,1506
2012,33,Texas,4,1767
2012,33,Texas,5,206
2012,33,Texas,6,7485
2012,33,Texas,7,13453
2012,33,Texas,8,5541
2012,33,Texas,9,461
2012,41,Arizona,1,50412
2012,41,Arizona,2,2401
2012,41,Arizona,3,5399
2012,41,Arizona,4,347
2012,41,Arizona,5,100
2012,41,Arizona,6,1489
2012,41,Arizona,7,3850
2012,41,Arizona,8,1764
2012,41,Arizona,9,183
2012,41,Colorado,1,44324
2012,41,Colorado,2,1833
2012,41,Colorado,3,551
2012,41,Colorado,4,304
2012,41,Colorado,5,147
2012,41,Colorado,6,923
2012,41,Colorado,7,1636
2012,41,Colorado,8,1464
2012,41,Colorado,9,140
2012,41,Idaho,1,14035
2012,41,Idaho,2,62
2012,41,Idaho,3,318
2012,41,Idaho,4,44
2012,41,Idaho,5,25
2012,41,Idaho,6,110
2012,41,Idaho,7,310
2012,41,Idaho,8,346
2012,41,Idaho,9,43
2012,41,Montana,1,8906
2012,41,Montana,2,20
2012,41,Montana,3,912
2012,41,Montana,4,19
2012,41,Montana,5,4
2012,41,Montana,6,26
2012,41,Montana,7,40
2012,41,Montana,8,212
2012,41,Montana,9,15
2012,41,Nevada,1,19179
2012,41,Nevada,2,1866
2012,41,Nevada,3,653
2012,41,Nevada,4,350
2012,41,Nevada,5,91
2012,41,Nevada,6,1733
2012,41,Nevada,7,1734
2012,41,Nevada,8,974
2012,41,Nevada,9,146
2012,41,New Mexico,1,12974
2012,41,New Mexico,2,326
2012,41,New Mexico,3,3637
2012,41,New Mexico,4,77
2012,41,New Mexico,5,19
2012,41,New Mexico,6,159
2012,41,New Mexico,7,2018
2012,41,New Mexico,8,502
2012,41,New Mexico,9,59
2012,41,Utah,1,25428
2012,41,Utah,2,271
2012,41,Utah,3,390
2012,41,Utah,4,129
2012,41,Utah,5,74
2012,41,Utah,6,534
2012,41,Utah,7,712
2012,41,Utah,8,602
2012,41,Utah,9,59
2012,41,Wyoming,1,5218
2012,41,Wyoming,2,34
2012,41,Wyoming,3,254
2012,41,Wyoming,4,12
2012,41,Wyoming,5,6
2012,41,Wyoming,6,27
2012,41,Wyoming,7,85
2012,41,Wyoming,8,174
2012,41,Wyoming,9,14
2012,42,Alaska,1,3617
2012,42,Alaska,2,105
2012,42,Alaska,3,2376
2012,42,Alaska,4,22
2012,42,Alaska,5,10
2012,42,Alaska,6,280
2012,42,Alaska,7,46
2012,42,Alaska,8,438
2012,42,Alaska,9,52
2012,42,California,1,233425
2012,42,California,2,20146
2012,42,California,3,3746
2012,42,California,4,14059
2012,42,California,5,2882
2012,42,California,6,35827
2012,42,California,7,41043
2012,42,California,8,14832
2012,42,California,9,2087
2012,42,Hawaii,1,3390
2012,42,Hawaii,2,197
2012,42,Hawaii,3,45
2012,42,Hawaii,4,516
2012,42,Hawaii,5,2093
2012,42,Hawaii,6,4393
2012,42,Hawaii,7,119
2012,42,Hawaii,8,1769
2012,42,Hawaii,9,1632
2012,42,Oregon,1,33683
2012,42,Oregon,2,586
2012,42,Oregon,3,617
2012,42,Oregon,4,326
2012,42,Oregon,5,151
2012,42,Oregon,6,1027
2012,42,Oregon,7,855
2012,42,Oregon,8,1346
2012,42,Oregon,9,176
2012,42,Washington,1,55971
2012,42,Washington,2,1852
2012,42,Washington,3,1507
2012,42,Washington,4,1063
2012,42,Washington,5,396
2012,42,Washington,6,3451
2012,42,Washington,7,1713
2012,42,Washington,8,2921
2012,42,Washington,9,427
2013,11,Connecticut,1,29693
2013,11,Connecticut,2,2886
2013,11,Connecticut,3,92
2013,11,Connecticut,4,351
2013,11,Connecticut,5,36
2013,11,Connecticut,6,1099
2013,11,Connecticut,7,1266
2013,11,Connecticut,8,866
2013,11,Connecticut,9,93
2013,11,Maine,1,12348
2013,11,Maine,2,127
2013,11,Maine,3,144
2013,11,Maine,4,19
2013,11,Maine,5,3
2013,11,Maine,6,78
2013,11,Maine,7,26
2013,11,Maine,8,223
2013,11,Maine,9,14
2013,11,Massachusetts,1,56458
2013,11,Massachusetts,2,4169
2013,11,Massachusetts,3,163
2013,11,Massachusetts,4,1504
2013,11,Massachusetts,5,135
2013,11,Massachusetts,6,2136
2013,11,Massachusetts,7,2267
2013,11,Massachusetts,8,1743
2013,11,Massachusetts,9,150
2013,11,New Hampshire,1,12858
2013,11,New Hampshire,2,107
2013,11,New Hampshire,3,21
2013,11,New Hampshire,4,47
2013,11,New Hampshire,5,7
2013,11,New Hampshire,6,213
2013,11,New Hampshire,7,66
2013,11,New Hampshire,8,207
2013,11,New Hampshire,9,21
2013,11,Rhode Island,1,8914
2013,11,Rhode Island,2,600
2013,11,Rhode Island,3,32
2013,11,Rhode Island,4,76
2013,11,Rhode Island,5,22
2013,11,Rhode Island,6,214
2013,11,Rhode Island,7,501
2013,11,Rhode Island,8,229
2013,11,Rhode Island,9,30
2013,11,Vermont,1,6103
2013,11,Vermont,2,59
2013,11,Vermont,3,20
2013,11,Vermont,4,29
2013,11,Vermont,6,39
2013,11,Vermont,7,12
2013,11,Vermont,8,120
2013,11,Vermont,9,6
2013,12,New Jersey,1,64049
2013,12,New Jersey,2,10433
2013,12,New Jersey,3,199
2013,12,New Jersey,4,1433
2013,12,New Jersey,5,136
2013,12,New Jersey,6,6093
2013,12,New Jersey,7,4022
2013,12,New Jersey,8,1912
2013,12,New Jersey,9,233
2013,12,New York,1,139125
2013,12,New York,2,25628
2013,12,New York,3,703
2013,12,New York,4,6062
2013,12,New York,5,335
2013,12,New York,6,8151
2013,12,New York,7,10903
2013,12,New York,8,4684
2013,12,New York,9,574
2013,12,Pennsylvania,1,112309
2013,12,Pennsylvania,2,9297
2013,12,Pennsylvania,3,198
2013,12,Pennsylvania,4,901
2013,12,Pennsylvania,5,59
2013,12,Pennsylvania,6,2017
2013,12,Pennsylvania,7,1508
2013,12,Pennsylvania,8,1909
2013,12,Pennsylvania,9,184
2013,21,Illinois,1,99837
2013,21,Illinois,2,14934
2013,21,Illinois,3,256
2013,21,Illinois,4,1104
2013,21,Illinois,5,162
2013,21,Illinois,6,4188
2013,21,Illinois,7,4835
2013,21,Illinois,8,2541
2013,21,Illinois,9,213
2013,21,Indiana,1,57846
2013,21,Indiana,2,4891
2013,21,Indiana,3,144
2013,21,Indiana,4,228
2013,21,Indiana,5,51
2013,21,Indiana,6,756
2013,21,Indiana,7,1127
2013,21,Indiana,8,1230
2013,21,Indiana,9,90
2013,21,Michigan,1,83895
2013,21,Michigan,2,9526
2013,21,Michigan,3,688
2013,21,Michigan,4,461
2013,21,Michigan,5,130
2013,21,Michigan,6,1634
2013,21,Michigan,7,738
2013,21,Michigan,8,2202
2013,21,Michigan,9,167
2013,21,Ohio,1,100853
2013,21,Ohio,2,11812
2013,21,Ohio,3,210
2013,21,Ohio,4,536
2013,21,Ohio,5,82
2013,21,Ohio,6,1306
2013,21,Ohio,7,822
2013,21,Ohio,8,2401
2013,21,Ohio,9,201
2013,21,Wisconsin,1,53354
2013,21,Wisconsin,2,2265
2013,21,Wisconsin,3,588
2013,21,Wisconsin,4,131
2013,21,Wisconsin,5,21
2013,21,Wisconsin,6,753
2013,21,Wisconsin,7,541
2013,21,Wisconsin,8,822
2013,21,Wisconsin,9,81
2013,22,Iowa,1,29985
2013,22,Iowa,2,646
2013,22,Iowa,3,108
2013,22,Iowa,4,101
2013,22,Iowa,5,15
2013,22,Iowa,6,299
2013,22,Iowa,7,214
2013,22,Iowa,8,419
2013,22,Iowa,9,30
2013,22,Kansas,1,25872
2013,22,Kansas,2,1327
2013,22,Kansas,3,292
2013,22,Kansas,4,73
2013,22,Kansas,5,21
2013,22,Kansas,6,480
2013,22,Kansas,7,440
2013,22,Kansas,8,803
2013,22,Kansas,9,61
2013,22,Minnesota,1,49828
2013,22,Minnesota,2,1486
2013,22,Minnesota,3,741
2013,22,Minnesota,4,175
2013,22,Minnesota,5,29
2013,22,Minnesota,6,1241
2013,22,Minnesota,7,447
2013,22,Minnesota,8,939
2013,22,Minnesota,9,102
2013,22,Missouri,1,53214
2013,22,Missouri,2,5533
2013,22,Missouri,3,265
2013,22,Missouri,4,198
2013,22,Missouri,5,37
2013,22,Missouri,6,658
2013,22,Missouri,7,426
2013,22,Missouri,8,1273
2013,22,Missouri,9,95
2013,22,Nebraska,1,17228
2013,22,Nebraska,2,539
2013,22,Nebraska,3,251
2013,22,Nebraska,4,26
2013,22,Nebraska,5,14
2013,22,Nebraska,6,176
2013,22,Nebraska,7,267
2013,22,Nebraska,8,322
2013,22,Nebraska,9,12
2013,22,North Dakota,1,6735
2013,22,North Dakota,2,59
2013,22,North Dakota,3,440
2013,22,North Dakota,4,4
2013,22,North Dakota,5,2
2013,22,North Dakota,6,45
2013,22,North Dakota,7,36
2013,22,North Dakota,8,109
2013,22,North Dakota,9,5
2013,22,South Dakota,1,7412
2013,22,South Dakota,2,80
2013,22,South Dakota,3,922
2013,22,South Dakota,4,6
2013,22,South Dakota,6,63
2013,22,South Dakota,7,52
2013,22,South Dakota,8,198
2013,22,South Dakota,9,7
2013,31,Delaware,1,6617
2013,31,Delaware,2,1458
2013,31,Delaware,3,53
2013,31,Delaware,4,81
2013,31,Delaware,5,5
2013,31,Delaware,6,206
2013,31,Delaware,7,154
2013,31,Delaware,8,177
2013,31,Delaware,9,16
2013,31,District of Columbia,1,2930
2013,31,District of Columbia,2,3095
2013,31,District of Columbia,3,11
2013,31,District of Columbia,4,67
2013,31,District of Columbia,5,12
2013,31,District of Columbia,6,144
2013,31,District of Columbia,7,114
2013,31,District of Columbia,8,173
2013,31,District of Columbia,9,26
2013,31,Florida,1,150380
2013,31,Florida,2,26941
2013,31,Florida,3,591
2013,31,Florida,4,899
2013,31,Florida,5,156
2013,31,Florida,6,3990
2013,31,Florida,7,3866
2013,31,Florida,8,3787
2013,31,Florida,9,424
2013,31,Georgia,1,63028
2013,31,Georgia,2,26308
2013,31,Georgia,3,216
2013,31,Georgia,4,521
2013,31,Georgia,5,90
2013,31,Georgia,6,2778
2013,31,Georgia,7,1660
2013,31,Georgia,8,1772
2013,31,Georgia,9,195
2013,31,Maryland,1,37201
2013,31,Maryland,2,15239
2013,31,Maryland,3,140
2013,31,Maryland,4,859
2013,31,Maryland,5,68
2013,31,Maryland,6,2529
2013,31,Maryland,7,1349
2013,31,Maryland,8,1446
2013,31,Maryland,9,202
2013,31,North Carolina,1,70373
2013,31,North Carolina,2,18884
2013,31,North Carolina,3,1425
2013,31,North Carolina,4,437
2013,31,North Carolina,5,69
2013,31,North Carolina,6,1912
2013,31,North Carolina,7,2004
2013,31,North Carolina,8,1962
2013,31,North Carolina,9,244
2013,31,South Carolina,1,33820
2013,31,South Carolina,2,11192
2013,31,South Carolina,3,197
2013,31,South Carolina,4,165
2013,31,South Carolina,5,22
2013,31,South Carolina,6,445
2013,31,South Carolina,7,486
2013,31,South Carolina,8,818
2013,31,South Carolina,9,60
2013,31,Virginia,1,60615
2013,31,Virginia,2,13681
2013,31,Virginia,3,250
2013,31,Virginia,4,729
2013,31,Virginia,5,128
2013,31,Virginia,6,3958
2013,31,Virginia,7,1139
2013,31,Virginia,8,2282
2013,31,Virginia,9,262
2013,31,West Virginia,1,17158
2013,31,West Virginia,2,578
2013,31,West Virginia,3,25
2013,31,West Virginia,4,29
2013,31,West Virginia,5,6
2013,31,West Virginia,6,77
2013,31,West Virginia,7,44
2013,31,West Virginia,8,336
2013,31,West Virginia,9,15
2013,32,Alabama,1,34547
2013,32,Alabama,2,11403
2013,32,Alabama,3,239
2013,32,Alabama,4,127
2013,32,Alabama,5,17
2013,32,Alabama,6,376
2013,32,Alabama,7,318
2013,32,Alabama,8,750
2013,32,Alabama,9,59
2013,32,Kentucky,1,40462
2013,32,Kentucky,2,2886
2013,32,Kentucky,3,97
2013,32,Kentucky,4,106
2013,32,Kentucky,5,47
2013,32,Kentucky,6,340
2013,32,Kentucky,7,304
2013,32,Kentucky,8,715
2013,32,Kentucky,9,40
2013,32,Mississippi,1,18033
2013,32,Mississippi,2,10650
2013,32,Mississippi,3,146
2013,32,Mississippi,4,41
2013,32,Mississippi,5,9
2013,32,Mississippi,6,233
2013,32,Mississippi,7,208
2013,32,Mississippi,8,287
2013,32,Mississippi,9,41
2013,32,Tennessee,1,53135
2013,32,Tennessee,2,8959
2013,32,Tennessee,3,178
2013,32,Tennessee,4,174
2013,32,Tennessee,5,36
2013,32,Tennessee,6,776
2013,32,Tennessee,7,663
2013,32,Tennessee,8,1148
2013,32,Tennessee,9,79
2013,33,Arkansas,1,23950
2013,33,Arkansas,2,4060
2013,33,Arkansas,3,176
2013,33,Arkansas,4,61
2013,33,Arkansas,5,11
2013,33,Arkansas,6,289
2013,33,Arkansas,7,468
2013,33,Arkansas,8,546
2013,33,Arkansas,9,30
2013,33,Louisiana,1,29286
2013,33,Louisiana,2,13192
2013,33,Louisiana,3,295
2013,33,Louisiana,4,104
2013,33,Louisiana,5,23
2013,33,Louisiana,6,557
2013,33,Louisiana,7,356
2013,33,Louisiana,8,737
2013,33,Louisiana,9,77
2013,33,Oklahoma,1,26878
2013,33,Oklahoma,2,2158
2013,33,Oklahoma,3,3778
2013,33,Oklahoma,4,86
2013,33,Oklahoma,5,23
2013,33,Oklahoma,6,403
2013,33,Oklahoma,7,828
2013,33,Oklahoma,8,2859
2013,33,Oklahoma,9,133
2013,33,Texas,1,196657
2013,33,Texas,2,25654
2013,33,Texas,3,1359
2013,33,Texas,4,1938
2013,33,Texas,5,236
2013,33,Texas,6,8004
2013,33,Texas,7,13361
2013,33,Texas,8,5840
2013,33,Texas,9,550
2013,41,Arizona,1,51218
2013,41,Arizona,2,2411
2013,41,Arizona,3,5151
2013,41,Arizona,4,371
2013,41,Arizona,5,90
2013,41,Arizona,6,1593
2013,41,Arizona,7,3578
2013,41,Arizona,8,1921
2013,41,Arizona,9,199
2013,41,Colorado,1,44831
2013,41,Colorado,2,1685
2013,41,Colorado,3,461
2013,41,Colorado,4,251
2013,41,Colorado,5,142
2013,41,Colorado,6,1109
2013,41,Colorado,7,1921
2013,41,Colorado,8,1519
2013,41,Colorado,9,188
2013,41,Idaho,1,14453
2013,41,Idaho,2,71
2013,41,Idaho,3,305
2013,41,Idaho,4,35
2013,41,Idaho,5,30
2013,41,Idaho,6,150
2013,41,Idaho,7,363
2013,41,Idaho,8,349
2013,41,Idaho,9,30
2013,41,Montana,1,8921
2013,41,Montana,2,24
2013,41,Montana,3,892
2013,41,Montana,4,10
2013,41,Montana,5,9
2013,41,Montana,6,41
2013,41,Montana,7,30
2013,41,Montana,8,170
2013,41,Montana,9,16
2013,41,Nevada,1,18839
2013,41,Nevada,2,1910
2013,41,Nevada,3,600
2013,41,Nevada,4,319
2013,41,Nevada,5,99
2013,41,Nevada,6,1792
2013,41,Nevada,7,2034
2013,41,Nevada,8,974
2013,41,Nevada,9,181
2013,41,New Mexico,1,13551
2013,41,New Mexico,2,343
2013,41,New Mexico,3,3321
2013,41,New Mexico,4,40
2013,41,New Mexico,5,23
2013,41,New Mexico,6,201
2013,41,New Mexico,7,1661
2013,41,New Mexico,8,525
2013,41,New Mexico,9,49
2013,41,Utah,1,26096
2013,41,Utah,2,202
2013,41,Utah,3,422
2013,41,Utah,4,133
2013,41,Utah,5,65
2013,41,Utah,6,525
2013,41,Utah,7,853
2013,41,Utah,8,603
2013,41,Utah,9,68
2013,41,Wyoming,1,5285
2013,41,Wyoming,2,46
2013,41,Wyoming,3,240
2013,41,Wyoming,4,2
2013,41,Wyoming,5,5
2013,41,Wyoming,6,24
2013,41,Wyoming,7,103
2013,41,Wyoming,8,113
2013,41,Wyoming,9,10
2013,42,Alaska,1,3525
2013,42,Alaska,2,130
2013,42,Alaska,3,2348
2013,42,Alaska,4,11
2013,42,Alaska,5,8
2013,42,Alaska,6,270
2013,42,Alaska,7,55
2013,42,Alaska,8,354
2013,42,Alaska,9,47
2013,42,California,1,233894
2013,42,California,2,19817
2013,42,California,3,3631
2013,42,California,4,14876
2013,42,California,5,3178
2013,42,California,6,36972
2013,42,California,7,41795
2013,42,California,8,14952
2013,42,California,9,2288
2013,42,Hawaii,1,3595
2013,42,Hawaii,2,258
2013,42,Hawaii,3,28
2013,42,Hawaii,4,571
2013,42,Hawaii,5,2075
2013,42,Hawaii,6,4146
2013,42,Hawaii,7,120
2013,42,Hawaii,8,1789
2013,42,Hawaii,9,1704
2013,42,Oregon,1,34322
2013,42,Oregon,2,565
2013,42,Oregon,3,603
2013,42,Oregon,4,316
2013,42,Oregon,5,127
2013,42,Oregon,6,1077
2013,42,Oregon,7,793
2013,42,Oregon,8,1385
2013,42,Oregon,9,154
2013,42,Washington,1,55994
2013,42,Washington,2,1991
2013,42,Washington,3,1530
2013,42,Washington,4,1019
2013,42,Washington,5,365
2013,42,Washington,6,3479
2013,42,Washington,7,1948
2013,42,Washington,8,2830
2013,42,Washington,9,437
2015,11,Connecticut,1,28930
2015,11,Connecticut,2,3029
2015,11,Connecticut,3,89
2015,11,Connecticut,4,379
2015,11,Connecticut,5,39
2015,11,Connecticut,6,1052
2015,11,Connecticut,7,1299
2015,11,Connecticut,8,861
2015,11,Connecticut,9,109
2015,11,Maine,1,12393
2015,11,Maine,2,126
2015,11,Maine,3,117
2015,11,Maine,4,35
2015,11,Maine,5,6
2015,11,Maine,6,65
2015,11,Maine,7,32
2015,11,Maine,8,273
2015,11,Maine,9,12
2015,11,Massachusetts,1,56119
2015,11,Massachusetts,2,4134
2015,11,Massachusetts,3,129
2015,11,Massachusetts,4,1727
2015,11,Massachusetts,5,109
2015,11,Massachusetts,6,2455
2015,11,Massachusetts,7,2271
2015,11,Massachusetts,8,1714
2015,11,Massachusetts,9,127
2015,11,New Hampshire,1,12567
2015,11,New Hampshire,2,153
2015,11,New Hampshire,3,33
2015,11,New Hampshire,4,65
2015,11,New Hampshire,5,7
2015,11,New Hampshire,6,225
2015,11,New Hampshire,7,66
2015,11,New Hampshire,8,244
2015,11,New Hampshire,9,18
2015,11,Rhode Island,1,8950
2015,11,Rhode Island,2,526
2015,11,Rhode Island,3,39
2015,11,Rhode Island,4,108
2015,11,Rhode Island,5,12
2015,11,Rhode Island,6,180
2015,11,Rhode Island,7,440
2015,11,Rhode Island,8,288
2015,11,Rhode Island,9,20
2015,11,Vermont,1,6064
2015,11,Vermont,2,65
2015,11,Vermont,3,20
2015,11,Vermont,4,16
2015,11,Vermont,5,1
2015,11,Vermont,6,51
2015,11,Vermont,7,15
2015,11,Vermont,8,84
2015,11,Vermont,9,10
2015,12,New Jersey,1,63297
2015,12,New Jersey,2,9960
2015,12,New Jersey,3,185
2015,12,New Jersey,4,1670
2015,12,New Jersey,5,111
2015,12,New Jersey,6,6419
2015,12,New Jersey,7,3943
2015,12,New Jersey,8,1974
2015,12,New Jersey,9,256
2015,12,New York,1,137251
2015,12,New York,2,25564
2015,12,New York,3,732
2015,12,New York,4,6599
2015,12,New York,5,326
2015,12,New York,6,8903
2015,12,New York,7,11391
2015,12,New York,8,4520
2015,12,New York,9,456
2015,12,Pennsylvania,1,111649
2015,12,Pennsylvania,2,9215
2015,12,Pennsylvania,3,227
2015,12,Pennsylvania,4,954
2015,12,Pennsylvania,5,58
2015,12,Pennsylvania,6,2225
2015,12,Pennsylvania,7,1444
2015,12,Pennsylvania,8,2137
2015,12,Pennsylvania,9,236
2015,21,Illinois,1,99215
2015,21,Illinois,2,13781
2015,21,Illinois,3,295
2015,21,Illinois,4,1216
2015,21,Illinois,5,145
2015,21,Illinois,6,4244
2015,21,Illinois,7,5075
2015,21,Illinois,8,2456
2015,21,Illinois,9,215
2015,21,Indiana,1,57693
2015,21,Indiana,2,4836
2015,21,Indiana,3,134
2015,21,Indiana,4,309
2015,21,Indiana,5,39
2015,21,Indiana,6,751
2015,21,Indiana,7,948
2015,21,Indiana,8,1258
2015,21,Indiana,9,77
2015,21,Michigan,1,82498
2015,21,Michigan,2,9588
2015,21,Michigan,3,669
2015,21,Michigan,4,474
2015,21,Michigan,5,91
2015,21,Michigan,6,1582
2015,21,Michigan,7,839
2015,21,Michigan,8,2109
2015,21,Michigan,9,158
2015,21,Ohio,1,100525
2015,21,Ohio,2,11668
2015,21,Ohio,3,240
2015,21,Ohio,4,554
2015,21,Ohio,5,87
2015,21,Ohio,6,1430
2015,21,Ohio,7,782
2015,21,Ohio,8,2611
2015,21,Ohio,9,226
2015,21,Wisconsin,1,53440
2015,21,Wisconsin,2,2110
2015,21,Wisconsin,3,618
2015,21,Wisconsin,4,134
2015,21,Wisconsin,5,20
2015,21,Wisconsin,6,784
2015,21,Wisconsin,7,520
2015,21,Wisconsin,8,888
2015,21,Wisconsin,9,64
2015,22,Iowa,1,29990
2015,22,Iowa,2,679
2015,22,Iowa,3,130
2015,22,Iowa,4,70
2015,22,Iowa,5,8
2015,22,Iowa,6,317
2015,22,Iowa,7,229
2015,22,Iowa,8,449
2015,22,Iowa,9,28
2015,22,Kansas,1,25410
2015,22,Kansas,2,1143
2015,22,Kansas,3,299
2015,22,Kansas,4,102
2015,22,Kansas,5,24
2015,22,Kansas,6,521
2015,22,Kansas,7,462
2015,22,Kansas,8,762
2015,22,Kansas,9,51
2015,22,Minnesota,1,49561
2015,22,Minnesota,2,1524
2015,22,Minnesota,3,711
2015,22,Minnesota,4,185
2015,22,Minnesota,5,25
2015,22,Minnesota,6,1253
2015,22,Minnesota,7,390
2015,22,Minnesota,8,1056
2015,22,Minnesota,9,106
2015,22,Missouri,1,53173
2015,22,Missouri,2,5396
2015,22,Missouri,3,245
2015,22,Missouri,4,256
2015,22,Missouri,5,35
2015,22,Missouri,6,724
2015,22,Missouri,7,491
2015,22,Missouri,8,1149
2015,22,Missouri,9,117
2015,22,Nebraska,1,17466
2015,22,Nebraska,2,587
2015,22,Nebraska,3,242
2015,22,Nebraska,4,59
2015,22,Nebraska,5,10
2015,22,Nebraska,6,216
2015,22,Nebraska,7,201
2015,22,Nebraska,8,286
2015,22,Nebraska,9,22
2015,22,North Dakota,1,7087
2015,22,North Dakota,2,72
2015,22,North Dakota,3,457
2015,22,North Dakota,4,12
2015,22,North Dakota,5,1
2015,22,North Dakota,6,52
2015,22,North Dakota,7,29
2015,22,North Dakota,8,143
2015,22,North Dakota,9,16
2015,22,South Dakota,1,7502
2015,22,South Dakota,2,82
2015,22,South Dakota,3,848
2015,22,South Dakota,4,15
2015,22,South Dakota,5,4
2015,22,South Dakota,6,57
2015,22,South Dakota,7,46
2015,22,South Dakota,8,184
2015,22,South Dakota,9,4
2015,31,Delaware,1,6725
2015,31,Delaware,2,1534
2015,31,Delaware,3,46
2015,31,Delaware,4,61
2015,31,Delaware,5,5
2015,31,Delaware,6,282
2015,31,Delaware,7,117
2015,31,Delaware,8,223
2015,31,Delaware,9,24
2015,31,District of Columbia,1,3010
2015,31,District of Columbia,2,2909
2015,31,District of Columbia,3,8
2015,31,District of Columbia,4,72
2015,31,District of Columbia,5,8
2015,31,District of Columbia,6,185
2015,31,District of Columbia,7,220
2015,31,District of Columbia,8,170
2015,31,District of Columbia,9,28
2015,31,Florida,1,153626
2015,31,Florida,2,26651
2015,31,Florida,3,559
2015,31,Florida,4,887
2015,31,Florida,5,146
2015,31,Florida,6,4058
2015,31,Florida,7,3989
2015,31,Florida,8,4221
2015,31,Florida,9,411
2015,31,Georgia,1,63979
2015,31,Georgia,2,26020
2015,31,Georgia,3,227
2015,31,Georgia,4,575
2015,31,Georgia,5,90
2015,31,Georgia,6,2872
2015,31,Georgia,7,1907
2015,31,Georgia,8,1932
2015,31,Georgia,9,252
2015,31,Maryland,1,37211
2015,31,Maryland,2,15100
2015,31,Maryland,3,146
2015,31,Maryland,4,862
2015,31,Maryland,5,64
2015,31,Maryland,6,2566
2015,31,Maryland,7,1622
2015,31,Maryland,8,1547
2015,31,Maryland,9,214
2015,31,North Carolina,1,71511
2015,31,North Carolina,2,18505
2015,31,North Carolina,3,1366
2015,31,North Carolina,4,440
2015,31,North Carolina,5,52
2015,31,North Carolina,6,1974
2015,31,North Carolina,7,2097
2015,31,North Carolina,8,1985
2015,31,North Carolina,9,254
2015,31,South Carolina,1,34477
2015,31,South Carolina,2,11219
2015,31,South Carolina,3,214
2015,31,South Carolina,4,151
2015,31,South Carolina,5,17
2015,31,South Carolina,6,510
2015,31,South Carolina,7,549
2015,31,South Carolina,8,836
2015,31,South Carolina,9,50
2015,31,Virginia,1,60395
2015,31,Virginia,2,13597
2015,31,Virginia,3,280
2015,31,Virginia,4,821
2015,31,Virginia,5,121
2015,31,Virginia,6,4242
2015,31,Virginia,7,1337
2015,31,Virginia,8,2393
2015,31,Virginia,9,286
2015,31,West Virginia,1,16998
2015,31,West Virginia,2,567
2015,31,West Virginia,3,17
2015,31,West Virginia,4,45
2015,31,West Virginia,5,6
2015,31,West Virginia,6,109
2015,31,West Virginia,7,35
2015,31,West Virginia,8,259
2015,31,West Virginia,9,15
2015,32,Alabama,1,34361
2015,32,Alabama,2,11218
2015,32,Alabama,3,220
2015,32,Alabama,4,84
2015,32,Alabama,5,23
2015,32,Alabama,6,373
2015,32,Alabama,7,349
2015,32,Alabama,8,776
2015,32,Alabama,9,72
2015,32,Kentucky,1,40089
2015,32,Kentucky,2,2877
2015,32,Kentucky,3,111
2015,32,Kentucky,4,119
2015,32,Kentucky,5,36
2015,32,Kentucky,6,403
2015,32,Kentucky,7,281
2015,32,Kentucky,8,770
2015,32,Kentucky,9,63
2015,32,Mississippi,1,17843
2015,32,Mississippi,2,10717
2015,32,Mississippi,3,173
2015,32,Mississippi,4,70
2015,32,Mississippi,5,12
2015,32,Mississippi,6,215
2015,32,Mississippi,7,231
2015,32,Mississippi,8,305
2015,32,Mississippi,9,34
2015,32,Tennessee,1,53711
2015,32,Tennessee,2,8849
2015,32,Tennessee,3,174
2015,32,Tennessee,4,157
2015,32,Tennessee,5,61
2015,32,Tennessee,6,731
2015,32,Tennessee,7,619
2015,32,Tennessee,8,1162
2015,32,Tennessee,9,85
2015,33,Arkansas,1,24042
2015,33,Arkansas,2,3913
2015,33,Arkansas,3,207
2015,33,Arkansas,4,55
2015,33,Arkansas,5,18
2015,33,Arkansas,6,300
2015,33,Arkansas,7,493
2015,33,Arkansas,8,556
2015,33,Arkansas,9,21
2015,33,Louisiana,1,29066
2015,33,Louisiana,2,12616
2015,33,Louisiana,3,272
2015,33,Louisiana,4,110
2015,33,Louisiana,5,12
2015,33,Louisiana,6,604
2015,33,Louisiana,7,406
2015,33,Louisiana,8,728
2015,33,Louisiana,9,78
2015,33,Oklahoma,1,26720
2015,33,Oklahoma,2,2168
2015,33,Oklahoma,3,3532
2015,33,Oklahoma,4,86
2015,33,Oklahoma,5,21
2015,33,Oklahoma,6,522
2015,33,Oklahoma,7,842
2015,33,Oklahoma,8,3190
2015,33,Oklahoma,9,170
2015,33,Texas,1,201279
2015,33,Texas,2,25904
2015,33,Texas,3,1421
2015,33,Texas,4,2124
2015,33,Texas,5,232
2015,33,Texas,6,8949
2015,33,Texas,7,12709
2015,33,Texas,8,6090
2015,33,Texas,9,516
2015,41,Arizona,1,51510
2015,41,Arizona,2,2376
2015,41,Arizona,3,4906
2015,41,Arizona,4,430
2015,41,Arizona,5,111
2015,41,Arizona,6,1569
2015,41,Arizona,7,3978
2015,41,Arizona,8,1940
2015,41,Arizona,9,194
2015,41,Colorado,1,46575
2015,41,Colorado,2,1622
2015,41,Colorado,3,467
2015,41,Colorado,4,363
2015,41,Colorado,5,109
2015,41,Colorado,6,1183
2015,41,Colorado,7,1593
2015,41,Colorado,8,1478
2015,41,Colorado,9,180
2015,41,Idaho,1,14542
2015,41,Idaho,2,60
2015,41,Idaho,3,315
2015,41,Idaho,4,50
2015,41,Idaho,5,24
2015,41,Idaho,6,79
2015,41,Idaho,7,279
2015,41,Idaho,8,347
2015,41,Idaho,9,29
2015,41,Montana,1,8712
2015,41,Montana,2,46
2015,41,Montana,3,753
2015,41,Montana,4,11
2015,41,Montana,5,6
2015,41,Montana,6,28
2015,41,Montana,7,47
2015,41,Montana,8,221
2015,41,Montana,9,17
2015,41,Nevada,1,18916
2015,41,Nevada,2,1945
2015,41,Nevada,3,531
2015,41,Nevada,4,334
2015,41,Nevada,5,128
2015,41,Nevada,6,1797
2015,41,Nevada,7,1963
2015,41,Nevada,8,1138
2015,41,Nevada,9,236
2015,41,New Mexico,1,12928
2015,41,New Mexico,2,262
2015,41,New Mexico,3,3494
2015,41,New Mexico,4,53
2015,41,New Mexico,5,15
2015,41,New Mexico,6,182
2015,41,New Mexico,7,1530
2015,41,New Mexico,8,550
2015,41,New Mexico,9,58
2015,41,Utah,1,26337
2015,41,Utah,2,253
2015,41,Utah,3,442
2015,41,Utah,4,117
2015,41,Utah,5,77
2015,41,Utah,6,532
2015,41,Utah,7,848
2015,41,Utah,8,604
2015,41,Utah,9,80
2015,41,Wyoming,1,5285
2015,41,Wyoming,2,45
2015,41,Wyoming,3,241
2015,41,Wyoming,4,5
2015,41,Wyoming,5,4
2015,41,Wyoming,6,44
2015,41,Wyoming,7,49
2015,41,Wyoming,8,127
2015,41,Wyoming,9,19
2015,42,Alaska,1,3482
2015,42,Alaska,2,141
2015,42,Alaska,3,2090
2015,42,Alaska,4,17
2015,42,Alaska,5,10
2015,42,Alaska,6,349
2015,42,Alaska,7,59
2015,42,Alaska,8,427
2015,42,Alaska,9,44
2015,42,California,1,234223
2015,42,California,2,19370
2015,42,California,3,3534
2015,42,California,4,15531
2015,42,California,5,2942
2015,42,California,6,37892
2015,42,California,7,43810
2015,42,California,8,15197
2015,42,California,9,2444
2015,42,Hawaii,1,3613
2015,42,Hawaii,2,224
2015,42,Hawaii,3,41
2015,42,Hawaii,4,567
2015,42,Hawaii,5,1812
2015,42,Hawaii,6,4198
2015,42,Hawaii,7,103
2015,42,Hawaii,8,1791
2015,42,Hawaii,9,1775
2015,42,Oregon,1,34600
2015,42,Oregon,2,588
2015,42,Oregon,3,659
2015,42,Oregon,4,365
2015,42,Oregon,5,173
2015,42,Oregon,6,1063
2015,42,Oregon,7,906
2015,42,Oregon,8,1464
2015,42,Oregon,9,174
2015,42,Washington,1,56799
2015,42,Washington,2,2015
2015,42,Washington,3,1598
2015,42,Washington,4,1170
2015,42,Washington,5,351
2015,42,Washington,6,4028
2015,42,Washington,7,2145
2015,42,Washington,8,3177
2015,42,Washington,9,521
2017,11,Connecticut,1,28960
2017,11,Connecticut,2,3025
2017,11,Connecticut,3,102
2017,11,Connecticut,4,463
2017,11,Connecticut,5,41
2017,11,Connecticut,6,1018
2017,11,Connecticut,7,1321
2017,11,Connecticut,8,937
2017,11,Connecticut,9,111
2017,11,Maine,1,11847
2017,11,Maine,2,129
2017,11,Maine,3,158
2017,11,Maine,4,42
2017,11,Maine,5,6
2017,11,Maine,6,85
2017,11,Maine,7,31
2017,11,Maine,8,265
2017,11,Maine,9,20
2017,11,Massachusetts,1,57026
2017,11,Massachusetts,2,4207
2017,11,Massachusetts,3,121
2017,11,Massachusetts,4,1683
2017,11,Massachusetts,5,145
2017,11,Massachusetts,6,2492
2017,11,Massachusetts,7,1982
2017,11,Massachusetts,8,1806
2017,11,Massachusetts,9,173
2017,11,New Hampshire,1,12919
2017,11,New Hampshire,2,146
2017,11,New Hampshire,3,24
2017,11,New Hampshire,4,63
2017,11,New Hampshire,5,8
2017,11,New Hampshire,6,278
2017,11,New Hampshire,7,35
2017,11,New Hampshire,8,214
2017,11,New Hampshire,9,21
2017,11,Rhode Island,1,8932
2017,11,Rhode Island,2,493
2017,11,Rhode Island,3,50
2017,11,Rhode Island,4,105
2017,11,Rhode Island,5,5
2017,11,Rhode Island,6,246
2017,11,Rhode Island,7,385
2017,11,Rhode Island,8,281
2017,11,Rhode Island,9,19
2017,11,Vermont,1,6076
2017,11,Vermont,2,54
2017,11,Vermont,3,20
2017,11,Vermont,4,21
2017,11,Vermont,5,4
2017,11,Vermont,6,41
2017,11,Vermont,7,18
2017,11,Vermont,8,101
2017,11,Vermont,9,5
2017,12,New Jersey,1,63756
2017,12,New Jersey,2,9179
2017,12,New Jersey,3,210
2017,12,New Jersey,4,1832
2017,12,New Jersey,5,148
2017,12,New Jersey,6,6930
2017,12,New Jersey,7,3843
2017,12,New Jersey,8,2014
2017,12,New Jersey,9,202
2017,12,New York,1,137551
2017,12,New York,2,24582
2017,12,New York,3,743
2017,12,New York,4,7329
2017,12,New York,5,345
2017,12,New York,6,9343
2017,12,New York,7,11209
2017,12,New York,8,4872
2017,12,New York,9,611
2017,12,Pennsylvania,1,111130
2017,12,Pennsylvania,2,8754
2017,12,Pennsylvania,3,195
2017,12,Pennsylvania,4,917
2017,12,Pennsylvania,5,62
2017,12,Pennsylvania,6,2490
2017,12,Pennsylvania,7,1357
2017,12,Pennsylvania,8,2286
2017,12,Pennsylvania,9,242
2017,21,Illinois,1,98657
2017,21,Illinois,2,13279
2017,21,Illinois,3,262
2017,21,Illinois,4,1214
2017,21,Illinois,5,146
2017,21,Illinois,6,4676
2017,21,Illinois,7,5238
2017,21,Illinois,8,2748
2017,21,Illinois,9,262
2017,21,Indiana,1,58605
2017,21,Indiana,2,4642
2017,21,Indiana,3,168
2017,21,Indiana,4,288
2017,21,Indiana,5,48
2017,21,Indiana,6,842
2017,21,Indiana,7,843
2017,21,Indiana,8,1454
2017,21,Indiana,9,114
2017,21,Michigan,1,83896
2017,21,Michigan,2,9119
2017,21,Michigan,3,639
2017,21,Michigan,4,483
2017,21,Michigan,5,118
2017,21,Michigan,6,1963
2017,21,Michigan,7,829
2017,21,Michigan,8,2221
2017,21,Michigan,9,191
2017,21,Ohio,1,101565
2017,21,Ohio,2,11019
2017,21,Ohio,3,205
2017,21,Ohio,4,510
2017,21,Ohio,5,96
2017,21,Ohio,6,1707
2017,21,Ohio,7,940
2017,21,Ohio,8,2580
2017,21,Ohio,9,220
2017,21,Wisconsin,1,53758
2017,21,Wisconsin,2,2038
2017,21,Wisconsin,3,586
2017,21,Wisconsin,4,159
2017,21,Wisconsin,5,14
2017,21,Wisconsin,6,810
2017,21,Wisconsin,7,603
2017,21,Wisconsin,8,1023
2017,21,Wisconsin,9,68
2017,22,Iowa,1,30281
2017,22,Iowa,2,691
2017,22,Iowa,3,150
2017,22,Iowa,4,65
2017,22,Iowa,5,22
2017,22,Iowa,6,427
2017,22,Iowa,7,289
2017,22,Iowa,8,494
2017,22,Iowa,9,37
2017,22,Kansas,1,25851
2017,22,Kansas,2,1199
2017,22,Kansas,3,290
2017,22,Kansas,4,113
2017,22,Kansas,5,14
2017,22,Kansas,6,506
2017,22,Kansas,7,518
2017,22,Kansas,8,812
2017,22,Kansas,9,71
2017,22,Minnesota,1,49105
2017,22,Minnesota,2,1791
2017,22,Minnesota,3,823
2017,22,Minnesota,4,200
2017,22,Minnesota,5,37
2017,22,Minnesota,6,1356
2017,22,Minnesota,7,574
2017,22,Minnesota,8,1170
2017,22,Minnesota,9,105
2017,22,Missouri,1,53793
2017,22,Missouri,2,4939
2017,22,Missouri,3,285
2017,22,Missouri,4,284
2017,22,Missouri,5,52
2017,22,Missouri,6,783
2017,22,Missouri,7,563
2017,22,Missouri,8,1258
2017,22,Missouri,9,116
2017,22,Nebraska,1,17601
2017,22,Nebraska,2,570
2017,22,Nebraska,3,296
2017,22,Nebraska,4,66
2017,22,Nebraska,5,15
2017,22,Nebraska,6,291
2017,22,Nebraska,7,269
2017,22,Nebraska,8,393
2017,22,Nebraska,9,44
2017,22,North Dakota,1,7093
2017,22,North Dakota,2,111
2017,22,North Dakota,3,440
2017,22,North Dakota,4,6
2017,22,North Dakota,5,5
2017,22,North Dakota,6,43
2017,22,North Dakota,7,49
2017,22,North Dakota,8,138
2017,22,North Dakota,9,7
2017,22,South Dakota,1,7529
2017,22,South Dakota,2,94
2017,22,South Dakota,3,979
2017,22,South Dakota,4,11
2017,22,South Dakota,5,2
2017,22,South Dakota,6,62
2017,22,South Dakota,7,45
2017,22,South Dakota,8,149
2017,22,South Dakota,9,10
2017,31,Delaware,1,6720
2017,31,Delaware,2,1481
2017,31,Delaware,3,30
2017,31,Delaware,4,82
2017,31,Delaware,5,5
2017,31,Delaware,6,282
2017,31,Delaware,7,131
2017,31,Delaware,8,190
2017,31,Delaware,9,22
2017,31,District of Columbia,1,3190
2017,31,District of Columbia,2,2641
2017,31,District of Columbia,3,20
2017,31,District of Columbia,4,80
2017,31,District of Columbia,5,6
2017,31,District of Columbia,6,209
2017,31,District of Columbia,7,228
2017,31,District of Columbia,8,172
2017,31,District of Columbia,9,19
2017,31,Florida,1,157904
2017,31,Florida,2,25883
2017,31,Florida,3,611
2017,31,Florida,4,1064
2017,31,Florida,5,191
2017,31,Florida,6,4549
2017,31,Florida,7,4476
2017,31,Florida,8,4499
2017,31,Florida,9,467
2017,31,Georgia,1,65544
2017,31,Georgia,2,25766
2017,31,Georgia,3,361
2017,31,Georgia,4,574
2017,31,Georgia,5,96
2017,31,Georgia,6,3067
2017,31,Georgia,7,1874
2017,31,Georgia,8,2270
2017,31,Georgia,9,247
2017,31,Maryland,1,37039
2017,31,Maryland,2,14385
2017,31,Maryland,3,168
2017,31,Maryland,4,940
2017,31,Maryland,5,76
2017,31,Maryland,6,2874
2017,31,Maryland,7,2046
2017,31,Maryland,8,1647
2017,31,Maryland,9,288
2017,31,North Carolina,1,74034
2017,31,North Carolina,2,18139
2017,31,North Carolina,3,1420
2017,31,North Carolina,4,545
2017,31,North Carolina,5,64
2017,31,North Carolina,6,2188
2017,31,North Carolina,7,2178
2017,31,North Carolina,8,2385
2017,31,North Carolina,9,280
2017,31,South Carolina,1,35847
2017,31,South Carolina,2,10996
2017,31,South Carolina,3,191
2017,31,South Carolina,4,159
2017,31,South Carolina,5,21
2017,31,South Carolina,6,575
2017,31,South Carolina,7,623
2017,31,South Carolina,8,929
2017,31,South Carolina,9,97
2017,31,Virginia,1,61429
2017,31,Virginia,2,12794
2017,31,Virginia,3,297
2017,31,Virginia,4,847
2017,31,Virginia,5,149
2017,31,Virginia,6,4352
2017,31,Virginia,7,1533
2017,31,Virginia,8,2637
2017,31,Virginia,9,384
2017,31,West Virginia,1,16651
2017,31,West Virginia,2,606
2017,31,West Virginia,3,29
2017,31,West Virginia,4,32
2017,31,West Virginia,5,9
2017,31,West Virginia,6,102
2017,31,West Virginia,7,70
2017,31,West Virginia,8,238
2017,31,West Virginia,9,21
2017,32,Alabama,1,34827
2017,32,Alabama,2,10641
2017,32,Alabama,3,256
2017,32,Alabama,4,104
2017,32,Alabama,5,50
2017,32,Alabama,6,475
2017,32,Alabama,7,468
2017,32,Alabama,8,768
2017,32,Alabama,9,56
2017,32,Kentucky,1,40580
2017,32,Kentucky,2,2739
2017,32,Kentucky,3,71
2017,32,Kentucky,4,127
2017,32,Kentucky,5,32
2017,32,Kentucky,6,489
2017,32,Kentucky,7,299
2017,32,Kentucky,8,809
2017,32,Kentucky,9,63
2017,32,Mississippi,1,17750
2017,32,Mississippi,2,10237
2017,32,Mississippi,3,162
2017,32,Mississippi,4,52
2017,32,Mississippi,5,13
2017,32,Mississippi,6,222
2017,32,Mississippi,7,273
2017,32,Mississippi,8,362
2017,32,Mississippi,9,25
2017,32,Tennessee,1,54795
2017,32,Tennessee,2,8574
2017,32,Tennessee,3,144
2017,32,Tennessee,4,267
2017,32,Tennessee,5,59
2017,32,Tennessee,6,805
2017,32,Tennessee,7,674
2017,32,Tennessee,8,1179
2017,32,Tennessee,9,78
2017,33,Arkansas,1,24047
2017,33,Arkansas,2,3786
2017,33,Arkansas,3,180
2017,33,Arkansas,4,88
2017,33,Arkansas,5,12
2017,33,Arkansas,6,412
2017,33,Arkansas,7,646
2017,33,Arkansas,8,808
2017,33,Arkansas,9,42
2017,33,Louisiana,1,29321
2017,33,Louisiana,2,12173
2017,33,Louisiana,3,281
2017,33,Louisiana,4,126
2017,33,Louisiana,5,13
2017,33,Louisiana,6,707
2017,33,Louisiana,7,561
2017,33,Louisiana,8,734
2017,33,Louisiana,9,108
2017,33,Oklahoma,1,26691
2017,33,Oklahoma,2,2066
2017,33,Oklahoma,3,3721
2017,33,Oklahoma,4,104
2017,33,Oklahoma,5,21
2017,33,Oklahoma,6,536
2017,33,Oklahoma,7,818
2017,33,Oklahoma,8,2986
2017,33,Oklahoma,9,162
2017,33,Texas,1,205023
2017,33,Texas,2,25822
2017,33,Texas,3,1477
2017,33,Texas,4,2127
2017,33,Texas,5,264
2017,33,Texas,6,10468
2017,33,Texas,7,13276
2017,33,Texas,8,6777
2017,33,Texas,9,608
2017,41,Arizona,1,52463
2017,41,Arizona,2,2417
2017,41,Arizona,3,5264
2017,41,Arizona,4,446
2017,41,Arizona,5,113
2017,41,Arizona,6,1916
2017,41,Arizona,7,3642
2017,41,Arizona,8,2347
2017,41,Arizona,9,255
2017,41,Colorado,1,48138
2017,41,Colorado,2,1666
2017,41,Colorado,3,567
2017,41,Colorado,4,342
2017,41,Colorado,5,102
2017,41,Colorado,6,1336
2017,41,Colorado,7,1640
2017,41,Colorado,8,1624
2017,41,Colorado,9,185
2017,41,Idaho,1,15175
2017,41,Idaho,2,63
2017,41,Idaho,3,308
2017,41,Idaho,4,49
2017,41,Idaho,5,22
2017,41,Idaho,6,144
2017,41,Idaho,7,371
2017,41,Idaho,8,360
2017,41,Idaho,9,44
2017,41,Montana,1,8895
2017,41,Montana,2,46
2017,41,Montana,3,866
2017,41,Montana,4,10
2017,41,Montana,5,11
2017,41,Montana,6,46
2017,41,Montana,7,61
2017,41,Montana,8,266
2017,41,Montana,9,20
2017,41,Nevada,1,19196
2017,41,Nevada,2,2158
2017,41,Nevada,3,605
2017,41,Nevada,4,365
2017,41,Nevada,5,142
2017,41,Nevada,6,2104
2017,41,Nevada,7,2484
2017,41,Nevada,8,1125
2017,41,Nevada,9,234
2017,41,New Mexico,1,13116
2017,41,New Mexico,2,290
2017,41,New Mexico,3,3478
2017,41,New Mexico,4,51
2017,41,New Mexico,5,15
2017,41,New Mexico,6,200
2017,41,New Mexico,7,1325
2017,41,New Mexico,8,507
2017,41,New Mexico,9,39
2017,41,Utah,1,27589
2017,41,Utah,2,274
2017,41,Utah,3,444
2017,41,Utah,4,181
2017,41,Utah,5,52
2017,41,Utah,6,566
2017,41,Utah,7,1028
2017,41,Utah,8,635
2017,41,Utah,9,135
2017,41,Wyoming,1,5288
2017,41,Wyoming,2,39
2017,41,Wyoming,3,306
2017,41,Wyoming,4,16
2017,41,Wyoming,5,3
2017,41,Wyoming,6,38
2017,41,Wyoming,7,74
2017,41,Wyoming,8,123
2017,41,Wyoming,9,25
2017,42,Alaska,1,3422
2017,42,Alaska,2,99
2017,42,Alaska,3,2277
2017,42,Alaska,4,11
2017,42,Alaska,5,11
2017,42,Alaska,6,304
2017,42,Alaska,7,66
2017,42,Alaska,8,504
2017,42,Alaska,9,52
2017,42,California,1,230185
2017,42,California,2,18682
2017,42,California,3,3812
2017,42,California,4,16734
2017,42,California,5,2992
2017,42,California,6,39589
2017,42,California,7,46652
2017,42,California,8,16195
2017,42,California,9,2734
2017,42,Hawaii,1,3677
2017,42,Hawaii,2,177
2017,42,Hawaii,3,32
2017,42,Hawaii,4,554
2017,42,Hawaii,5,1866
2017,42,Hawaii,6,4239
2017,42,Hawaii,7,178
2017,42,Hawaii,8,1828
2017,42,Hawaii,9,1882
2017,42,Oregon,1,35611
2017,42,Oregon,2,608
2017,42,Oregon,3,572
2017,42,Oregon,4,407
2017,42,Oregon,5,141
2017,42,Oregon,6,1159
2017,42,Oregon,7,829
2017,42,Oregon,8,1681
2017,42,Oregon,9,211
2017,42,Washington,1,58446
2017,42,Washington,2,1999
2017,42,Washington,3,1569
2017,42,Washington,4,1391
2017,42,Washington,5,312
2017,42,Washington,6,4484
2017,42,Washington,7,2351
2017,42,Washington,8,3583
2017,42,Washington,9,560
2018,11,Connecticut,1,29018
2018,11,Connecticut,2,3118
2018,11,Connecticut,3,103
2018,11,Connecticut,4,389
2018,11,Connecticut,5,43
2018,11,Connecticut,6,1181
2018,11,Connecticut,7,1375
2018,11,Connecticut,8,955
2018,11,Connecticut,9,105
2018,11,Maine,1,12588
2018,11,Maine,2,130
2018,11,Maine,3,99
2018,11,Maine,4,34
2018,11,Maine,5,8
2018,11,Maine,6,95
2018,11,Maine,7,24
2018,11,Maine,8,274
2018,11,Maine,9,23
2018,11,Massachusetts,1,56960
2018,11,Massachusetts,2,4189
2018,11,Massachusetts,3,123
2018,11,Massachusetts,4,1889
2018,11,Massachusetts,5,116
2018,11,Massachusetts,6,2702
2018,11,Massachusetts,7,2157
2018,11,Massachusetts,8,1796
2018,11,Massachusetts,9,199
2018,11,New Hampshire,1,12908
2018,11,New Hampshire,2,179
2018,11,New Hampshire,3,29
2018,11,New Hampshire,4,68
2018,11,New Hampshire,5,11
2018,11,New Hampshire,6,241
2018,11,New Hampshire,7,83
2018,11,New Hampshire,8,242
2018,11,New Hampshire,9,19
2018,11,Rhode Island,1,8912
2018,11,Rhode Island,2,546
2018,11,Rhode Island,3,36
2018,11,Rhode Island,4,96
2018,11,Rhode Island,5,9
2018,11,Rhode Island,6,247
2018,11,Rhode Island,7,345
2018,11,Rhode Island,8,272
2018,11,Rhode Island,9,26
2018,11,Vermont,1,6174
2018,11,Vermont,2,45
2018,11,Vermont,3,16
2018,11,Vermont,4,18
2018,11,Vermont,5,1
2018,11,Vermont,6,53
2018,11,Vermont,7,25
2018,11,Vermont,8,98
2018,11,Vermont,9,6
2018,12,New Jersey,1,63787
2018,12,New Jersey,2,9245
2018,12,New Jersey,3,220
2018,12,New Jersey,4,1770
2018,12,New Jersey,5,134
2018,12,New Jersey,6,7129
2018,12,New Jersey,7,4058
2018,12,New Jersey,8,2027
2018,12,New Jersey,9,216
2018,12,New York,1,138474
2018,12,New York,2,24024
2018,12,New York,3,757
2018,12,New York,4,7268
2018,12,New York,5,344
2018,12,New York,6,9432
2018,12,New York,7,10964
2018,12,New York,8,5138
2018,12,New York,9,566
2018,12,Pennsylvania,1,112787
2018,12,Pennsylvania,2,8419
2018,12,Pennsylvania,3,198
2018,12,Pennsylvania,4,952
2018,12,Pennsylvania,5,53
2018,12,Pennsylvania,6,2432
2018,12,Pennsylvania,7,1627
2018,12,Pennsylvania,8,2331
2018,12,Pennsylvania,9,267
2018,21,Illinois,1,100265
2018,21,Illinois,2,12563
2018,21,Illinois,3,290
2018,21,Illinois,4,1181
2018,21,Illinois,5,147
2018,21,Illinois,6,4725
2018,21,Illinois,7,4324
2018,21,Illinois,8,2676
2018,21,Illinois,9,285
2018,21,Indiana,1,59116
2018,21,Indiana,2,4554
2018,21,Indiana,3,145
2018,21,Indiana,4,325
2018,21,Indiana,5,53
2018,21,Indiana,6,827
2018,21,Indiana,7,1130
2018,21,Indiana,8,1407
2018,21,Indiana,9,123
2018,21,Michigan,1,84230
2018,21,Michigan,2,8694
2018,21,Michigan,3,709
2018,21,Michigan,4,516
2018,21,Michigan,5,125
2018,21,Michigan,6,1911
2018,21,Michigan,7,832
2018,21,Michigan,8,2220
2018,21,Michigan,9,182
2018,21,Ohio,1,101887
2018,21,Ohio,2,10896
2018,21,Ohio,3,230
2018,21,Ohio,4,555
2018,21,Ohio,5,89
2018,21,Ohio,6,1654
2018,21,Ohio,7,814
2018,21,Ohio,8,2724
2018,21,Ohio,9,237
2018,21,Wisconsin,1,54538
2018,21,Wisconsin,2,2018
2018,21,Wisconsin,3,530
2018,21,Wisconsin,4,182
2018,21,Wisconsin,5,29
2018,21,Wisconsin,6,787
2018,21,Wisconsin,7,668
2018,21,Wisconsin,8,1003
2018,21,Wisconsin,9,78
2018,22,Iowa,1,30394
2018,22,Iowa,2,625
2018,22,Iowa,3,139
2018,22,Iowa,4,63
2018,22,Iowa,5,6
2018,22,Iowa,6,419
2018,22,Iowa,7,229
2018,22,Iowa,8,437
2018,22,Iowa,9,50
2018,22,Kansas,1,25925
2018,22,Kansas,2,1168
2018,22,Kansas,3,290
2018,22,Kansas,4,90
2018,22,Kansas,5,11
2018,22,Kansas,6,555
2018,22,Kansas,7,523
2018,22,Kansas,8,928
2018,22,Kansas,9,77
2018,22,Minnesota,1,50016
2018,22,Minnesota,2,1760
2018,22,Minnesota,3,737
2018,22,Minnesota,4,206
2018,22,Minnesota,5,32
2018,22,Minnesota,6,1354
2018,22,Minnesota,7,479
2018,22,Minnesota,8,1121
2018,22,Minnesota,9,78
2018,22,Missouri,1,54620
2018,22,Missouri,2,4769
2018,22,Missouri,3,226
2018,22,Missouri,4,260
2018,22,Missouri,5,15
2018,22,Missouri,6,760
2018,22,Missouri,7,406
2018,22,Missouri,8,1252
2018,22,Missouri,9,108
2018,22,Nebraska,1,17543
2018,22,Nebraska,2,503
2018,22,Nebraska,3,252
2018,22,Nebraska,4,57
2018,22,Nebraska,5,10
2018,22,Nebraska,6,304
2018,22,Nebraska,7,314
2018,22,Nebraska,8,424
2018,22,Nebraska,9,44
2018,22,North Dakota,1,7064
2018,22,North Dakota,2,98
2018,22,North Dakota,3,439
2018,22,North Dakota,4,12
2018,22,North Dakota,5,4
2018,22,North Dakota,6,77
2018,22,North Dakota,7,38
2018,22,North Dakota,8,133
2018,22,North Dakota,9,11
2018,22,South Dakota,1,7664
2018,22,South Dakota,2,91
2018,22,South Dakota,3,939
2018,22,South Dakota,4,7
2018,22,South Dakota,5,1
2018,22,South Dakota,6,59
2018,22,South Dakota,7,58
2018,22,South Dakota,8,156
2018,22,South Dakota,9,11
2018,31,Delaware,1,6902
2018,31,Delaware,2,1484
2018,31,Delaware,3,42
2018,31,Delaware,4,81
2018,31,Delaware,5,3
2018,31,Delaware,6,255
2018,31,Delaware,7,148
2018,31,Delaware,8,192
2018,31,Delaware,9,16
2018,31,District of Columbia,1,3337
2018,31,District of Columbia,2,2507
2018,31,District of Columbia,3,18
2018,31,District of Columbia,4,85
2018,31,District of Columbia,5,13
2018,31,District of Columbia,6,189
2018,31,District of Columbia,7,151
2018,31,District of Columbia,8,218
2018,31,District of Columbia,9,31
2018,31,Florida,1,161032
2018,31,Florida,2,24618
2018,31,Florida,3,567
2018,31,Florida,4,999
2018,31,Florida,5,164
2018,31,Florida,6,4475
2018,31,Florida,7,5110
2018,31,Florida,8,4636
2018,31,Florida,9,559
2018,31,Georgia,1,66575
2018,31,Georgia,2,25307
2018,31,Georgia,3,287
2018,31,Georgia,4,661
2018,31,Georgia,5,83
2018,31,Georgia,6,3391
2018,31,Georgia,7,2025
2018,31,Georgia,8,2288
2018,31,Georgia,9,238
2018,31,Maryland,1,37314
2018,31,Maryland,2,14619
2018,31,Maryland,3,121
2018,31,Maryland,4,920
2018,31,Maryland,5,61
2018,31,Maryland,6,2816
2018,31,Maryland,7,1966
2018,31,Maryland,8,1755
2018,31,Maryland,9,268
2018,31,North Carolina,1,75237
2018,31,North Carolina,2,17723
2018,31,North Carolina,3,1539
2018,31,North Carolina,4,557
2018,31,North Carolina,5,89
2018,31,North Carolina,6,2316
2018,31,North Carolina,7,2416
2018,31,North Carolina,8,2384
2018,31,North Carolina,9,262
2018,31,South Carolina,1,36269
2018,31,South Carolina,2,10722
2018,31,South Carolina,3,217
2018,31,South Carolina,4,142
2018,31,South Carolina,5,36
2018,31,South Carolina,6,626
2018,31,South Carolina,7,690
2018,31,South Carolina,8,1027
2018,31,South Carolina,9,89
2018,31,Virginia,1,61919
2018,31,Virginia,2,12679
2018,31,Virginia,3,263
2018,31,Virginia,4,794
2018,31,Virginia,5,104
2018,31,Virginia,6,4520
2018,31,Virginia,7,1434
2018,31,Virginia,8,2715
2018,31,Virginia,9,327
2018,31,West Virginia,1,17011
2018,31,West Virginia,2,588
2018,31,West Virginia,3,26
2018,31,West Virginia,4,25
2018,31,West Virginia,5,4
2018,31,West Virginia,6,74
2018,31,West Virginia,7,54
2018,31,West Virginia,8,263
2018,31,West Virginia,9,21
2018,32,Alabama,1,35551
2018,32,Alabama,2,10115
2018,32,Alabama,3,216
2018,32,Alabama,4,79
2018,32,Alabama,5,25
2018,32,Alabama,6,461
2018,32,Alabama,7,491
2018,32,Alabama,8,763
2018,32,Alabama,9,76
2018,32,Kentucky,1,40829
2018,32,Kentucky,2,2673
2018,32,Kentucky,3,77
2018,32,Kentucky,4,139
2018,32,Kentucky,5,32
2018,32,Kentucky,6,453
2018,32,Kentucky,7,362
2018,32,Kentucky,8,845
2018,32,Kentucky,9,65
2018,32,Mississippi,1,18365
2018,32,Mississippi,2,9665
2018,32,Mississippi,3,150
2018,32,Mississippi,4,59
2018,32,Mississippi,5,6
2018,32,Mississippi,6,247
2018,32,Mississippi,7,251
2018,32,Mississippi,8,350
2018,32,Mississippi,9,31
2018,32,Tennessee,1,56129
2018,32,Tennessee,2,8406
2018,32,Tennessee,3,139
2018,32,Tennessee,4,199
2018,32,Tennessee,5,61
2018,32,Tennessee,6,884
2018,32,Tennessee,7,779
2018,32,Tennessee,8,1237
2018,32,Tennessee,9,116
2018,33,Arkansas,1,24946
2018,33,Arkansas,2,3565
2018,33,Arkansas,3,206
2018,33,Arkansas,4,33
2018,33,Arkansas,5,9
2018,33,Arkansas,6,370
2018,33,Arkansas,7,562
2018,33,Arkansas,8,768
2018,33,Arkansas,9,44
2018,33,Louisiana,1,29442
2018,33,Louisiana,2,11583
2018,33,Louisiana,3,273
2018,33,Louisiana,4,118
2018,33,Louisiana,5,13
2018,33,Louisiana,6,643
2018,33,Louisiana,7,512
2018,33,Louisiana,8,916
2018,33,Louisiana,9,89
2018,33,Oklahoma,1,27090
2018,33,Oklahoma,2,2104
2018,33,Oklahoma,3,3822
2018,33,Oklahoma,4,59
2018,33,Oklahoma,5,16
2018,33,Oklahoma,6,542
2018,33,Oklahoma,7,793
2018,33,Oklahoma,8,3030
2018,33,Oklahoma,9,192
2018,33,Texas,1,207708
2018,33,Texas,2,25686
2018,33,Texas,3,1569
2018,33,Texas,4,2176
2018,33,Texas,5,240
2018,33,Texas,6,10311
2018,33,Texas,7,13138
2018,33,Texas,8,6633
2018,33,Texas,9,639
2018,41,Arizona,1,54192
2018,41,Arizona,2,2753
2018,41,Arizona,3,4797
2018,41,Arizona,4,469
2018,41,Arizona,5,121
2018,41,Arizona,6,1737
2018,41,Arizona,7,3356
2018,41,Arizona,8,2303
2018,41,Arizona,9,262
2018,41,Colorado,1,48664
2018,41,Colorado,2,1568
2018,41,Colorado,3,517
2018,41,Colorado,4,341
2018,41,Colorado,5,129
2018,41,Colorado,6,1267
2018,41,Colorado,7,1394
2018,41,Colorado,8,1799
2018,41,Colorado,9,249
2018,41,Idaho,1,15357
2018,41,Idaho,2,78
2018,41,Idaho,3,315
2018,41,Idaho,4,37
2018,41,Idaho,5,31
2018,41,Idaho,6,134
2018,41,Idaho,7,372
2018,41,Idaho,8,338
2018,41,Idaho,9,49
2018,41,Montana,1,9174
2018,41,Montana,2,25
2018,41,Montana,3,765
2018,41,Montana,4,16
2018,41,Montana,5,7
2018,41,Montana,6,33
2018,41,Montana,7,50
2018,41,Montana,8,255
2018,41,Montana,9,11
2018,41,Nevada,1,19542
2018,41,Nevada,2,2154
2018,41,Nevada,3,684
2018,41,Nevada,4,400
2018,41,Nevada,5,127
2018,41,Nevada,6,2018
2018,41,Nevada,7,2539
2018,41,Nevada,8,1203
2018,41,Nevada,9,260
2018,41,New Mexico,1,13513
2018,41,New Mexico,2,342
2018,41,New Mexico,3,3336
2018,41,New Mexico,4,56
2018,41,New Mexico,5,16
2018,41,New Mexico,6,237
2018,41,New Mexico,7,1171
2018,41,New Mexico,8,533
2018,41,New Mexico,9,43
2018,41,Utah,1,28200
2018,41,Utah,2,269
2018,41,Utah,3,409
2018,41,Utah,4,124
2018,41,Utah,5,59
2018,41,Utah,6,670
2018,41,Utah,7,942
2018,41,Utah,8,828
2018,41,Utah,9,102
2018,41,Wyoming,1,5141
2018,41,Wyoming,2,24
2018,41,Wyoming,3,329
2018,41,Wyoming,4,11
2018,41,Wyoming,5,10
2018,41,Wyoming,6,20
2018,41,Wyoming,7,79
2018,41,Wyoming,8,118
2018,41,Wyoming,9,8
2018,42,Alaska,1,3681
2018,42,Alaska,2,113
2018,42,Alaska,3,1990
2018,42,Alaska,4,17
2018,42,Alaska,5,5
2018,42,Alaska,6,323
2018,42,Alaska,7,65
2018,42,Alaska,8,447
2018,42,Alaska,9,70
2018,42,California,1,232609
2018,42,California,2,18238
2018,42,California,3,3722
2018,42,California,4,17105
2018,42,California,5,3111
2018,42,California,6,40249
2018,42,California,7,44243
2018,42,California,8,16763
2018,42,California,9,2777
2018,42,Hawaii,1,3495
2018,42,Hawaii,2,238
2018,42,Hawaii,3,30
2018,42,Hawaii,4,590
2018,42,Hawaii,5,1806
2018,42,Hawaii,6,4377
2018,42,Hawaii,7,149
2018,42,Hawaii,8,1752
2018,42,Hawaii,9,1963
2018,42,Oregon,1,36322
2018,42,Oregon,2,628
2018,42,Oregon,3,603
2018,42,Oregon,4,378
2018,42,Oregon,5,142
2018,42,Oregon,6,1239
2018,42,Oregon,7,961
2018,42,Oregon,8,1681
2018,42,Oregon,9,163
2018,42,Washington,1,59509
2018,42,Washington,2,2129
2018,42,Washington,3,1523
2018,42,Washington,4,1575
2018,42,Washington,5,395
2018,42,Washington,6,4517
2018,42,Washington,7,2374
2018,42,Washington,8,3588
2018,42,Washington,9,615
